ISO-10303-21;
HEADER;
FILE_DESCRIPTION (( 'STEP AP203' ),
    '1' );
FILE_NAME ('Lower Main Body Cutted.STEP',
    '2026-03-01T13:09:54',
    ( '' ),
    ( '' ),
    'SwSTEP 2.0',
    'SolidWorks 2025',
    '' );
FILE_SCHEMA (( 'CONFIG_CONTROL_DESIGN' ));
ENDSEC;

DATA;
#1 = EDGE_LOOP ( 'NONE', ( #428, #1356 ) ) ;
#2 = DIRECTION ( 'NONE',  ( -0.000000000000000000, -0.000000000000000000, -1.000000000000000000 ) ) ;
#3 = ORIENTED_EDGE ( 'NONE', *, *, #689, .F. ) ;
#4 = CARTESIAN_POINT ( 'NONE',  ( -4.750366215043524621E-16, 13.49999999999999112, 14.00000000000000000 ) ) ;
#5 = DESIGN_CONTEXT ( 'detailed design', #102, 'design' ) ;
#6 = EDGE_CURVE ( 'NONE', #504, #1177, #825, .T. ) ;
#7 = ORIENTED_EDGE ( 'NONE', *, *, #1251, .F. ) ;
#8 = AXIS2_PLACEMENT_3D ( 'NONE', #1030, #418, #539 ) ;
#9 = AXIS2_PLACEMENT_3D ( 'NONE', #778, #1537, #315 ) ;
#10 = EDGE_CURVE ( 'NONE', #1292, #1177, #601, .T. ) ;
#11 = CARTESIAN_POINT ( 'NONE',  ( 16.50000000000000000, 12.99999999999998401, 0.000000000000000000 ) ) ;
#12 = DIRECTION ( 'NONE',  ( 0.000000000000000000, -0.000000000000000000, 1.000000000000000000 ) ) ;
#13 = ORIENTED_EDGE ( 'NONE', *, *, #1055, .T. ) ;
#14 = DIRECTION ( 'NONE',  ( -0.000000000000000000, -0.000000000000000000, -1.000000000000000000 ) ) ;
#15 = VERTEX_POINT ( 'NONE', #1206 ) ;
#16 = CARTESIAN_POINT ( 'NONE',  ( -10.00000000000000000, 10.49999999999999112, 1.999999999999998224 ) ) ;
#17 = VERTEX_POINT ( 'NONE', #1199 ) ;
#18 = ORIENTED_EDGE ( 'NONE', *, *, #1085, .F. ) ;
#19 = CIRCLE ( 'NONE', #810, 1.099999999999996758 ) ;
#20 = CARTESIAN_POINT ( 'NONE',  ( 21.50000000000000000, 8.000000000000000000, 14.00000000000000000 ) ) ;
#21 = CYLINDRICAL_SURFACE ( 'NONE', #1529, 1.099999999999996758 ) ;
#22 = CC_DESIGN_APPROVAL ( #1477, ( #625 ) ) ;
#23 = CARTESIAN_POINT ( 'NONE',  ( 32.83856217223386409, 4.145304436214529973E-15, 7.000000000000000000 ) ) ;
#24 = ORIENTED_EDGE ( 'NONE', *, *, #339, .T. ) ;
#25 = ORIENTED_EDGE ( 'NONE', *, *, #1466, .F. ) ;
#26 = DIRECTION ( 'NONE',  ( 1.000000000000000000, 1.262328239121117212E-16, -0.000000000000000000 ) ) ;
#27 = APPROVAL_STATUS ( 'not_yet_approved' ) ;
#28 = CARTESIAN_POINT ( 'NONE',  ( 19.49999999999999645, 12.99999999999998579, 0.000000000000000000 ) ) ;
#29 = ORIENTED_EDGE ( 'NONE', *, *, #52, .F. ) ;
#30 = ORIENTED_EDGE ( 'NONE', *, *, #1444, .F. ) ;
#31 = CARTESIAN_POINT ( 'NONE',  ( 75.00000000000001421, 10.49999999999999467, 2.000000000000000000 ) ) ;
#32 = CIRCLE ( 'NONE', #1579, 1.999999999999998224 ) ;
#33 = CARTESIAN_POINT ( 'NONE',  ( 44.82287565553228603, 13.49999999999999289, 14.00000000000000000 ) ) ;
#34 = PERSON_AND_ORGANIZATION ( #1101, #1116 ) ;
#35 = AXIS2_PLACEMENT_3D ( 'NONE', #430, #906, #1172 ) ;
#36 = ADVANCED_FACE ( 'NONE', ( #1327 ), #454, .T. ) ;
#37 = LINE ( 'NONE', #542, #770 ) ;
#38 = ADVANCED_FACE ( 'NONE', ( #88 ), #1575, .T. ) ;
#39 = VECTOR ( 'NONE', #1381, 1000.000000000000000 ) ;
#40 = ORIENTED_EDGE ( 'NONE', *, *, #617, .F. ) ;
#41 = VECTOR ( 'NONE', #750, 1000.000000000000000 ) ;
#42 = EDGE_LOOP ( 'NONE', ( #198, #435, #1289, #616 ) ) ;
#43 = CARTESIAN_POINT ( 'NONE',  ( -3.694729278367185049E-16, 10.49999999999999112, 2.000000000000000444 ) ) ;
#44 = VERTEX_POINT ( 'NONE', #209 ) ;
#45 = DIRECTION ( 'NONE',  ( 1.000000000000000000, 1.262328239121117212E-16, -0.000000000000000000 ) ) ;
#46 =( NAMED_UNIT ( * ) SI_UNIT ( $, .STERADIAN. ) SOLID_ANGLE_UNIT ( ) );
#47 = EDGE_CURVE ( 'NONE', #318, #1197, #1538, .T. ) ;
#48 = PLANE ( 'NONE',  #116 ) ;
#49 = CIRCLE ( 'NONE', #1239, 3.000000000000002665 ) ;
#50 = VERTEX_POINT ( 'NONE', #840 ) ;
#51 = ORIENTED_EDGE ( 'NONE', *, *, #701, .T. ) ;
#52 = EDGE_CURVE ( 'NONE', #50, #716, #215, .T. ) ;
#53 = FACE_OUTER_BOUND ( 'NONE', #1047, .T. ) ;
#54 = EDGE_CURVE ( 'NONE', #717, #177, #1319, .T. ) ;
#55 = CIRCLE ( 'NONE', #720, 1.000000000000000888 ) ;
#56 = CARTESIAN_POINT ( 'NONE',  ( 31.73856217223386267, 13.49999999999999289, 7.000000000000000000 ) ) ;
#57 = MECHANICAL_CONTEXT ( 'NONE', #156, 'mechanical' ) ;
#58 = LINE ( 'NONE', #1406, #227 ) ;
#59 = LINE ( 'NONE', #78, #502 ) ;
#60 = ORIENTED_EDGE ( 'NONE', *, *, #1324, .F. ) ;
#61 = ORIENTED_EDGE ( 'NONE', *, *, #52, .T. ) ;
#62 = VERTEX_POINT ( 'NONE', #1213 ) ;
#63 = DIRECTION ( 'NONE',  ( -1.000000000000000000, 0.000000000000000000, 0.000000000000000000 ) ) ;
#64 = EDGE_CURVE ( 'NONE', #1060, #1433, #1093, .T. ) ;
#65 = EDGE_CURVE ( 'NONE', #1253, #764, #1090, .T. ) ;
#66 = DIRECTION ( 'NONE',  ( -3.518789788921131289E-17, 1.000000000000000000, 0.000000000000000000 ) ) ;
#67 =( NAMED_UNIT ( * ) PLANE_ANGLE_UNIT ( ) SI_UNIT ( $, .RADIAN. ) );
#68 = CARTESIAN_POINT ( 'NONE',  ( 65.00000000000001421, 8.205133554287264393E-15, 14.00000000000000000 ) ) ;
#69 = DIRECTION ( 'NONE',  ( -0.000000000000000000, -0.000000000000000000, -1.000000000000000000 ) ) ;
#70 = VECTOR ( 'NONE', #921, 1000.000000000000000 ) ;
#71 = ORIENTED_EDGE ( 'NONE', *, *, #1287, .F. ) ;
#72 = ORIENTED_EDGE ( 'NONE', *, *, #342, .T. ) ;
#73 = VERTEX_POINT ( 'NONE', #729 ) ;
#74 = DIRECTION ( 'NONE',  ( -0.000000000000000000, -0.000000000000000000, -1.000000000000000000 ) ) ;
#75 = DIRECTION ( 'NONE',  ( 1.000000000000000000, 3.518789788921131289E-17, 0.000000000000000000 ) ) ;
#76 = DATE_AND_TIME ( #423, #1224 ) ;
#77 = CARTESIAN_POINT ( 'NONE',  ( 32.83856217223386409, 4.000000000000004441, 7.000000000000000000 ) ) ;
#78 = CARTESIAN_POINT ( 'NONE',  ( -4.750366215043524621E-16, 13.49999999999999112, 0.000000000000000000 ) ) ;
#79 = ORIENTED_EDGE ( 'NONE', *, *, #1610, .F. ) ;
#80 = CIRCLE ( 'NONE', #283, 1.999999999999998224 ) ;
#81 = DIRECTION ( 'NONE',  ( -1.000000000000000000, 6.938893903907270779E-16, 0.000000000000000000 ) ) ;
#82 = CARTESIAN_POINT ( 'NONE',  ( 32.83856217223386409, 4.145304436214529973E-15, 7.000000000000000000 ) ) ;
#83 = DIRECTION ( 'NONE',  ( -1.000000000000000000, -0.000000000000000000, -2.168404344971008868E-16 ) ) ;
#84 = VECTOR ( 'NONE', #429, 1000.000000000000000 ) ;
#85 = VECTOR ( 'NONE', #1470, 1000.000000000000000 ) ;
#86 = CARTESIAN_POINT ( 'NONE',  ( 7.000000000000000888, 7.999999999999991118, 0.000000000000000000 ) ) ;
#87 = ORIENTED_EDGE ( 'NONE', *, *, #417, .F. ) ;
#88 = FACE_OUTER_BOUND ( 'NONE', #327, .T. ) ;
#89 = FACE_OUTER_BOUND ( 'NONE', #870, .T. ) ;
#90 = DIRECTION ( 'NONE',  ( -1.000000000000000000, 0.000000000000000000, 0.000000000000000000 ) ) ;
#91 = DIRECTION ( 'NONE',  ( 0.000000000000000000, 0.000000000000000000, -1.000000000000000000 ) ) ;
#92 = AXIS2_PLACEMENT_3D ( 'NONE', #1446, #967, #218 ) ;
#93 = DIRECTION ( 'NONE',  ( 0.000000000000000000, -0.000000000000000000, 1.000000000000000000 ) ) ;
#94 = AXIS2_PLACEMENT_3D ( 'NONE', #899, #1396, #274 ) ;
#95 = LINE ( 'NONE', #1079, #268 ) ;
#96 = AXIS2_PLACEMENT_3D ( 'NONE', #1504, #1363, #390 ) ;
#97 = CARTESIAN_POINT ( 'NONE',  ( 65.00000000000001421, 8.205133554287264393E-15, 14.00000000000000000 ) ) ;
#98 = AXIS2_PLACEMENT_3D ( 'NONE', #1517, #897, #1152 ) ;
#99 = DIRECTION ( 'NONE',  ( 0.000000000000000000, -0.000000000000000000, 1.000000000000000000 ) ) ;
#100 = LINE ( 'NONE', #4, #1322 ) ;
#101 = PLANE ( 'NONE',  #1323 ) ;
#102 = APPLICATION_CONTEXT ( 'configuration controlled 3d designs of mechanical parts and assemblies' ) ;
#103 = CARTESIAN_POINT ( 'NONE',  ( 65.00000000000001421, 10.49999999999999289, 12.00000000000000000 ) ) ;
#104 = ADVANCED_FACE ( 'NONE', ( #349, #1461 ), #841, .F. ) ;
#105 = DIRECTION ( 'NONE',  ( 1.000000000000000000, 0.000000000000000000, 0.000000000000000000 ) ) ;
#106 = ADVANCED_FACE ( 'NONE', ( #464 ), #1225, .F. ) ;
#107 = EDGE_LOOP ( 'NONE', ( #902, #1057 ) ) ;
#108 = EDGE_CURVE ( 'NONE', #1269, #660, #652, .T. ) ;
#109 = CARTESIAN_POINT ( 'NONE',  ( 59.32287565553229314, 13.49999999999999289, 14.00000000000000000 ) ) ;
#110 = DIRECTION ( 'NONE',  ( -1.000000000000000000, -3.518789788921131289E-17, 0.000000000000000000 ) ) ;
#111 = ORIENTED_EDGE ( 'NONE', *, *, #619, .T. ) ;
#112 = CARTESIAN_POINT ( 'NONE',  ( 19.49999999999999645, 12.99999999999998579, 14.00000000000000000 ) ) ;
#113 = EDGE_CURVE ( 'NONE', #859, #1424, #80, .T. ) ;
#114 = DIRECTION ( 'NONE',  ( 1.000000000000000000, 0.000000000000000000, 0.000000000000000000 ) ) ;
#115 = ORIENTED_EDGE ( 'NONE', *, *, #483, .T. ) ;
#116 = AXIS2_PLACEMENT_3D ( 'NONE', #558, #1528, #793 ) ;
#117 = CIRCLE ( 'NONE', #275, 1.000000000000000888 ) ;
#118 = LINE ( 'NONE', #1360, #1455 ) ;
#119 = ADVANCED_FACE ( 'NONE', ( #966 ), #486, .T. ) ;
#120 = DIRECTION ( 'NONE',  ( -1.000000000000000000, -3.518789788921131289E-17, 0.000000000000000000 ) ) ;
#121 = ORIENTED_EDGE ( 'NONE', *, *, #589, .F. ) ;
#122 = CARTESIAN_POINT ( 'NONE',  ( 30.93649167310371340, 13.49999999999999289, 14.00000000000000000 ) ) ;
#123 = FACE_OUTER_BOUND ( 'NONE', #1478, .T. ) ;
#124 = VECTOR ( 'NONE', #130, 1000.000000000000000 ) ;
#125 = CARTESIAN_POINT ( 'NONE',  ( 29.83856217223385698, 4.000000000000004441, 7.000000000000000000 ) ) ;
#126 = PLANE ( 'NONE',  #567 ) ;
#127 = VECTOR ( 'NONE', #1015, 1000.000000000000000 ) ;
#128 = AXIS2_PLACEMENT_3D ( 'NONE', #1310, #1194, #1561 ) ;
#129 = ORIENTED_EDGE ( 'NONE', *, *, #108, .F. ) ;
#130 = DIRECTION ( 'NONE',  ( -3.518789788921131289E-17, 1.000000000000000000, 0.000000000000000000 ) ) ;
#131 = ORIENTED_EDGE ( 'NONE', *, *, #1287, .T. ) ;
#132 = LINE ( 'NONE', #16, #1131 ) ;
#133 = VERTEX_POINT ( 'NONE', #217 ) ;
#134 = DIRECTION ( 'NONE',  ( 0.000000000000000000, 0.000000000000000000, 1.000000000000000000 ) ) ;
#135 = DIRECTION ( 'NONE',  ( 0.000000000000000000, 0.000000000000000000, 1.000000000000000000 ) ) ;
#136 = ORIENTED_EDGE ( 'NONE', *, *, #1321, .F. ) ;
#137 = CARTESIAN_POINT ( 'NONE',  ( 65.00000000000001421, 13.49999999999999289, 14.00000000000000000 ) ) ;
#138 = ORIENTED_EDGE ( 'NONE', *, *, #65, .T. ) ;
#139 = CARTESIAN_POINT ( 'NONE',  ( 16.50000000000000000, 12.99999999999998401, 14.00000000000000000 ) ) ;
#140 = ORIENTED_EDGE ( 'NONE', *, *, #646, .F. ) ;
#141 = AXIS2_PLACEMENT_3D ( 'NONE', #1123, #1361, #986 ) ;
#142 = ADVANCED_FACE ( 'NONE', ( #1200 ), #1219, .F. ) ;
#143 = CARTESIAN_POINT ( 'NONE',  ( 14.49999999999998934, 6.000000000000000000, 14.00000000000000000 ) ) ;
#144 = DIRECTION ( 'NONE',  ( -1.000000000000000000, 0.000000000000000000, 0.000000000000000000 ) ) ;
#145 = LINE ( 'NONE', #623, #248 ) ;
#146 = ORIENTED_EDGE ( 'NONE', *, *, #1051, .F. ) ;
#147 = EDGE_CURVE ( 'NONE', #633, #133, #49, .T. ) ;
#148 = ORIENTED_EDGE ( 'NONE', *, *, #1028, .F. ) ;
#149 = VECTOR ( 'NONE', #490, 1000.000000000000000 ) ;
#150 = ORIENTED_EDGE ( 'NONE', *, *, #1193, .F. ) ;
#151 = LINE ( 'NONE', #285, #1009 ) ;
#152 = APPROVAL_DATE_TIME ( #785, #1477 ) ;
#153 = CARTESIAN_POINT ( 'NONE',  ( -3.999999999999999112, 13.49999999999999112, 7.000000000000000888 ) ) ;
#154 = ORIENTED_EDGE ( 'NONE', *, *, #698, .F. ) ;
#155 = EDGE_LOOP ( 'NONE', ( #1282, #244, #1284, #523 ) ) ;
#156 = APPLICATION_CONTEXT ( 'configuration controlled 3d designs of mechanical parts and assemblies' ) ;
#157 = AXIS2_PLACEMENT_3D ( 'NONE', #1325, #944, #316 ) ;
#158 = DIRECTION ( 'NONE',  ( -1.000000000000000000, 0.000000000000000000, 0.000000000000000000 ) ) ;
#159 = EDGE_CURVE ( 'NONE', #177, #687, #1208, .T. ) ;
#160 = LINE ( 'NONE', #264, #127 ) ;
#161 = PERSON_AND_ORGANIZATION_ROLE ( 'design_supplier' ) ;
#162 = LINE ( 'NONE', #667, #593 ) ;
#163 = ADVANCED_FACE ( 'NONE', ( #89 ), #845, .T. ) ;
#164 = ORIENTED_EDGE ( 'NONE', *, *, #1601, .T. ) ;
#165 = VERTEX_POINT ( 'NONE', #590 ) ;
#166 = CYLINDRICAL_SURFACE ( 'NONE', #671, 1.099999999999996758 ) ;
#167 = EDGE_CURVE ( 'NONE', #1014, #318, #362, .T. ) ;
#168 = ORIENTED_EDGE ( 'NONE', *, *, #405, .F. ) ;
#169 = ORIENTED_EDGE ( 'NONE', *, *, #734, .T. ) ;
#170 = CARTESIAN_POINT ( 'NONE',  ( 65.00000000000001421, 8.205133554287264393E-15, 14.00000000000000000 ) ) ;
#171 = DATE_AND_TIME ( #682, #1484 ) ;
#172 = VECTOR ( 'NONE', #670, 1000.000000000000000 ) ;
#173 = LINE ( 'NONE', #1422, #174 ) ;
#174 = VECTOR ( 'NONE', #813, 1000.000000000000000 ) ;
#175 = CC_DESIGN_PERSON_AND_ORGANIZATION_ASSIGNMENT ( #1275, #161, ( #625 ) ) ;
#176 = ORIENTED_EDGE ( 'NONE', *, *, #711, .F. ) ;
#177 = VERTEX_POINT ( 'NONE', #103 ) ;
#178 = ORIENTED_EDGE ( 'NONE', *, *, #65, .F. ) ;
#179 = EDGE_CURVE ( 'NONE', #1521, #895, #223, .T. ) ;
#180 = DIRECTION ( 'NONE',  ( -3.518789788921131289E-17, 1.000000000000000000, 0.000000000000000000 ) ) ;
#181 = LINE ( 'NONE', #1181, #352 ) ;
#182 = COORDINATED_UNIVERSAL_TIME_OFFSET ( 5, 30, .AHEAD. ) ;
#183 = LINE ( 'NONE', #1268, #594 ) ;
#184 = AXIS2_PLACEMENT_3D ( 'NONE', #211, #1468, #1083 ) ;
#185 = ORIENTED_EDGE ( 'NONE', *, *, #6, .T. ) ;
#186 = EDGE_LOOP ( 'NONE', ( #1557, #169, #635, #382, #319, #1556, #981, #1158, #453, #1314, #1435, #1403, #563, #1261, #386, #669, #1081, #664, #328, #1566, #1442, #400, #1255, #571, #1189, #1247, #946, #1069 ) ) ;
#187 = ORIENTED_EDGE ( 'NONE', *, *, #910, .F. ) ;
#188 = ORIENTED_EDGE ( 'NONE', *, *, #306, .F. ) ;
#189 = EDGE_CURVE ( 'NONE', #254, #722, #1596, .T. ) ;
#190 = ADVANCED_FACE ( 'NONE', ( #1616 ), #641, .F. ) ;
#191 = ORIENTED_EDGE ( 'NONE', *, *, #894, .F. ) ;
#192 = LINE ( 'NONE', #202, #975 ) ;
#193 = AXIS2_PLACEMENT_3D ( 'NONE', #1080, #69, #1333 ) ;
#194 = CARTESIAN_POINT ( 'NONE',  ( 65.00000000000001421, 10.49999999999999289, 2.000000000000000000 ) ) ;
#195 = CALENDAR_DATE ( 2026, 1, 3 ) ;
#196 = CARTESIAN_POINT ( 'NONE',  ( -4.750366215043524621E-16, 13.49999999999999112, 14.00000000000000000 ) ) ;
#197 = CYLINDRICAL_SURFACE ( 'NONE', #1335, 2.000000000000001776 ) ;
#198 = ORIENTED_EDGE ( 'NONE', *, *, #1151, .F. ) ;
#199 = ORIENTED_EDGE ( 'NONE', *, *, #233, .T. ) ;
#200 = EDGE_LOOP ( 'NONE', ( #380, #579, #561, #959 ) ) ;
#201 = ORIENTED_EDGE ( 'NONE', *, *, #734, .F. ) ;
#202 = CARTESIAN_POINT ( 'NONE',  ( 21.50000000000001421, 6.000000000000000000, 0.000000000000000000 ) ) ;
#203 = DIRECTION ( 'NONE',  ( -1.000000000000000000, 0.000000000000000000, 0.000000000000000000 ) ) ;
#204 = CARTESIAN_POINT ( 'NONE',  ( 19.56350832689628660, 13.49999999999999112, 14.00000000000000000 ) ) ;
#205 = EDGE_CURVE ( 'NONE', #445, #687, #868, .T. ) ;
#206 = DIRECTION ( 'NONE',  ( -0.000000000000000000, -0.000000000000000000, -1.000000000000000000 ) ) ;
#207 = AXIS2_PLACEMENT_3D ( 'NONE', #1209, #228, #474 ) ;
#208 = ORIENTED_EDGE ( 'NONE', *, *, #446, .T. ) ;
#209 = CARTESIAN_POINT ( 'NONE',  ( 19.50000000000000000, 8.000000000000014211, 0.000000000000000000 ) ) ;
#210 = AXIS2_PLACEMENT_3D ( 'NONE', #1218, #1227, #849 ) ;
#211 = CARTESIAN_POINT ( 'NONE',  ( 36.00000000000000711, 15.00000000000000355, 14.00000000000000000 ) ) ;
#212 = CARTESIAN_POINT ( 'NONE',  ( 49.17712434446771397, 13.49999999999999289, 0.000000000000000000 ) ) ;
#213 = FACE_OUTER_BOUND ( 'NONE', #510, .T. ) ;
#214 = ORIENTED_EDGE ( 'NONE', *, *, #280, .T. ) ;
#215 = CIRCLE ( 'NONE', #184, 2.000000000000001776 ) ;
#216 = DIRECTION ( 'NONE',  ( 0.000000000000000000, -0.000000000000000000, 1.000000000000000000 ) ) ;
#217 = CARTESIAN_POINT ( 'NONE',  ( 29.83856217223385698, 4.000000000000004441, 7.000000000000000000 ) ) ;
#218 = DIRECTION ( 'NONE',  ( -1.000000000000000000, 0.000000000000000000, 0.000000000000000000 ) ) ;
#219 = LOCAL_TIME ( 18, 39, 54.00000000000000000, #777 ) ;
#220 = VECTOR ( 'NONE', #75, 1000.000000000000000 ) ;
#221 = FACE_OUTER_BOUND ( 'NONE', #685, .T. ) ;
#222 = ORIENTED_EDGE ( 'NONE', *, *, #1242, .T. ) ;
#223 = LINE ( 'NONE', #723, #367 ) ;
#224 = DIRECTION ( 'NONE',  ( -0.000000000000000000, -0.000000000000000000, -1.000000000000000000 ) ) ;
#225 = DIRECTION ( 'NONE',  ( 1.000000000000000000, 3.518789788921131289E-17, 0.000000000000000000 ) ) ;
#226 = CARTESIAN_POINT ( 'NONE',  ( 43.50000000000000711, 15.00000000000000355, 14.00000000000000000 ) ) ;
#227 = VECTOR ( 'NONE', #925, 1000.000000000000000 ) ;
#228 = DIRECTION ( 'NONE',  ( 0.000000000000000000, 0.000000000000000000, 1.000000000000000000 ) ) ;
#229 = LINE ( 'NONE', #1562, #863 ) ;
#230 = CARTESIAN_POINT ( 'NONE',  ( 49.17712434446771397, 13.49999999999999289, 14.00000000000000000 ) ) ;
#231 = CARTESIAN_POINT ( 'NONE',  ( 65.00000000000001421, 10.49999999999999289, 12.00000000000000000 ) ) ;
#232 = ADVANCED_FACE ( 'NONE', ( #239 ), #1606, .F. ) ;
#233 = EDGE_CURVE ( 'NONE', #1609, #1149, #1237, .T. ) ;
#234 = DIRECTION ( 'NONE',  ( 1.262328239121117212E-16, -1.000000000000000000, -0.000000000000000000 ) ) ;
#235 = PLANE ( 'NONE',  #493 ) ;
#236 = VECTOR ( 'NONE', #1578, 1000.000000000000000 ) ;
#237 = CARTESIAN_POINT ( 'NONE',  ( 5.000000000000000888, 12.99999999999997691, 14.00000000000000000 ) ) ;
#238 = ORIENTED_EDGE ( 'NONE', *, *, #910, .T. ) ;
#239 = FACE_OUTER_BOUND ( 'NONE', #1503, .T. ) ;
#240 = DIRECTION ( 'NONE',  ( 1.000000000000000000, 0.000000000000000000, 0.000000000000000000 ) ) ;
#241 = EDGE_LOOP ( 'NONE', ( #279, #672, #421, #416 ) ) ;
#242 = DIRECTION ( 'NONE',  ( -0.000000000000000000, -0.000000000000000000, -1.000000000000000000 ) ) ;
#243 = DIRECTION ( 'NONE',  ( 1.262328239121117212E-16, -1.000000000000000000, 0.000000000000000000 ) ) ;
#244 = ORIENTED_EDGE ( 'NONE', *, *, #619, .F. ) ;
#245 = LINE ( 'NONE', #891, #728 ) ;
#246 = VECTOR ( 'NONE', #1071, 1000.000000000000000 ) ;
#247 = DIRECTION ( 'NONE',  ( 1.262328239121117212E-16, -1.000000000000000000, -0.000000000000000000 ) ) ;
#248 = VECTOR ( 'NONE', #532, 1000.000000000000000 ) ;
#249 = PRODUCT_DEFINITION_SHAPE ( 'NONE', 'NONE',  #475 ) ;
#250 = DIRECTION ( 'NONE',  ( -1.000000000000000000, 0.000000000000000000, 0.000000000000000000 ) ) ;
#251 = CARTESIAN_POINT ( 'NONE',  ( -9.999999999999998224, 10.49999999999999112, 12.00000000000000533 ) ) ;
#252 = EDGE_CURVE ( 'NONE', #1316, #44, #1479, .T. ) ;
#253 = DIRECTION ( 'NONE',  ( -1.000000000000000000, 0.000000000000000000, 0.000000000000000000 ) ) ;
#254 = VERTEX_POINT ( 'NONE', #1125 ) ;
#255 = FACE_OUTER_BOUND ( 'NONE', #1445, .T. ) ;
#256 = VERTEX_POINT ( 'NONE', #861 ) ;
#257 = CARTESIAN_POINT ( 'NONE',  ( 21.50000000000001421, 6.000000000000000000, 14.00000000000000000 ) ) ;
#258 = CARTESIAN_POINT ( 'NONE',  ( 19.56350832689628660, 13.49999999999999112, 0.000000000000000000 ) ) ;
#259 = AXIS2_PLACEMENT_3D ( 'NONE', #586, #694, #965 ) ;
#260 = CARTESIAN_POINT ( 'NONE',  ( 5.063508326896292822, 13.49999999999999112, 0.000000000000000000 ) ) ;
#261 = ORIENTED_EDGE ( 'NONE', *, *, #817, .T. ) ;
#262 = CARTESIAN_POINT ( 'NONE',  ( 50.50000000000001421, 13.00000000000000178, 0.000000000000000000 ) ) ;
#263 = VERTEX_POINT ( 'NONE', #1133 ) ;
#264 = CARTESIAN_POINT ( 'NONE',  ( -10.00000000000000000, 13.49999999999999112, 1.999999999999998224 ) ) ;
#265 = FACE_OUTER_BOUND ( 'NONE', #1004, .T. ) ;
#266 = DIRECTION ( 'NONE',  ( -1.000000000000000000, 0.000000000000000000, 0.000000000000000000 ) ) ;
#267 = EDGE_LOOP ( 'NONE', ( #1460, #408, #1245, #779 ) ) ;
#268 = VECTOR ( 'NONE', #591, 1000.000000000000000 ) ;
#269 = ORIENTED_EDGE ( 'NONE', *, *, #360, .T. ) ;
#270 = ORIENTED_EDGE ( 'NONE', *, *, #1055, .F. ) ;
#271 = VECTOR ( 'NONE', #1173, 1000.000000000000000 ) ;
#272 = LINE ( 'NONE', #412, #467 ) ;
#273 = APPROVAL_ROLE ( '' ) ;
#274 = DIRECTION ( 'NONE',  ( -1.000000000000000000, 0.000000000000000000, 0.000000000000000000 ) ) ;
#275 = AXIS2_PLACEMENT_3D ( 'NONE', #501, #1476, #365 ) ;
#276 = EDGE_LOOP ( 'NONE', ( #201, #1313, #826, #1230, #389, #1143, #1012, #991 ) ) ;
#277 = EDGE_CURVE ( 'NONE', #1075, #73, #1068, .T. ) ;
#278 = AXIS2_PLACEMENT_3D ( 'NONE', #1007, #1546, #665 ) ;
#279 = ORIENTED_EDGE ( 'NONE', *, *, #1586, .F. ) ;
#280 = EDGE_CURVE ( 'NONE', #1197, #637, #1011, .T. ) ;
#281 = DIRECTION ( 'NONE',  ( 0.000000000000000000, 0.000000000000000000, -1.000000000000000000 ) ) ;
#282 = EDGE_LOOP ( 'NONE', ( #79, #1278, #214, #1134 ) ) ;
#283 = AXIS2_PLACEMENT_3D ( 'NONE', #828, #1336, #955 ) ;
#284 = ORIENTED_EDGE ( 'NONE', *, *, #740, .T. ) ;
#285 = CARTESIAN_POINT ( 'NONE',  ( 69.00000000000000000, 10.49999999999999289, 7.000000000000000000 ) ) ;
#286 = COORDINATED_UNIVERSAL_TIME_OFFSET ( 5, 30, .AHEAD. ) ;
#287 = CARTESIAN_POINT ( 'NONE',  ( 75.00000000000001421, 10.49999999999999467, 12.00000000000000000 ) ) ;
#288 = EDGE_CURVE ( 'NONE', #796, #297, #988, .T. ) ;
#289 = ORIENTED_EDGE ( 'NONE', *, *, #698, .T. ) ;
#290 = VERTEX_POINT ( 'NONE', #112 ) ;
#291 = FACE_OUTER_BOUND ( 'NONE', #1580, .T. ) ;
#292 = ORIENTED_EDGE ( 'NONE', *, *, #361, .F. ) ;
#293 = ADVANCED_FACE ( 'NONE', ( #1512 ), #499, .F. ) ;
#294 = DIRECTION ( 'NONE',  ( 1.000000000000000000, 3.518789788921131289E-17, 0.000000000000000000 ) ) ;
#295 = DIRECTION ( 'NONE',  ( 1.000000000000000000, 0.000000000000000000, 0.000000000000000000 ) ) ;
#296 = LINE ( 'NONE', #196, #1499 ) ;
#297 = VERTEX_POINT ( 'NONE', #613 ) ;
#298 = ORIENTED_EDGE ( 'NONE', *, *, #1221, .F. ) ;
#299 = EDGE_LOOP ( 'NONE', ( #1568, #696, #1265, #1243, #1198, #1018, #661, #908 ) ) ;
#300 = PLANE ( 'NONE',  #489 ) ;
#301 = VERTEX_POINT ( 'NONE', #397 ) ;
#302 = CARTESIAN_POINT ( 'NONE',  ( 36.00000000000002132, 13.00000000000000355, 14.00000000000000000 ) ) ;
#303 = DIRECTION ( 'NONE',  ( -1.262328239121117212E-16, 1.000000000000000000, -0.000000000000000000 ) ) ;
#304 = CARTESIAN_POINT ( 'NONE',  ( 50.50000000000001421, 13.00000000000000178, 14.00000000000000000 ) ) ;
#305 = AXIS2_PLACEMENT_3D ( 'NONE', #1598, #494, #1195 ) ;
#306 = EDGE_CURVE ( 'NONE', #622, #1141, #1168, .T. ) ;
#307 = ORIENTED_EDGE ( 'NONE', *, *, #761, .F. ) ;
#308 = VECTOR ( 'NONE', #725, 1000.000000000000000 ) ;
#309 = ORIENTED_EDGE ( 'NONE', *, *, #452, .F. ) ;
#310 = EDGE_LOOP ( 'NONE', ( #307, #136, #1032, #199 ) ) ;
#311 = EDGE_CURVE ( 'NONE', #1390, #684, #884, .T. ) ;
#312 = CARTESIAN_POINT ( 'NONE',  ( 70.00000000000000000, 10.49999999999999289, 7.000000000000000000 ) ) ;
#313 = DIRECTION ( 'NONE',  ( -3.518789788921131289E-17, 1.000000000000000000, 0.000000000000000000 ) ) ;
#314 = CARTESIAN_POINT ( 'NONE',  ( 32.83856217223386409, 4.000000000000004441, 7.000000000000000000 ) ) ;
#315 = DIRECTION ( 'NONE',  ( -1.000000000000000000, 0.000000000000000000, 0.000000000000000000 ) ) ;
#316 = DIRECTION ( 'NONE',  ( -1.000000000000000000, -3.518789788921131289E-17, 0.000000000000000000 ) ) ;
#317 = EDGE_LOOP ( 'NONE', ( #25, #1540, #640, #926 ) ) ;
#318 = VERTEX_POINT ( 'NONE', #1372 ) ;
#319 = ORIENTED_EDGE ( 'NONE', *, *, #761, .T. ) ;
#320 = VERTEX_POINT ( 'NONE', #260 ) ;
#321 = AXIS2_PLACEMENT_3D ( 'NONE', #905, #134, #1404 ) ;
#322 = CARTESIAN_POINT ( 'NONE',  ( 0.000000000000000000, 13.49999999999999112, 2.000000000000000000 ) ) ;
#323 = EDGE_CURVE ( 'NONE', #1494, #1292, #245, .T. ) ;
#324 = CARTESIAN_POINT ( 'NONE',  ( 50.50000000000001421, 13.00000000000000178, 14.00000000000000000 ) ) ;
#325 = DIRECTION ( 'NONE',  ( -3.518789788921131289E-17, 1.000000000000000000, -0.000000000000000000 ) ) ;
#326 = CARTESIAN_POINT ( 'NONE',  ( 16.50000000000000000, 12.99999999999998401, 14.00000000000000000 ) ) ;
#327 = EDGE_LOOP ( 'NONE', ( #456, #552, #1549, #1305 ) ) ;
#328 = ORIENTED_EDGE ( 'NONE', *, *, #1184, .T. ) ;
#329 = MANIFOLD_SOLID_BREP ( 'Cut-Extrude2', #1139 ) ;
#330 = CARTESIAN_POINT ( 'NONE',  ( 31.00000000000000355, 12.99999999999998401, 14.00000000000000000 ) ) ;
#331 = DIRECTION ( 'NONE',  ( -1.000000000000000000, 0.000000000000000000, 0.000000000000000000 ) ) ;
#332 = LINE ( 'NONE', #350, #1582 ) ;
#333 = VECTOR ( 'NONE', #1526, 1000.000000000000000 ) ;
#334 = FACE_OUTER_BOUND ( 'NONE', #267, .T. ) ;
#335 = VECTOR ( 'NONE', #83, 1000.000000000000000 ) ;
#336 = ORIENTED_EDGE ( 'NONE', *, *, #1144, .F. ) ;
#337 = VERTEX_POINT ( 'NONE', #122 ) ;
#338 = AXIS2_PLACEMENT_3D ( 'NONE', #1514, #514, #1006 ) ;
#339 = EDGE_CURVE ( 'NONE', #320, #318, #1259, .T. ) ;
#340 = DIRECTION ( 'NONE',  ( 1.000000000000000000, 0.000000000000000000, 0.000000000000000000 ) ) ;
#341 = CARTESIAN_POINT ( 'NONE',  ( 0.000000000000000000, 0.000000000000000000, 14.00000000000000000 ) ) ;
#342 = EDGE_CURVE ( 'NONE', #1148, #1306, #145, .T. ) ;
#343 = SHAPE_DEFINITION_REPRESENTATION ( #249, #1338 ) ;
#344 = CARTESIAN_POINT ( 'NONE',  ( 58.00000000000000000, 15.00000000000000178, 14.00000000000000000 ) ) ;
#345 = ORIENTED_EDGE ( 'NONE', *, *, #492, .F. ) ;
#346 = AXIS2_PLACEMENT_3D ( 'NONE', #1078, #1588, #93 ) ;
#347 = CARTESIAN_POINT ( 'NONE',  ( 59.32287565553229314, 13.49999999999999289, 14.00000000000000000 ) ) ;
#348 = EDGE_CURVE ( 'NONE', #695, #686, #472, .T. ) ;
#349 = FACE_BOUND ( 'NONE', #471, .T. ) ;
#350 = CARTESIAN_POINT ( 'NONE',  ( 31.00000000000000000, 8.000000000000001776, 14.00000000000000000 ) ) ;
#351 = VECTOR ( 'NONE', #294, 1000.000000000000000 ) ;
#352 = VECTOR ( 'NONE', #691, 1000.000000000000000 ) ;
#353 = CC_DESIGN_PERSON_AND_ORGANIZATION_ASSIGNMENT ( #656, #535, ( #625 ) ) ;
#354 = DIRECTION ( 'NONE',  ( -3.518789788921131289E-17, 1.000000000000000000, 0.000000000000000000 ) ) ;
#355 = DIRECTION ( 'NONE',  ( -0.000000000000000000, -0.000000000000000000, -1.000000000000000000 ) ) ;
#356 = CARTESIAN_POINT ( 'NONE',  ( -10.00000000000000000, 13.49999999999999112, 1.999999999999998224 ) ) ;
#357 = DIRECTION ( 'NONE',  ( 0.000000000000000000, 0.000000000000000000, 1.000000000000000000 ) ) ;
#358 = CALENDAR_DATE ( 2026, 1, 3 ) ;
#359 = DIRECTION ( 'NONE',  ( -0.000000000000000000, 1.000000000000000000, -0.000000000000000000 ) ) ;
#360 = EDGE_CURVE ( 'NONE', #1433, #1060, #1369, .T. ) ;
#361 = EDGE_CURVE ( 'NONE', #1449, #1521, #754, .T. ) ;
#362 = LINE ( 'NONE', #473, #984 ) ;
#363 = AXIS2_PLACEMENT_3D ( 'NONE', #1236, #1241, #110 ) ;
#364 = CARTESIAN_POINT ( 'NONE',  ( 75.00000000000001421, 10.49999999999999467, 12.00000000000000000 ) ) ;
#365 = DIRECTION ( 'NONE',  ( -1.000000000000000000, 0.000000000000000000, 0.000000000000000000 ) ) ;
#366 = FACE_BOUND ( 'NONE', #107, .T. ) ;
#367 = VECTOR ( 'NONE', #1102, 1000.000000000000000 ) ;
#368 = ORIENTED_EDGE ( 'NONE', *, *, #1212, .T. ) ;
#369 = CARTESIAN_POINT ( 'NONE',  ( 19.49999999999999645, 12.99999999999998579, 0.000000000000000000 ) ) ;
#370 = CARTESIAN_POINT ( 'NONE',  ( -4.750366215043524621E-16, 13.49999999999999112, 0.000000000000000000 ) ) ;
#371 = ORIENTED_EDGE ( 'NONE', *, *, #466, .F. ) ;
#372 = EDGE_CURVE ( 'NONE', #17, #1148, #1502, .T. ) ;
#373 = FACE_BOUND ( 'NONE', #1, .T. ) ;
#374 = AXIS2_PLACEMENT_3D ( 'NONE', #1439, #313, #811 ) ;
#375 = FACE_OUTER_BOUND ( 'NONE', #299, .T. ) ;
#376 = CARTESIAN_POINT ( 'NONE',  ( 29.00000000000000000, 13.00000000000000000, 14.00000000000000000 ) ) ;
#377 = CARTESIAN_POINT ( 'NONE',  ( 50.50000000000000000, 15.00000000000000178, 14.00000000000000000 ) ) ;
#378 = CARTESIAN_POINT ( 'NONE',  ( 43.50000000000000711, 15.00000000000000355, 0.000000000000000000 ) ) ;
#379 = CARTESIAN_POINT ( 'NONE',  ( -2.257197576947966694E-15, 13.49999999999999112, 0.000000000000000000 ) ) ;
#380 = ORIENTED_EDGE ( 'NONE', *, *, #573, .F. ) ;
#381 = DIRECTION ( 'NONE',  ( 6.938893903907267821E-16, -1.000000000000000000, 0.000000000000000000 ) ) ;
#382 = ORIENTED_EDGE ( 'NONE', *, *, #1610, .T. ) ;
#383 = VECTOR ( 'NONE', #1276, 1000.000000000000000 ) ;
#384 = FACE_OUTER_BOUND ( 'NONE', #415, .T. ) ;
#385 = VECTOR ( 'NONE', #993, 1000.000000000000000 ) ;
#386 = ORIENTED_EDGE ( 'NONE', *, *, #113, .T. ) ;
#387 = DIRECTION ( 'NONE',  ( -0.000000000000000000, 1.000000000000000000, -0.000000000000000000 ) ) ;
#388 = DIRECTION ( 'NONE',  ( 1.000000000000000000, 0.000000000000000000, 0.000000000000000000 ) ) ;
#389 = ORIENTED_EDGE ( 'NONE', *, *, #1389, .T. ) ;
#390 = DIRECTION ( 'NONE',  ( 1.000000000000000000, 0.000000000000000000, 0.000000000000000000 ) ) ;
#391 = EDGE_LOOP ( 'NONE', ( #1187, #1111 ) ) ;
#392 = DIRECTION ( 'NONE',  ( -0.000000000000000000, -0.000000000000000000, -1.000000000000000000 ) ) ;
#393 = AXIS2_PLACEMENT_3D ( 'NONE', #588, #1315, #216 ) ;
#394 = CARTESIAN_POINT ( 'NONE',  ( -6.000000000000000888, 10.49999999999999112, 7.000000000000000888 ) ) ;
#395 = CARTESIAN_POINT ( 'NONE',  ( 16.50000000000000000, 8.000000000000000000, 14.00000000000000000 ) ) ;
#396 = AXIS2_PLACEMENT_3D ( 'NONE', #1238, #1594, #450 ) ;
#397 = CARTESIAN_POINT ( 'NONE',  ( 75.00000000000001421, 10.49999999999999467, 12.00000000000000000 ) ) ;
#398 = VERTEX_POINT ( 'NONE', #977 ) ;
#399 = CARTESIAN_POINT ( 'NONE',  ( 7.000000000000016875, 5.999999999999992006, 14.00000000000000000 ) ) ;
#400 = ORIENTED_EDGE ( 'NONE', *, *, #1210, .T. ) ;
#401 = ORIENTED_EDGE ( 'NONE', *, *, #976, .F. ) ;
#402 = FACE_OUTER_BOUND ( 'NONE', #241, .T. ) ;
#403 = DATE_TIME_ROLE ( 'creation_date' ) ;
#404 = CARTESIAN_POINT ( 'NONE',  ( 57.99999999999998579, 13.00000000000000178, 0.000000000000000000 ) ) ;
#405 = EDGE_CURVE ( 'NONE', #1398, #1550, #872, .T. ) ;
#406 = EDGE_CURVE ( 'NONE', #133, #1060, #508, .T. ) ;
#407 = ORIENTED_EDGE ( 'NONE', *, *, #1415, .F. ) ;
#408 = ORIENTED_EDGE ( 'NONE', *, *, #1318, .F. ) ;
#409 = DIRECTION ( 'NONE',  ( -3.518789788921131289E-17, 1.000000000000000000, 0.000000000000000000 ) ) ;
#410 = AXIS2_PLACEMENT_3D ( 'NONE', #690, #180, #63 ) ;
#411 = AXIS2_PLACEMENT_3D ( 'NONE', #1291, #566, #424 ) ;
#412 = CARTESIAN_POINT ( 'NONE',  ( 65.00000000000001421, 13.49999999999999289, 14.00000000000000000 ) ) ;
#413 = EDGE_CURVE ( 'NONE', #707, #695, #600, .T. ) ;
#414 = FACE_OUTER_BOUND ( 'NONE', #282, .T. ) ;
#415 = EDGE_LOOP ( 'NONE', ( #537, #960, #952, #1293 ) ) ;
#416 = ORIENTED_EDGE ( 'NONE', *, *, #1204, .T. ) ;
#417 = EDGE_CURVE ( 'NONE', #622, #165, #1483, .T. ) ;
#418 = DIRECTION ( 'NONE',  ( -0.000000000000000000, -0.000000000000000000, -1.000000000000000000 ) ) ;
#419 = ORIENTED_EDGE ( 'NONE', *, *, #277, .F. ) ;
#420 = AXIS2_PLACEMENT_3D ( 'NONE', #1117, #14, #266 ) ;
#421 = ORIENTED_EDGE ( 'NONE', *, *, #288, .T. ) ;
#422 = CARTESIAN_POINT ( 'NONE',  ( 65.00000000000001421, 13.49999999999999289, 12.00000000000000000 ) ) ;
#423 = CALENDAR_DATE ( 2026, 1, 3 ) ;
#424 = DIRECTION ( 'NONE',  ( 1.000000000000000000, 0.000000000000000000, 0.000000000000000000 ) ) ;
#425 = ORIENTED_EDGE ( 'NONE', *, *, #483, .F. ) ;
#426 = ORIENTED_EDGE ( 'NONE', *, *, #516, .T. ) ;
#427 = CYLINDRICAL_SURFACE ( 'NONE', #513, 2.000000000000001776 ) ;
#428 = ORIENTED_EDGE ( 'NONE', *, *, #360, .F. ) ;
#429 = DIRECTION ( 'NONE',  ( -3.518789788921131289E-17, 1.000000000000000000, 0.000000000000000000 ) ) ;
#430 = CARTESIAN_POINT ( 'NONE',  ( 0.000000000000000000, 0.000000000000000000, 0.000000000000000000 ) ) ;
#431 = FACE_OUTER_BOUND ( 'NONE', #654, .T. ) ;
#432 = EDGE_CURVE ( 'NONE', #1516, #1437, #118, .T. ) ;
#433 = ORIENTED_EDGE ( 'NONE', *, *, #528, .T. ) ;
#434 = ORIENTED_EDGE ( 'NONE', *, *, #159, .T. ) ;
#435 = ORIENTED_EDGE ( 'NONE', *, *, #406, .T. ) ;
#436 = LINE ( 'NONE', #1419, #70 ) ;
#437 = PLANE ( 'NONE',  #128 ) ;
#438 =( LENGTH_UNIT ( ) NAMED_UNIT ( * ) SI_UNIT ( .MILLI., .METRE. ) );
#439 = DIRECTION ( 'NONE',  ( 6.938893903907267821E-16, -1.000000000000000000, 0.000000000000000000 ) ) ;
#440 = VECTOR ( 'NONE', #12, 1000.000000000000000 ) ;
#441 = CARTESIAN_POINT ( 'NONE',  ( -4.750366215043524621E-16, 13.49999999999999112, 14.00000000000000000 ) ) ;
#442 = ORIENTED_EDGE ( 'NONE', *, *, #576, .T. ) ;
#443 = EDGE_LOOP ( 'NONE', ( #1161, #1033 ) ) ;
#444 = ORIENTED_EDGE ( 'NONE', *, *, #432, .F. ) ;
#445 = VERTEX_POINT ( 'NONE', #1590 ) ;
#446 = EDGE_CURVE ( 'NONE', #764, #1380, #972, .T. ) ;
#447 = CARTESIAN_POINT ( 'NONE',  ( 21.50000000000001421, 6.000000000000000888, 0.000000000000000000 ) ) ;
#448 = LINE ( 'NONE', #324, #628 ) ;
#449 = AXIS2_PLACEMENT_3D ( 'NONE', #1082, #710, #1581 ) ;
#450 = DIRECTION ( 'NONE',  ( 1.000000000000000000, 0.000000000000000000, 0.000000000000000000 ) ) ;
#451 = LINE ( 'NONE', #837, #843 ) ;
#452 = EDGE_CURVE ( 'NONE', #663, #15, #904, .T. ) ;
#453 = ORIENTED_EDGE ( 'NONE', *, *, #348, .T. ) ;
#454 = PLANE ( 'NONE',  #621 ) ;
#455 = SECURITY_CLASSIFICATION ( '', '', #666 ) ;
#456 = ORIENTED_EDGE ( 'NONE', *, *, #1040, .F. ) ;
#457 = LINE ( 'NONE', #835, #246 ) ;
#458 = CIRCLE ( 'NONE', #1355, 2.000000000000001776 ) ;
#459 = CYLINDRICAL_SURFACE ( 'NONE', #554, 3.000000000000002665 ) ;
#460 = DIRECTION ( 'NONE',  ( -1.000000000000000000, 0.000000000000000000, 0.000000000000000000 ) ) ;
#461 = ORIENTED_EDGE ( 'NONE', *, *, #987, .F. ) ;
#462 = EDGE_CURVE ( 'NONE', #1482, #1306, #1602, .T. ) ;
#463 = ORIENTED_EDGE ( 'NONE', *, *, #1341, .F. ) ;
#464 = FACE_OUTER_BOUND ( 'NONE', #533, .T. ) ;
#465 = CARTESIAN_POINT ( 'NONE',  ( 31.00000000000000000, 8.000000000000001776, 0.000000000000000000 ) ) ;
#466 = EDGE_CURVE ( 'NONE', #1408, #824, #1456, .T. ) ;
#467 = VECTOR ( 'NONE', #534, 1000.000000000000000 ) ;
#468 = DIRECTION ( 'NONE',  ( 1.734723475976805862E-16, 0.000000000000000000, 1.000000000000000000 ) ) ;
#469 = EDGE_CURVE ( 'NONE', #1408, #1038, #1347, .T. ) ;
#470 = ORIENTED_EDGE ( 'NONE', *, *, #47, .T. ) ;
#471 = EDGE_LOOP ( 'NONE', ( #653, #164 ) ) ;
#472 = CIRCLE ( 'NONE', #595, 2.000000000000000000 ) ;
#473 = CARTESIAN_POINT ( 'NONE',  ( -4.750366215043524621E-16, 13.49999999999999112, 14.00000000000000000 ) ) ;
#474 = DIRECTION ( 'NONE',  ( 1.000000000000000000, 0.000000000000000000, 0.000000000000000000 ) ) ;
#475 = PRODUCT_DEFINITION ( 'UNKNOWN', '', #625, #5 ) ;
#476 = APPROVAL_STATUS ( 'not_yet_approved' ) ;
#477 = CYLINDRICAL_SURFACE ( 'NONE', #1303, 1.000000000000000888 ) ;
#478 = AXIS2_PLACEMENT_3D ( 'NONE', #376, #2, #1003 ) ;
#479 = DIRECTION ( 'NONE',  ( 0.000000000000000000, 0.000000000000000000, 1.000000000000000000 ) ) ;
#480 = CARTESIAN_POINT ( 'NONE',  ( 0.000000000000000000, 0.000000000000000000, 14.00000000000000000 ) ) ;
#481 = ADVANCED_FACE ( 'NONE', ( #373, #737 ), #235, .F. ) ;
#482 = AXIS2_PLACEMENT_3D ( 'NONE', #1211, #91, #1458 ) ;
#483 = EDGE_CURVE ( 'NONE', #1075, #1516, #1223, .T. ) ;
#484 = DIRECTION ( 'NONE',  ( -3.518789788921131289E-17, 1.000000000000000000, 0.000000000000000000 ) ) ;
#485 = ADVANCED_FACE ( 'NONE', ( #743 ), #101, .T. ) ;
#486 = PLANE ( 'NONE',  #854 ) ;
#487 = FACE_OUTER_BOUND ( 'NONE', #42, .T. ) ;
#488 = DIRECTION ( 'NONE',  ( 1.000000000000000000, 1.040834085586088201E-15, 0.000000000000000000 ) ) ;
#489 = AXIS2_PLACEMENT_3D ( 'NONE', #1020, #941, #1309 ) ;
#490 = DIRECTION ( 'NONE',  ( -3.518789788921131289E-17, 1.000000000000000000, -0.000000000000000000 ) ) ;
#491 = CIRCLE ( 'NONE', #614, 1.999999999999998224 ) ;
#492 = EDGE_CURVE ( 'NONE', #1609, #622, #1490, .T. ) ;
#493 = AXIS2_PLACEMENT_3D ( 'NONE', #97, #1618, #998 ) ;
#494 = DIRECTION ( 'NONE',  ( -3.518789788921131289E-17, 1.000000000000000000, 0.000000000000000000 ) ) ;
#495 = DIRECTION ( 'NONE',  ( -3.518789788921131289E-17, 1.000000000000000000, 0.000000000000000000 ) ) ;
#496 = CARTESIAN_POINT ( 'NONE',  ( 59.32287565553229314, 13.49999999999999467, 0.000000000000000000 ) ) ;
#497 = AXIS2_PLACEMENT_3D ( 'NONE', #1576, #1329, #1452 ) ;
#498 = ORIENTED_EDGE ( 'NONE', *, *, #306, .T. ) ;
#499 = CYLINDRICAL_SURFACE ( 'NONE', #478, 2.000000000000001776 ) ;
#500 = CARTESIAN_POINT ( 'NONE',  ( 75.00000000000001421, 13.49999999999999467, 2.000000000000000000 ) ) ;
#501 = CARTESIAN_POINT ( 'NONE',  ( -5.000000000000000000, 13.49999999999999112, 7.000000000000000888 ) ) ;
#502 = VECTOR ( 'NONE', #225, 1000.000000000000000 ) ;
#503 = CARTESIAN_POINT ( 'NONE',  ( 7.000000000000016875, 5.999999999999991118, 0.000000000000000000 ) ) ;
#504 = VERTEX_POINT ( 'NONE', #109 ) ;
#505 = DIRECTION ( 'NONE',  ( 1.262328239121117212E-16, -1.000000000000000000, 0.000000000000000000 ) ) ;
#506 = ORIENTED_EDGE ( 'NONE', *, *, #714, .T. ) ;
#507 = CYLINDRICAL_SURFACE ( 'NONE', #773, 2.000000000000001776 ) ;
#508 = LINE ( 'NONE', #125, #308 ) ;
#509 = CARTESIAN_POINT ( 'NONE',  ( 31.00000000000000355, 12.99999999999998401, 0.000000000000000000 ) ) ;
#510 = EDGE_LOOP ( 'NONE', ( #804, #298, #795, #912 ) ) ;
#511 = DIRECTION ( 'NONE',  ( 1.734723475976816955E-16, -1.000000000000000000, 0.000000000000000000 ) ) ;
#512 = ORIENTED_EDGE ( 'NONE', *, *, #547, .T. ) ;
#513 = AXIS2_PLACEMENT_3D ( 'NONE', #1551, #74, #158 ) ;
#514 = DIRECTION ( 'NONE',  ( -3.518789788921131289E-17, 1.000000000000000000, 0.000000000000000000 ) ) ;
#515 = VECTOR ( 'NONE', #520, 1000.000000000000000 ) ;
#516 = EDGE_CURVE ( 'NONE', #1306, #1482, #117, .T. ) ;
#517 = EDGE_LOOP ( 'NONE', ( #1002, #24, #470, #954 ) ) ;
#518 = VECTOR ( 'NONE', #387, 1000.000000000000000 ) ;
#519 = DIRECTION ( 'NONE',  ( -0.000000000000000000, 1.000000000000000000, -0.000000000000000000 ) ) ;
#520 = DIRECTION ( 'NONE',  ( 1.734723475976805862E-16, 0.000000000000000000, 1.000000000000000000 ) ) ;
#521 = ORIENTED_EDGE ( 'NONE', *, *, #1260, .T. ) ;
#522 = CARTESIAN_POINT ( 'NONE',  ( 1.365250548140088589E-15, 10.49999999999999112, 12.00000000000000000 ) ) ;
#523 = ORIENTED_EDGE ( 'NONE', *, *, #1010, .T. ) ;
#524 = DIRECTION ( 'NONE',  ( 1.000000000000000000, 0.000000000000000000, 0.000000000000000000 ) ) ;
#525 = ORIENTED_EDGE ( 'NONE', *, *, #964, .F. ) ;
#526 = ORIENTED_EDGE ( 'NONE', *, *, #1263, .T. ) ;
#527 = PLANE ( 'NONE',  #98 ) ;
#528 = EDGE_CURVE ( 'NONE', #337, #995, #1240, .T. ) ;
#529 = CC_DESIGN_APPROVAL ( #922, ( #455 ) ) ;
#530 = CARTESIAN_POINT ( 'NONE',  ( 19.50000000000000000, 8.000000000000014211, 14.00000000000000000 ) ) ;
#531 = ADVANCED_FACE ( 'NONE', ( #609 ), #1353, .F. ) ;
#532 = DIRECTION ( 'NONE',  ( -3.518789788921131289E-17, 1.000000000000000000, 0.000000000000000000 ) ) ;
#533 = EDGE_LOOP ( 'NONE', ( #678, #7, #1530, #506 ) ) ;
#534 = DIRECTION ( 'NONE',  ( 0.000000000000000000, 0.000000000000000000, -1.000000000000000000 ) ) ;
#535 = PERSON_AND_ORGANIZATION_ROLE ( 'creator' ) ;
#536 = DIRECTION ( 'NONE',  ( 1.000000000000000000, 3.518789788921131289E-17, 0.000000000000000000 ) ) ;
#537 = ORIENTED_EDGE ( 'NONE', *, *, #606, .F. ) ;
#538 = ORIENTED_EDGE ( 'NONE', *, *, #108, .T. ) ;
#539 = DIRECTION ( 'NONE',  ( -1.000000000000000000, 0.000000000000000000, 0.000000000000000000 ) ) ;
#540 = ORIENTED_EDGE ( 'NONE', *, *, #1022, .F. ) ;
#541 = CARTESIAN_POINT ( 'NONE',  ( 0.000000000000000000, 0.000000000000000000, 0.000000000000000000 ) ) ;
#542 = CARTESIAN_POINT ( 'NONE',  ( 75.00000000000001421, 13.49999999999999467, 2.000000000000000000 ) ) ;
#543 = AXIS2_PLACEMENT_3D ( 'NONE', #378, #1500, #618 ) ;
#544 = ORIENTED_EDGE ( 'NONE', *, *, #744, .F. ) ;
#545 = ORIENTED_EDGE ( 'NONE', *, *, #432, .T. ) ;
#546 = LINE ( 'NONE', #1438, #1215 ) ;
#547 = EDGE_CURVE ( 'NONE', #684, #764, #674, .T. ) ;
#548 = AXIS2_PLACEMENT_3D ( 'NONE', #1096, #834, #331 ) ;
#549 = VERTEX_POINT ( 'NONE', #648 ) ;
#550 = CARTESIAN_POINT ( 'NONE',  ( 65.00000000000001421, 27.00000000000000000, 14.00000000000000000 ) ) ;
#551 = LINE ( 'NONE', #287, #727 ) ;
#552 = ORIENTED_EDGE ( 'NONE', *, *, #742, .F. ) ;
#553 = ORIENTED_EDGE ( 'NONE', *, *, #280, .F. ) ;
#554 = AXIS2_PLACEMENT_3D ( 'NONE', #77, #234, #114 ) ;
#555 = DIRECTION ( 'NONE',  ( -1.000000000000000000, -3.522887030625850300E-17, 0.000000000000000000 ) ) ;
#556 = LINE ( 'NONE', #302, #1613 ) ;
#557 = APPLICATION_PROTOCOL_DEFINITION ( 'international standard', 'config_control_design', 1994, #102 ) ;
#558 = CARTESIAN_POINT ( 'NONE',  ( 5.000000000000000000, 12.99999999999997691, 14.00000000000000000 ) ) ;
#559 = DIRECTION ( 'NONE',  ( 1.000000000000000000, 0.000000000000000000, 0.000000000000000000 ) ) ;
#560 = ORIENTED_EDGE ( 'NONE', *, *, #1024, .F. ) ;
#561 = ORIENTED_EDGE ( 'NONE', *, *, #1098, .T. ) ;
#562 = ORIENTED_EDGE ( 'NONE', *, *, #585, .T. ) ;
#563 = ORIENTED_EDGE ( 'NONE', *, *, #936, .T. ) ;
#564 = CARTESIAN_POINT ( 'NONE',  ( 75.00000000000001421, 10.49999999999999467, 12.00000000000000000 ) ) ;
#565 = DIRECTION ( 'NONE',  ( -0.000000000000000000, -0.000000000000000000, -1.000000000000000000 ) ) ;
#566 = DIRECTION ( 'NONE',  ( 0.000000000000000000, 0.000000000000000000, 1.000000000000000000 ) ) ;
#567 = AXIS2_PLACEMENT_3D ( 'NONE', #1008, #1228, #610 ) ;
#568 = DIRECTION ( 'NONE',  ( -3.518789788921131289E-17, 1.000000000000000000, 0.000000000000000000 ) ) ;
#569 = ORIENTED_EDGE ( 'NONE', *, *, #1260, .F. ) ;
#570 = EDGE_LOOP ( 'NONE', ( #945, #270, #425, #1128 ) ) ;
#571 = ORIENTED_EDGE ( 'NONE', *, *, #1040, .T. ) ;
#572 = FACE_OUTER_BOUND ( 'NONE', #1507, .T. ) ;
#573 = EDGE_CURVE ( 'NONE', #1066, #1434, #160, .T. ) ;
#574 = VECTOR ( 'NONE', #733, 1000.000000000000000 ) ;
#575 = APPROVAL_ROLE ( '' ) ;
#576 = EDGE_CURVE ( 'NONE', #1253, #445, #1535, .T. ) ;
#577 = CARTESIAN_POINT ( 'NONE',  ( 21.50000000000000000, 8.000000000000000000, 0.000000000000000000 ) ) ;
#578 = CARTESIAN_POINT ( 'NONE',  ( 28.99999999999998934, 6.000000000000001776, 0.000000000000000000 ) ) ;
#579 = ORIENTED_EDGE ( 'NONE', *, *, #817, .F. ) ;
#580 = VERTEX_POINT ( 'NONE', #768 ) ;
#581 = VECTOR ( 'NONE', #855, 1000.000000000000000 ) ;
#582 = DIRECTION ( 'NONE',  ( -3.518789788921131289E-17, 1.000000000000000000, 0.000000000000000000 ) ) ;
#583 = CARTESIAN_POINT ( 'NONE',  ( 5.000000000000000888, 12.99999999999997691, 0.000000000000000000 ) ) ;
#584 = VECTOR ( 'NONE', #1364, 1000.000000000000000 ) ;
#585 = EDGE_CURVE ( 'NONE', #17, #1482, #1163, .T. ) ;
#586 = CARTESIAN_POINT ( 'NONE',  ( -9.999999999999998224, 10.49999999999999112, 12.00000000000000533 ) ) ;
#587 = EDGE_LOOP ( 'NONE', ( #1410, #1294, #1559, #1270 ) ) ;
#588 = CARTESIAN_POINT ( 'NONE',  ( 50.50000000000001421, 13.00000000000000178, 14.00000000000000000 ) ) ;
#589 = EDGE_CURVE ( 'NONE', #337, #50, #1043, .T. ) ;
#590 = CARTESIAN_POINT ( 'NONE',  ( 14.49999999999998934, 6.000000000000000000, 0.000000000000000000 ) ) ;
#591 = DIRECTION ( 'NONE',  ( 1.000000000000000000, 0.000000000000000000, -5.204170427930421283E-16 ) ) ;
#592 = DIRECTION ( 'NONE',  ( 0.000000000000000000, 0.000000000000000000, 1.000000000000000000 ) ) ;
#593 = VECTOR ( 'NONE', #1154, 1000.000000000000000 ) ;
#594 = VECTOR ( 'NONE', #1023, 1000.000000000000000 ) ;
#595 = AXIS2_PLACEMENT_3D ( 'NONE', #650, #1140, #253 ) ;
#596 = CARTESIAN_POINT ( 'NONE',  ( 65.00000000000001421, 8.205133554287264393E-15, 14.00000000000000000 ) ) ;
#597 = PLANE ( 'NONE',  #1597 ) ;
#598 = EDGE_CURVE ( 'NONE', #1362, #1380, #272, .T. ) ;
#599 = ADVANCED_FACE ( 'NONE', ( #402 ), #1256, .T. ) ;
#600 = LINE ( 'NONE', #879, #518 ) ;
#601 = CIRCLE ( 'NONE', #1462, 2.000000000000001776 ) ;
#602 = DIRECTION ( 'NONE',  ( 1.262328239121117212E-16, -1.000000000000000000, 0.000000000000000000 ) ) ;
#603 = CC_DESIGN_APPROVAL ( #871, ( #475 ) ) ;
#604 = CARTESIAN_POINT ( 'NONE',  ( 65.00000000000001421, 10.49999999999999289, 2.000000000000000000 ) ) ;
#605 = CARTESIAN_POINT ( 'NONE',  ( 7.000000000000016875, 5.999999999999992006, 14.00000000000000000 ) ) ;
#606 = EDGE_CURVE ( 'NONE', #1149, #165, #923, .T. ) ;
#607 = CARTESIAN_POINT ( 'NONE',  ( 65.00000000000001421, 10.49999999999999289, 12.00000000000000000 ) ) ;
#608 = LINE ( 'NONE', #204, #85 ) ;
#609 = FACE_OUTER_BOUND ( 'NONE', #794, .T. ) ;
#610 = DIRECTION ( 'NONE',  ( -1.000000000000000000, -3.518789788921131289E-17, 0.000000000000000000 ) ) ;
#611 = AXIS2_PLACEMENT_3D ( 'NONE', #1571, #1463, #1344 ) ;
#612 = EDGE_LOOP ( 'NONE', ( #512, #178, #807, #1570 ) ) ;
#613 = CARTESIAN_POINT ( 'NONE',  ( 28.99999999999998934, 6.000000000000001776, 14.00000000000000000 ) ) ;
#614 = AXIS2_PLACEMENT_3D ( 'NONE', #877, #1135, #1506 ) ;
#615 = DIRECTION ( 'NONE',  ( -1.000000000000000000, -1.734723475976808080E-16, 0.000000000000000000 ) ) ;
#616 = ORIENTED_EDGE ( 'NONE', *, *, #919, .F. ) ;
#617 = EDGE_CURVE ( 'NONE', #1157, #796, #32, .T. ) ;
#618 = DIRECTION ( 'NONE',  ( 1.000000000000000000, 0.000000000000000000, 0.000000000000000000 ) ) ;
#619 = EDGE_CURVE ( 'NONE', #254, #1132, #19, .T. ) ;
#620 = FACE_OUTER_BOUND ( 'NONE', #276, .T. ) ;
#621 = AXIS2_PLACEMENT_3D ( 'NONE', #330, #81, #1076 ) ;
#622 = VERTEX_POINT ( 'NONE', #143 ) ;
#623 = CARTESIAN_POINT ( 'NONE',  ( -3.999999999999999112, 10.49999999999999112, 7.000000000000000888 ) ) ;
#624 = DIRECTION ( 'NONE',  ( -1.040834085586088201E-15, 1.000000000000000000, 0.000000000000000000 ) ) ;
#625 = PRODUCT_DEFINITION_FORMATION_WITH_SPECIFIED_SOURCE ( 'ANY', '', #1370, .NOT_KNOWN. ) ;
#626 = ADVANCED_FACE ( 'NONE', ( #792 ), #527, .T. ) ;
#627 = CARTESIAN_POINT ( 'NONE',  ( -5.000000000000000000, 10.49999999999999112, 7.000000000000000888 ) ) ;
#628 = VECTOR ( 'NONE', #820, 1000.000000000000000 ) ;
#629 = DIRECTION ( 'NONE',  ( -3.518789788921131289E-17, 1.000000000000000000, 0.000000000000000000 ) ) ;
#630 = EDGE_LOOP ( 'NONE', ( #1334, #433, #544, #1382 ) ) ;
#631 = CC_DESIGN_PERSON_AND_ORGANIZATION_ASSIGNMENT ( #1421, #812, ( #475 ) ) ;
#632 = DIRECTION ( 'NONE',  ( 0.000000000000000000, 0.000000000000000000, -1.000000000000000000 ) ) ;
#633 = VERTEX_POINT ( 'NONE', #1248 ) ;
#634 = DIRECTION ( 'NONE',  ( -1.000000000000000000, 0.000000000000000000, 0.000000000000000000 ) ) ;
#635 = ORIENTED_EDGE ( 'NONE', *, *, #934, .T. ) ;
#636 = EDGE_CURVE ( 'NONE', #1544, #549, #151, .T. ) ;
#637 = VERTEX_POINT ( 'NONE', #1146 ) ;
#638 = CARTESIAN_POINT ( 'NONE',  ( 43.49999999999999289, 13.00000000000000355, 0.000000000000000000 ) ) ;
#639 = CARTESIAN_POINT ( 'NONE',  ( 0.000000000000000000, 13.49999999999999112, 14.00000000000000000 ) ) ;
#640 = ORIENTED_EDGE ( 'NONE', *, *, #528, .F. ) ;
#641 = CYLINDRICAL_SURFACE ( 'NONE', #1201, 2.000000000000000000 ) ;
#642 = ORIENTED_EDGE ( 'NONE', *, *, #159, .F. ) ;
#643 = CARTESIAN_POINT ( 'NONE',  ( 49.17712434446771397, 13.49999999999999289, 14.00000000000000000 ) ) ;
#644 = AXIS2_PLACEMENT_3D ( 'NONE', #1354, #135, #760 ) ;
#645 = EDGE_CURVE ( 'NONE', #1390, #1253, #784, .T. ) ;
#646 = EDGE_CURVE ( 'NONE', #637, #1609, #1300, .T. ) ;
#647 = ORIENTED_EDGE ( 'NONE', *, *, #348, .F. ) ;
#648 = CARTESIAN_POINT ( 'NONE',  ( 69.00000000000000000, 13.49999999999999289, 7.000000000000000000 ) ) ;
#649 = FACE_OUTER_BOUND ( 'NONE', #1373, .T. ) ;
#650 = CARTESIAN_POINT ( 'NONE',  ( 14.50000000000000000, 12.99999999999999822, 0.000000000000000000 ) ) ;
#651 = ORIENTED_EDGE ( 'NONE', *, *, #1509, .F. ) ;
#652 = CIRCLE ( 'NONE', #1567, 2.000000000000001776 ) ;
#653 = ORIENTED_EDGE ( 'NONE', *, *, #372, .T. ) ;
#654 = EDGE_LOOP ( 'NONE', ( #168, #885, #1277, #51 ) ) ;
#655 = DIRECTION ( 'NONE',  ( -3.518789788921131289E-17, 1.000000000000000000, 0.000000000000000000 ) ) ;
#656 = PERSON_AND_ORGANIZATION ( #1101, #1116 ) ;
#657 = CARTESIAN_POINT ( 'NONE',  ( 19.49999999999999645, 12.99999999999998579, 14.00000000000000000 ) ) ;
#658 = VECTOR ( 'NONE', #853, 1000.000000000000000 ) ;
#659 = EDGE_CURVE ( 'NONE', #1521, #337, #1348, .T. ) ;
#660 = VERTEX_POINT ( 'NONE', #33 ) ;
#661 = ORIENTED_EDGE ( 'NONE', *, *, #803, .F. ) ;
#662 = LINE ( 'NONE', #1049, #930 ) ;
#663 = VERTEX_POINT ( 'NONE', #638 ) ;
#664 = ORIENTED_EDGE ( 'NONE', *, *, #980, .T. ) ;
#665 = DIRECTION ( 'NONE',  ( -1.000000000000000000, 0.000000000000000000, 0.000000000000000000 ) ) ;
#666 = SECURITY_CLASSIFICATION_LEVEL ( 'unclassified' ) ;
#667 = CARTESIAN_POINT ( 'NONE',  ( 5.000000000000000888, 8.000000000000005329, 14.00000000000000000 ) ) ;
#668 = EDGE_LOOP ( 'NONE', ( #538, #368, #309, #154 ) ) ;
#669 = ORIENTED_EDGE ( 'NONE', *, *, #1144, .T. ) ;
#670 = DIRECTION ( 'NONE',  ( 1.000000000000000000, 1.734723475976808080E-16, -0.000000000000000000 ) ) ;
#671 = AXIS2_PLACEMENT_3D ( 'NONE', #911, #790, #555 ) ;
#672 = ORIENTED_EDGE ( 'NONE', *, *, #714, .F. ) ;
#673 = ORIENTED_EDGE ( 'NONE', *, *, #1262, .F. ) ;
#674 = LINE ( 'NONE', #1393, #1543 ) ;
#675 = CARTESIAN_POINT ( 'NONE',  ( 7.000000000000016875, 5.999999999999991118, 14.00000000000000000 ) ) ;
#676 = LINE ( 'NONE', #933, #1558 ) ;
#677 = ORIENTED_EDGE ( 'NONE', *, *, #189, .F. ) ;
#678 = ORIENTED_EDGE ( 'NONE', *, *, #936, .F. ) ;
#679 = ORIENTED_EDGE ( 'NONE', *, *, #342, .F. ) ;
#680 = DIRECTION ( 'NONE',  ( -3.518789788921131289E-17, 1.000000000000000000, 0.000000000000000000 ) ) ;
#681 = CARTESIAN_POINT ( 'NONE',  ( 5.000000000000000888, 12.99999999999997691, 14.00000000000000000 ) ) ;
#682 = CALENDAR_DATE ( 2026, 1, 3 ) ;
#683 = CARTESIAN_POINT ( 'NONE',  ( 19.49999999999999645, 12.99999999999998579, 14.00000000000000000 ) ) ;
#684 = VERTEX_POINT ( 'NONE', #541 ) ;
#685 = EDGE_LOOP ( 'NONE', ( #1426, #185, #1027, #774 ) ) ;
#686 = VERTEX_POINT ( 'NONE', #1034 ) ;
#687 = VERTEX_POINT ( 'NONE', #422 ) ;
#688 = AXIS2_PLACEMENT_3D ( 'NONE', #1573, #592, #1185 ) ;
#689 = EDGE_CURVE ( 'NONE', #1067, #1437, #914, .T. ) ;
#690 = CARTESIAN_POINT ( 'NONE',  ( -5.000000000000000000, 10.49999999999999112, 7.000000000000000888 ) ) ;
#691 = DIRECTION ( 'NONE',  ( -0.000000000000000000, -0.000000000000000000, -1.000000000000000000 ) ) ;
#692 = DATE_AND_TIME ( #195, #1541 ) ;
#693 = LINE ( 'NONE', #1054, #1346 ) ;
#694 = DIRECTION ( 'NONE',  ( 5.204170427930421283E-16, 1.831238176160688312E-32, 1.000000000000000000 ) ) ;
#695 = VERTEX_POINT ( 'NONE', #11 ) ;
#696 = ORIENTED_EDGE ( 'NONE', *, *, #205, .T. ) ;
#697 = EDGE_LOOP ( 'NONE', ( #1304, #815, #875, #1048 ) ) ;
#698 = EDGE_CURVE ( 'NONE', #1269, #663, #181, .T. ) ;
#699 = CARTESIAN_POINT ( 'NONE',  ( 75.00000000000001421, 10.49999999999999467, 2.000000000000000000 ) ) ;
#700 = EDGE_CURVE ( 'NONE', #1197, #1359, #1063, .T. ) ;
#701 = EDGE_CURVE ( 'NONE', #549, #1550, #55, .T. ) ;
#702 = AXIS2_PLACEMENT_3D ( 'NONE', #31, #1182, #915 ) ;
#703 = LINE ( 'NONE', #1290, #917 ) ;
#704 = LINE ( 'NONE', #370, #658 ) ;
#705 = AXIS2_PLACEMENT_3D ( 'NONE', #769, #1257, #144 ) ;
#706 = DIRECTION ( 'NONE',  ( -1.000000000000000000, 0.000000000000000000, -2.168404344971008868E-16 ) ) ;
#707 = VERTEX_POINT ( 'NONE', #1420 ) ;
#708 = VECTOR ( 'NONE', #359, 1000.000000000000000 ) ;
#709 = ORIENTED_EDGE ( 'NONE', *, *, #964, .T. ) ;
#710 = DIRECTION ( 'NONE',  ( 0.000000000000000000, 0.000000000000000000, 1.000000000000000000 ) ) ;
#711 = EDGE_CURVE ( 'NONE', #716, #1269, #556, .T. ) ;
#712 = DIRECTION ( 'NONE',  ( 1.000000000000000000, 1.262328239121117952E-16, 0.000000000000000000 ) ) ;
#713 = LINE ( 'NONE', #1202, #1190 ) ;
#714 = EDGE_CURVE ( 'NONE', #796, #1534, #703, .T. ) ;
#715 = DIRECTION ( 'NONE',  ( -1.000000000000000000, -3.518789788921131289E-17, 1.734723475976805862E-16 ) ) ;
#716 = VERTEX_POINT ( 'NONE', #1171 ) ;
#717 = VERTEX_POINT ( 'NONE', #194 ) ;
#718 = CARTESIAN_POINT ( 'NONE',  ( 32.83856217223386409, 4.000000000000004441, 7.000000000000000000 ) ) ;
#719 = FACE_OUTER_BOUND ( 'NONE', #697, .T. ) ;
#720 = AXIS2_PLACEMENT_3D ( 'NONE', #1299, #66, #203 ) ;
#721 = DIRECTION ( 'NONE',  ( -1.000000000000000000, 0.000000000000000000, 0.000000000000000000 ) ) ;
#722 = VERTEX_POINT ( 'NONE', #56 ) ;
#723 = CARTESIAN_POINT ( 'NONE',  ( 31.00000000000000355, 12.99999999999998401, 14.00000000000000000 ) ) ;
#724 = CARTESIAN_POINT ( 'NONE',  ( 65.00000000000001421, 13.49999999999999289, 0.000000000000000000 ) ) ;
#725 = DIRECTION ( 'NONE',  ( 1.262328239121117212E-16, -1.000000000000000000, -0.000000000000000000 ) ) ;
#726 = AXIS2_PLACEMENT_3D ( 'NONE', #1453, #1584, #1331 ) ;
#727 = VECTOR ( 'NONE', #1037, 1000.000000000000000 ) ;
#728 = VECTOR ( 'NONE', #746, 1000.000000000000000 ) ;
#729 = CARTESIAN_POINT ( 'NONE',  ( 1.259686854472454731E-15, 13.49999999999999112, 12.00000000000000000 ) ) ;
#730 = DIRECTION ( 'NONE',  ( 1.000000000000000000, 0.000000000000000000, 0.000000000000000000 ) ) ;
#731 = ADVANCED_FACE ( 'NONE', ( #1052, #1552 ), #437, .T. ) ;
#732 = DIRECTION ( 'NONE',  ( 0.000000000000000000, 0.000000000000000000, 1.000000000000000000 ) ) ;
#733 = DIRECTION ( 'NONE',  ( -0.000000000000000000, -0.000000000000000000, 1.000000000000000000 ) ) ;
#734 = EDGE_CURVE ( 'NONE', #1067, #320, #932, .T. ) ;
#735 = APPROVAL_PERSON_ORGANIZATION ( #1394, #1477, #273 ) ;
#736 = CARTESIAN_POINT ( 'NONE',  ( -4.750366215043524621E-16, 13.49999999999999112, 0.000000000000000000 ) ) ;
#737 = FACE_OUTER_BOUND ( 'NONE', #612, .T. ) ;
#738 = FACE_BOUND ( 'NONE', #1376, .T. ) ;
#739 = CARTESIAN_POINT ( 'NONE',  ( 7.000000000000000888, 12.99999999999999112, 14.00000000000000000 ) ) ;
#740 = EDGE_CURVE ( 'NONE', #1550, #549, #968, .T. ) ;
#741 = DIRECTION ( 'NONE',  ( 1.000000000000000000, 1.734723475976808080E-16, -0.000000000000000000 ) ) ;
#742 = EDGE_CURVE ( 'NONE', #580, #824, #448, .T. ) ;
#743 = FACE_OUTER_BOUND ( 'NONE', #186, .T. ) ;
#744 = EDGE_CURVE ( 'NONE', #895, #995, #1121, .T. ) ;
#745 = FACE_BOUND ( 'NONE', #443, .T. ) ;
#746 = DIRECTION ( 'NONE',  ( -0.000000000000000000, -0.000000000000000000, -1.000000000000000000 ) ) ;
#747 = ADVANCED_FACE ( 'NONE', ( #1441 ), #477, .F. ) ;
#748 = AXIS2_PLACEMENT_3D ( 'NONE', #1603, #1611, #1595 ) ;
#749 = DIRECTION ( 'NONE',  ( 1.000000000000000000, 3.518789788921131289E-17, 0.000000000000000000 ) ) ;
#750 = DIRECTION ( 'NONE',  ( -1.734723475976807094E-16, -0.000000000000000000, -1.000000000000000000 ) ) ;
#751 = CC_DESIGN_PERSON_AND_ORGANIZATION_ASSIGNMENT ( #1430, #924, ( #1370 ) ) ;
#752 = LINE ( 'NONE', #251, #385 ) ;
#753 = VECTOR ( 'NONE', #874, 1000.000000000000000 ) ;
#754 = LINE ( 'NONE', #1244, #876 ) ;
#755 = ORIENTED_EDGE ( 'NONE', *, *, #1273, .F. ) ;
#756 = FACE_OUTER_BOUND ( 'NONE', #1059, .T. ) ;
#757 = EDGE_LOOP ( 'NONE', ( #407, #1019, #780, #1166 ) ) ;
#758 = DIRECTION ( 'NONE',  ( -1.262328239121117212E-16, 1.000000000000000000, -0.000000000000000000 ) ) ;
#759 = VECTOR ( 'NONE', #869, 1000.000000000000000 ) ;
#760 = DIRECTION ( 'NONE',  ( 1.000000000000000000, 0.000000000000000000, 0.000000000000000000 ) ) ;
#761 = EDGE_CURVE ( 'NONE', #263, #1149, #1175, .T. ) ;
#762 = CARTESIAN_POINT ( 'NONE',  ( 5.063508326896292822, 13.49999999999999112, 14.00000000000000000 ) ) ;
#763 = EDGE_CURVE ( 'NONE', #660, #1038, #1447, .T. ) ;
#764 = VERTEX_POINT ( 'NONE', #1587 ) ;
#765 = LINE ( 'NONE', #262, #1258 ) ;
#766 = ADVANCED_FACE ( 'NONE', ( #334 ), #1056, .T. ) ;
#767 = ORIENTED_EDGE ( 'NONE', *, *, #406, .F. ) ;
#768 = CARTESIAN_POINT ( 'NONE',  ( 50.50000000000001421, 13.00000000000000178, 14.00000000000000000 ) ) ;
#769 = CARTESIAN_POINT ( 'NONE',  ( 36.00000000000000711, 15.00000000000000355, 14.00000000000000000 ) ) ;
#770 = VECTOR ( 'NONE', #1414, 1000.000000000000000 ) ;
#771 = CARTESIAN_POINT ( 'NONE',  ( 0.000000000000000000, 0.000000000000000000, 14.00000000000000000 ) ) ;
#772 = ORIENTED_EDGE ( 'NONE', *, *, #1340, .F. ) ;
#773 = AXIS2_PLACEMENT_3D ( 'NONE', #1246, #392, #634 ) ;
#774 = ORIENTED_EDGE ( 'NONE', *, *, #323, .F. ) ;
#775 = ADVANCED_FACE ( 'NONE', ( #213 ), #1564, .T. ) ;
#776 = DIRECTION ( 'NONE',  ( -2.312964634635751339E-16, 1.000000000000000000, 0.000000000000000000 ) ) ;
#777 = COORDINATED_UNIVERSAL_TIME_OFFSET ( 5, 30, .AHEAD. ) ;
#778 = CARTESIAN_POINT ( 'NONE',  ( 70.00000000000000000, 10.49999999999999289, 7.000000000000000000 ) ) ;
#779 = ORIENTED_EDGE ( 'NONE', *, *, #1511, .T. ) ;
#780 = ORIENTED_EDGE ( 'NONE', *, *, #1444, .T. ) ;
#781 = AXIS2_PLACEMENT_3D ( 'NONE', #1342, #1473, #99 ) ;
#782 = CARTESIAN_POINT ( 'NONE',  ( -6.000000000000000888, 13.49999999999999112, 7.000000000000000888 ) ) ;
#783 = ORIENTED_EDGE ( 'NONE', *, *, #1341, .T. ) ;
#784 = LINE ( 'NONE', #170, #1095 ) ;
#785 = DATE_AND_TIME ( #1413, #219 ) ;
#786 = CARTESIAN_POINT ( 'NONE',  ( 16.50000000000000000, 8.000000000000000000, 14.00000000000000000 ) ) ;
#787 = VECTOR ( 'NONE', #749, 1000.000000000000000 ) ;
#788 = ORIENTED_EDGE ( 'NONE', *, *, #1343, .F. ) ;
#789 = ORIENTED_EDGE ( 'NONE', *, *, #950, .T. ) ;
#790 = DIRECTION ( 'NONE',  ( -3.518789788921131289E-17, 1.000000000000000000, -0.000000000000000000 ) ) ;
#791 = EDGE_LOOP ( 'NONE', ( #918, #1417 ) ) ;
#792 = FACE_OUTER_BOUND ( 'NONE', #864, .T. ) ;
#793 = DIRECTION ( 'NONE',  ( -1.734723475976816955E-16, 1.000000000000000000, 0.000000000000000000 ) ) ;
#794 = EDGE_LOOP ( 'NONE', ( #187, #1233, #434, #823, #806, #138, #208, #1524 ) ) ;
#795 = ORIENTED_EDGE ( 'NONE', *, *, #1155, .T. ) ;
#796 = VERTEX_POINT ( 'NONE', #958 ) ;
#797 = DIRECTION ( 'NONE',  ( 1.000000000000000000, 2.312964634635751339E-16, 0.000000000000000000 ) ) ;
#798 = CIRCLE ( 'NONE', #94, 1.000000000000000888 ) ;
#799 = DIRECTION ( 'NONE',  ( -0.000000000000000000, -0.000000000000000000, -1.000000000000000000 ) ) ;
#800 = APPROVAL_STATUS ( 'not_yet_approved' ) ;
#801 = AXIS2_PLACEMENT_3D ( 'NONE', #627, #484, #992 ) ;
#802 = DIRECTION ( 'NONE',  ( 1.000000000000000000, 0.000000000000000000, 0.000000000000000000 ) ) ;
#803 = EDGE_CURVE ( 'NONE', #1177, #1380, #59, .T. ) ;
#804 = ORIENTED_EDGE ( 'NONE', *, *, #1389, .F. ) ;
#805 = ORIENTED_EDGE ( 'NONE', *, *, #1352, .F. ) ;
#806 = ORIENTED_EDGE ( 'NONE', *, *, #576, .F. ) ;
#807 = ORIENTED_EDGE ( 'NONE', *, *, #645, .F. ) ;
#808 = ADVANCED_FACE ( 'NONE', ( #822 ), #1088, .F. ) ;
#809 = LINE ( 'NONE', #1271, #172 ) ;
#810 = AXIS2_PLACEMENT_3D ( 'NONE', #1267, #758, #1280 ) ;
#811 = DIRECTION ( 'NONE',  ( -1.000000000000000000, 0.000000000000000000, 0.000000000000000000 ) ) ;
#812 = PERSON_AND_ORGANIZATION_ROLE ( 'creator' ) ;
#813 = DIRECTION ( 'NONE',  ( -0.000000000000000000, -0.000000000000000000, -1.000000000000000000 ) ) ;
#814 = CARTESIAN_POINT ( 'NONE',  ( -5.000000000000000000, 10.49999999999999112, 7.000000000000000888 ) ) ;
#815 = ORIENTED_EDGE ( 'NONE', *, *, #1204, .F. ) ;
#816 = ORIENTED_EDGE ( 'NONE', *, *, #1466, .T. ) ;
#817 = EDGE_CURVE ( 'NONE', #1286, #1066, #451, .T. ) ;
#818 = ADVANCED_FACE ( 'NONE', ( #1432 ), #1555, .F. ) ;
#819 = CYLINDRICAL_SURFACE ( 'NONE', #8, 2.000000000000000000 ) ;
#820 = DIRECTION ( 'NONE',  ( -0.000000000000000000, -0.000000000000000000, -1.000000000000000000 ) ) ;
#821 = CARTESIAN_POINT ( 'NONE',  ( 75.00000000000001421, 13.49999999999999467, 12.00000000000000000 ) ) ;
#822 = FACE_OUTER_BOUND ( 'NONE', #1124, .T. ) ;
#823 = ORIENTED_EDGE ( 'NONE', *, *, #205, .F. ) ;
#824 = VERTEX_POINT ( 'NONE', #951 ) ;
#825 = LINE ( 'NONE', #347, #882 ) ;
#826 = ORIENTED_EDGE ( 'NONE', *, *, #1352, .T. ) ;
#827 = AXIS2_PLACEMENT_3D ( 'NONE', #257, #776, #1021 ) ;
#828 = CARTESIAN_POINT ( 'NONE',  ( 29.00000000000000000, 8.000000000000001776, 0.000000000000000000 ) ) ;
#829 = CARTESIAN_POINT ( 'NONE',  ( 29.00000000000000000, 8.000000000000001776, 14.00000000000000000 ) ) ;
#830 = FACE_OUTER_BOUND ( 'NONE', #587, .T. ) ;
#831 = ORIENTED_EDGE ( 'NONE', *, *, #47, .F. ) ;
#832 = VECTOR ( 'NONE', #488, 1000.000000000000000 ) ;
#833 = DIRECTION ( 'NONE',  ( 1.000000000000000000, 0.000000000000000000, 0.000000000000000000 ) ) ;
#834 = DIRECTION ( 'NONE',  ( -0.000000000000000000, -0.000000000000000000, -1.000000000000000000 ) ) ;
#835 = CARTESIAN_POINT ( 'NONE',  ( 36.00000000000002132, 13.00000000000000355, 14.00000000000000000 ) ) ;
#836 = VECTOR ( 'NONE', #381, 1000.000000000000000 ) ;
#837 = CARTESIAN_POINT ( 'NONE',  ( -10.00000000000000000, 10.49999999999999112, 1.999999999999998224 ) ) ;
#838 = ORIENTED_EDGE ( 'NONE', *, *, #585, .F. ) ;
#839 = ADVANCED_FACE ( 'NONE', ( #830 ), #1196, .T. ) ;
#840 = CARTESIAN_POINT ( 'NONE',  ( 34.67712434446772107, 13.49999999999999289, 14.00000000000000000 ) ) ;
#841 = PLANE ( 'NONE',  #346 ) ;
#842 = DIRECTION ( 'NONE',  ( -0.000000000000000000, -0.000000000000000000, -1.000000000000000000 ) ) ;
#843 = VECTOR ( 'NONE', #354, 1000.000000000000000 ) ;
#844 = FACE_OUTER_BOUND ( 'NONE', #1436, .T. ) ;
#845 = PLANE ( 'NONE',  #781 ) ;
#846 = CARTESIAN_POINT ( 'NONE',  ( 16.50000000000000000, 12.99999999999998401, 14.00000000000000000 ) ) ;
#847 = LINE ( 'NONE', #1345, #1192 ) ;
#848 = APPROVAL_DATE_TIME ( #1457, #922 ) ;
#849 = DIRECTION ( 'NONE',  ( -1.000000000000000000, 0.000000000000000000, 0.000000000000000000 ) ) ;
#850 = VECTOR ( 'NONE', #802, 1000.000000000000000 ) ;
#851 = ADVANCED_FACE ( 'NONE', ( #1302 ), #1312, .T. ) ;
#852 = DIRECTION ( 'NONE',  ( 1.000000000000000000, 3.518789788921131289E-17, 0.000000000000000000 ) ) ;
#853 = DIRECTION ( 'NONE',  ( 1.000000000000000000, 3.518789788921131289E-17, 0.000000000000000000 ) ) ;
#854 = AXIS2_PLACEMENT_3D ( 'NONE', #1349, #852, #582 ) ;
#855 = DIRECTION ( 'NONE',  ( -0.000000000000000000, -0.000000000000000000, -1.000000000000000000 ) ) ;
#856 = CARTESIAN_POINT ( 'NONE',  ( 32.83856217223386409, -0.001000000000001000089, 7.000000000000000000 ) ) ;
#857 = ADVANCED_FACE ( 'NONE', ( #221 ), #197, .F. ) ;
#858 = ADVANCED_FACE ( 'NONE', ( #844 ), #1065, .T. ) ;
#859 = VERTEX_POINT ( 'NONE', #578 ) ;
#860 = APPROVAL_PERSON_ORGANIZATION ( #34, #871, #1518 ) ;
#861 = CARTESIAN_POINT ( 'NONE',  ( -9.999999999999998224, 10.49999999999999112, 12.00000000000000533 ) ) ;
#862 = DIRECTION ( 'NONE',  ( 1.262328239121117212E-16, -1.000000000000000000, -0.000000000000000000 ) ) ;
#863 = VECTOR ( 'NONE', #325, 1000.000000000000000 ) ;
#864 = EDGE_LOOP ( 'NONE', ( #1614, #927, #901, #1539 ) ) ;
#865 = DIRECTION ( 'NONE',  ( 0.000000000000000000, 0.000000000000000000, -1.000000000000000000 ) ) ;
#866 = CARTESIAN_POINT ( 'NONE',  ( 32.83856217223386409, 4.000000000000004441, 7.000000000000000000 ) ) ;
#867 = ADVANCED_FACE ( 'NONE', ( #974, #123 ), #1232, .F. ) ;
#868 = LINE ( 'NONE', #137, #1330 ) ;
#869 = DIRECTION ( 'NONE',  ( -3.518789788921131289E-17, 1.000000000000000000, 0.000000000000000000 ) ) ;
#870 = EDGE_LOOP ( 'NONE', ( #755, #463, #1162, #289 ) ) ;
#871 = APPROVAL ( #800, 'UNSPECIFIED' ) ;
#872 = LINE ( 'NONE', #1094, #1005 ) ;
#873 = LINE ( 'NONE', #509, #1062 ) ;
#874 = DIRECTION ( 'NONE',  ( 1.000000000000000000, 2.312964634635751339E-16, 0.000000000000000000 ) ) ;
#875 = ORIENTED_EDGE ( 'NONE', *, *, #1051, .T. ) ;
#876 = VECTOR ( 'NONE', #1472, 1000.000000000000000 ) ;
#877 = CARTESIAN_POINT ( 'NONE',  ( 29.00000000000000000, 8.000000000000001776, 14.00000000000000000 ) ) ;
#878 = ORIENTED_EDGE ( 'NONE', *, *, #462, .F. ) ;
#879 = CARTESIAN_POINT ( 'NONE',  ( 16.50000000000000000, 12.99999999999998401, 0.000000000000000000 ) ) ;
#880 = FACE_OUTER_BOUND ( 'NONE', #317, .T. ) ;
#881 = ADVANCED_FACE ( 'NONE', ( #943 ), #459, .F. ) ;
#882 = VECTOR ( 'NONE', #1450, 1000.000000000000000 ) ;
#883 = VERTEX_POINT ( 'NONE', #821 ) ;
#884 = LINE ( 'NONE', #771, #39 ) ;
#885 = ORIENTED_EDGE ( 'NONE', *, *, #1298, .F. ) ;
#886 = PLANE ( 'NONE',  #1397 ) ;
#887 = ORIENTED_EDGE ( 'NONE', *, *, #636, .F. ) ;
#888 = CARTESIAN_POINT ( 'NONE',  ( -4.750366215043524621E-16, 13.49999999999999112, 14.00000000000000000 ) ) ;
#889 = CIRCLE ( 'NONE', #396, 2.000000000000000000 ) ;
#890 = CARTESIAN_POINT ( 'NONE',  ( -3.999999999999999112, 10.49999999999999112, 7.000000000000000888 ) ) ;
#891 = CARTESIAN_POINT ( 'NONE',  ( 57.99999999999998579, 13.00000000000000178, 14.00000000000000000 ) ) ;
#892 = EDGE_LOOP ( 'NONE', ( #953, #87, #498, #909 ) ) ;
#893 = CARTESIAN_POINT ( 'NONE',  ( 29.83856217223385698, 3.766605964478194366E-15, 7.000000000000000000 ) ) ;
#894 = EDGE_CURVE ( 'NONE', #177, #301, #1480, .T. ) ;
#895 = VERTEX_POINT ( 'NONE', #1097 ) ;
#896 = ORIENTED_EDGE ( 'NONE', *, *, #1024, .T. ) ;
#897 = DIRECTION ( 'NONE',  ( 1.000000000000000000, 6.938893903907267821E-16, -0.000000000000000000 ) ) ;
#898 = DIRECTION ( 'NONE',  ( 1.734723475976816955E-16, -1.000000000000000000, 0.000000000000000000 ) ) ;
#899 = CARTESIAN_POINT ( 'NONE',  ( 70.00000000000000000, 10.49999999999999289, 7.000000000000000000 ) ) ;
#900 = AXIS2_PLACEMENT_3D ( 'NONE', #312, #1427, #1279 ) ;
#901 = ORIENTED_EDGE ( 'NONE', *, *, #1264, .T. ) ;
#902 = ORIENTED_EDGE ( 'NONE', *, *, #701, .F. ) ;
#903 = DIRECTION ( 'NONE',  ( -1.000000000000000000, 0.000000000000000000, 0.000000000000000000 ) ) ;
#904 = CIRCLE ( 'NONE', #543, 2.000000000000001776 ) ;
#905 = CARTESIAN_POINT ( 'NONE',  ( 7.000000000000000888, 7.999999999999991118, 14.00000000000000000 ) ) ;
#906 = DIRECTION ( 'NONE',  ( 0.000000000000000000, 0.000000000000000000, 1.000000000000000000 ) ) ;
#907 = LINE ( 'NONE', #786, #383 ) ;
#908 = ORIENTED_EDGE ( 'NONE', *, *, #6, .F. ) ;
#909 = ORIENTED_EDGE ( 'NONE', *, *, #1318, .T. ) ;
#910 = EDGE_CURVE ( 'NONE', #717, #1362, #1489, .T. ) ;
#911 = CARTESIAN_POINT ( 'NONE',  ( 32.83856217223386409, -0.001000000000001000089, 7.000000000000000000 ) ) ;
#912 = ORIENTED_EDGE ( 'NONE', *, *, #277, .T. ) ;
#913 = LOCAL_TIME ( 18, 39, 54.00000000000000000, #1471 ) ;
#914 = LINE ( 'NONE', #1412, #1545 ) ;
#915 = DIRECTION ( 'NONE',  ( -1.000000000000000000, 0.000000000000000000, 0.000000000000000000 ) ) ;
#916 = LINE ( 'NONE', #657, #1156 ) ;
#917 = VECTOR ( 'NONE', #565, 1000.000000000000000 ) ;
#918 = ORIENTED_EDGE ( 'NONE', *, *, #1298, .T. ) ;
#919 = EDGE_CURVE ( 'NONE', #633, #1433, #1072, .T. ) ;
#920 = ORIENTED_EDGE ( 'NONE', *, *, #1340, .T. ) ;
#921 = DIRECTION ( 'NONE',  ( -1.000000000000000000, -1.734723475976808080E-16, 0.000000000000000000 ) ) ;
#922 = APPROVAL ( #476, 'UNSPECIFIED' ) ;
#923 = LINE ( 'NONE', #1137, #333 ) ;
#924 = PERSON_AND_ORGANIZATION_ROLE ( 'design_owner' ) ;
#925 = DIRECTION ( 'NONE',  ( -3.518789788921131289E-17, 1.000000000000000000, 0.000000000000000000 ) ) ;
#926 = ORIENTED_EDGE ( 'NONE', *, *, #589, .T. ) ;
#927 = ORIENTED_EDGE ( 'NONE', *, *, #1308, .F. ) ;
#928 = EDGE_LOOP ( 'NONE', ( #651, #642, #1531, #222 ) ) ;
#929 = FACE_OUTER_BOUND ( 'NONE', #155, .T. ) ;
#930 = VECTOR ( 'NONE', #1560, 1000.000000000000000 ) ;
#931 = CIRCLE ( 'NONE', #979, 2.000000000000001776 ) ;
#932 = LINE ( 'NONE', #1429, #220 ) ;
#933 = CARTESIAN_POINT ( 'NONE',  ( -4.750366215043524621E-16, 13.49999999999999112, 0.000000000000000000 ) ) ;
#934 = EDGE_CURVE ( 'NONE', #320, #1359, #889, .T. ) ;
#935 = DIRECTION ( 'NONE',  ( -1.000000000000000000, 0.000000000000000000, 0.000000000000000000 ) ) ;
#936 = EDGE_CURVE ( 'NONE', #44, #1534, #1487, .T. ) ;
#937 = VERTEX_POINT ( 'NONE', #500 ) ;
#938 = EDGE_LOOP ( 'NONE', ( #679, #1188, #562, #1058 ) ) ;
#939 = ORIENTED_EDGE ( 'NONE', *, *, #1374, .T. ) ;
#940 = ORIENTED_EDGE ( 'NONE', *, *, #1615, .T. ) ;
#941 = DIRECTION ( 'NONE',  ( -3.518789788921131289E-17, 1.000000000000000000, 0.000000000000000000 ) ) ;
#942 = DIRECTION ( 'NONE',  ( 1.000000000000000000, 0.000000000000000000, 0.000000000000000000 ) ) ;
#943 = FACE_OUTER_BOUND ( 'NONE', #948, .T. ) ;
#944 = DIRECTION ( 'NONE',  ( -3.518789788921131289E-17, 1.000000000000000000, 0.000000000000000000 ) ) ;
#945 = ORIENTED_EDGE ( 'NONE', *, *, #1098, .F. ) ;
#946 = ORIENTED_EDGE ( 'NONE', *, *, #446, .F. ) ;
#947 = CARTESIAN_POINT ( 'NONE',  ( 58.00000000000000000, 15.00000000000000178, 0.000000000000000000 ) ) ;
#948 = EDGE_LOOP ( 'NONE', ( #767, #1548, #1371, #269 ) ) ;
#949 = CARTESIAN_POINT ( 'NONE',  ( 65.00000000000001421, 13.49999999999999289, 2.000000000000000000 ) ) ;
#950 = EDGE_CURVE ( 'NONE', #1067, #684, #989, .T. ) ;
#951 = CARTESIAN_POINT ( 'NONE',  ( 50.50000000000001421, 13.00000000000000178, 0.000000000000000000 ) ) ;
#952 = ORIENTED_EDGE ( 'NONE', *, *, #492, .T. ) ;
#953 = ORIENTED_EDGE ( 'NONE', *, *, #1328, .F. ) ;
#954 = ORIENTED_EDGE ( 'NONE', *, *, #700, .T. ) ;
#955 = DIRECTION ( 'NONE',  ( 1.000000000000000000, 0.000000000000000000, 0.000000000000000000 ) ) ;
#956 = CARTESIAN_POINT ( 'NONE',  ( 35.83856217223386409, 4.524002907950865581E-15, 7.000000000000000000 ) ) ;
#957 = CIRCLE ( 'NONE', #726, 2.000000000000000000 ) ;
#958 = CARTESIAN_POINT ( 'NONE',  ( 21.50000000000001421, 6.000000000000000888, 14.00000000000000000 ) ) ;
#959 = ORIENTED_EDGE ( 'NONE', *, *, #1221, .T. ) ;
#960 = ORIENTED_EDGE ( 'NONE', *, *, #233, .F. ) ;
#961 = DIRECTION ( 'NONE',  ( 1.000000000000000000, 3.518789788921131289E-17, 0.000000000000000000 ) ) ;
#962 = LINE ( 'NONE', #356, #335 ) ;
#963 = VECTOR ( 'NONE', #973, 1000.000000000000000 ) ;
#964 = EDGE_CURVE ( 'NONE', #1038, #580, #458, .T. ) ;
#965 = DIRECTION ( 'NONE',  ( 1.000000000000000000, 0.000000000000000000, -5.204170427930421283E-16 ) ) ;
#966 = FACE_OUTER_BOUND ( 'NONE', #757, .T. ) ;
#967 = DIRECTION ( 'NONE',  ( -3.518789788921131289E-17, 1.000000000000000000, 0.000000000000000000 ) ) ;
#968 = CIRCLE ( 'NONE', #374, 1.000000000000000888 ) ;
#969 = CARTESIAN_POINT ( 'NONE',  ( 0.000000000000000000, 0.000000000000000000, 0.000000000000000000 ) ) ;
#970 = DATE_TIME_ROLE ( 'classification_date' ) ;
#971 = CC_DESIGN_PERSON_AND_ORGANIZATION_ASSIGNMENT ( #1153, #1035, ( #455 ) ) ;
#972 = LINE ( 'NONE', #1100, #708 ) ;
#973 = DIRECTION ( 'NONE',  ( -3.518789788921131289E-17, 1.000000000000000000, 0.000000000000000000 ) ) ;
#974 = FACE_BOUND ( 'NONE', #791, .T. ) ;
#975 = VECTOR ( 'NONE', #797, 1000.000000000000000 ) ;
#976 = EDGE_CURVE ( 'NONE', #686, #1179, #704, .T. ) ;
#977 = CARTESIAN_POINT ( 'NONE',  ( 16.43649167310370984, 13.49999999999999112, 14.00000000000000000 ) ) ;
#978 = ADVANCED_FACE ( 'NONE', ( #487 ), #1350, .F. ) ;
#979 = AXIS2_PLACEMENT_3D ( 'NONE', #1572, #357, #730 ) ;
#980 = EDGE_CURVE ( 'NONE', #995, #1167, #1311, .T. ) ;
#981 = ORIENTED_EDGE ( 'NONE', *, *, #1328, .T. ) ;
#982 = CARTESIAN_POINT ( 'NONE',  ( 31.73856217223386267, -0.001000000000001038903, 7.000000000000000000 ) ) ;
#983 = DIRECTION ( 'NONE',  ( -0.000000000000000000, -1.000000000000000000, -0.000000000000000000 ) ) ;
#984 = VECTOR ( 'NONE', #961, 1000.000000000000000 ) ;
#985 = CARTESIAN_POINT ( 'NONE',  ( 14.49999999999998934, 6.000000000000000000, 14.00000000000000000 ) ) ;
#986 = DIRECTION ( 'NONE',  ( 1.000000000000000000, 0.000000000000000000, -0.000000000000000000 ) ) ;
#987 = EDGE_CURVE ( 'NONE', #1179, #1399, #608, .T. ) ;
#988 = LINE ( 'NONE', #1357, #753 ) ;
#989 = LINE ( 'NONE', #969, #584 ) ;
#990 = AXIS2_PLACEMENT_3D ( 'NONE', #86, #1074, #559 ) ;
#991 = ORIENTED_EDGE ( 'NONE', *, *, #339, .F. ) ;
#992 = DIRECTION ( 'NONE',  ( -1.000000000000000000, 0.000000000000000000, 0.000000000000000000 ) ) ;
#993 = DIRECTION ( 'NONE',  ( 1.000000000000000000, 0.000000000000000000, -5.204170427930421283E-16 ) ) ;
#994 = DIRECTION ( 'NONE',  ( 1.000000000000000000, 1.262328239121117952E-16, 0.000000000000000000 ) ) ;
#995 = VERTEX_POINT ( 'NONE', #1103 ) ;
#996 = CARTESIAN_POINT ( 'NONE',  ( 3.278117500739934040E-21, 13.49999999999999112, 0.000000000000000000 ) ) ;
#997 = EDGE_CURVE ( 'NONE', #1132, #62, #229, .T. ) ;
#998 = DIRECTION ( 'NONE',  ( -1.000000000000000000, -1.262328239121117212E-16, 0.000000000000000000 ) ) ;
#999 = PLANE ( 'NONE',  #1235 ) ;
#1000 = AXIS2_PLACEMENT_3D ( 'NONE', #829, #224, #90 ) ;
#1001 = CIRCLE ( 'NONE', #305, 1.099999999999996758 ) ;
#1002 = ORIENTED_EDGE ( 'NONE', *, *, #934, .F. ) ;
#1003 = DIRECTION ( 'NONE',  ( -1.000000000000000000, 0.000000000000000000, 0.000000000000000000 ) ) ;
#1004 = EDGE_LOOP ( 'NONE', ( #1497, #1307, #939, #677 ) ) ;
#1005 = VECTOR ( 'NONE', #495, 1000.000000000000000 ) ;
#1006 = DIRECTION ( 'NONE',  ( -1.000000000000000000, 0.000000000000000000, 0.000000000000000000 ) ) ;
#1007 = CARTESIAN_POINT ( 'NONE',  ( 29.00000000000000000, 13.00000000000000000, 14.00000000000000000 ) ) ;
#1008 = CARTESIAN_POINT ( 'NONE',  ( -2.257197576947966694E-15, 13.49999999999999112, 0.000000000000000000 ) ) ;
#1009 = VECTOR ( 'NONE', #655, 1000.000000000000000 ) ;
#1010 = EDGE_CURVE ( 'NONE', #722, #62, #1001, .T. ) ;
#1011 = LINE ( 'NONE', #1488, #1039 ) ;
#1012 = ORIENTED_EDGE ( 'NONE', *, *, #167, .T. ) ;
#1013 = CYLINDRICAL_SURFACE ( 'NONE', #338, 1.000000000000000888 ) ;
#1014 = VERTEX_POINT ( 'NONE', #1358 ) ;
#1015 = DIRECTION ( 'NONE',  ( 1.734723475976805862E-16, 0.000000000000000000, 1.000000000000000000 ) ) ;
#1016 = CC_DESIGN_DATE_AND_TIME_ASSIGNMENT ( #692, #403, ( #475 ) ) ;
#1017 = CARTESIAN_POINT ( 'NONE',  ( 34.67712434446772107, 13.49999999999999289, 0.000000000000000000 ) ) ;
#1018 = ORIENTED_EDGE ( 'NONE', *, *, #598, .T. ) ;
#1019 = ORIENTED_EDGE ( 'NONE', *, *, #1242, .F. ) ;
#1020 = CARTESIAN_POINT ( 'NONE',  ( -2.257197576947966694E-15, 13.49999999999999112, 0.000000000000000000 ) ) ;
#1021 = DIRECTION ( 'NONE',  ( -1.000000000000000000, -2.312964634635751339E-16, 0.000000000000000000 ) ) ;
#1022 = EDGE_CURVE ( 'NONE', #1494, #504, #931, .T. ) ;
#1023 = DIRECTION ( 'NONE',  ( 1.000000000000000000, 0.000000000000000000, 0.000000000000000000 ) ) ;
#1024 = EDGE_CURVE ( 'NONE', #1014, #1390, #847, .T. ) ;
#1025 = VECTOR ( 'NONE', #680, 1000.000000000000000 ) ;
#1026 = ORIENTED_EDGE ( 'NONE', *, *, #469, .T. ) ;
#1027 = ORIENTED_EDGE ( 'NONE', *, *, #10, .F. ) ;
#1028 = EDGE_CURVE ( 'NONE', #504, #445, #100, .T. ) ;
#1029 = VECTOR ( 'NONE', #1368, 1000.000000000000000 ) ;
#1030 = CARTESIAN_POINT ( 'NONE',  ( 14.50000000000000000, 12.99999999999999822, 14.00000000000000000 ) ) ;
#1031 = VECTOR ( 'NONE', #732, 1000.000000000000000 ) ;
#1032 = ORIENTED_EDGE ( 'NONE', *, *, #646, .T. ) ;
#1033 = ORIENTED_EDGE ( 'NONE', *, *, #1374, .F. ) ;
#1034 = CARTESIAN_POINT ( 'NONE',  ( 16.43649167310370984, 13.49999999999999112, 0.000000000000000000 ) ) ;
#1035 = PERSON_AND_ORGANIZATION_ROLE ( 'classification_officer' ) ;
#1036 = ADVANCED_FACE ( 'NONE', ( #384 ), #886, .T. ) ;
#1037 = DIRECTION ( 'NONE',  ( -3.518789788921131289E-17, 1.000000000000000000, 0.000000000000000000 ) ) ;
#1038 = VERTEX_POINT ( 'NONE', #643 ) ;
#1039 = VECTOR ( 'NONE', #511, 1000.000000000000000 ) ;
#1040 = EDGE_CURVE ( 'NONE', #824, #1292, #765, .T. ) ;
#1041 = CARTESIAN_POINT ( 'NONE',  ( 31.00000000000000355, 12.99999999999998401, 14.00000000000000000 ) ) ;
#1042 = ORIENTED_EDGE ( 'NONE', *, *, #1601, .F. ) ;
#1043 = LINE ( 'NONE', #888, #351 ) ;
#1044 = VECTOR ( 'NONE', #519, 1000.000000000000000 ) ;
#1045 = DIRECTION ( 'NONE',  ( -0.000000000000000000, -0.000000000000000000, -1.000000000000000000 ) ) ;
#1046 = AXIS2_PLACEMENT_3D ( 'NONE', #1339, #1174, #706 ) ;
#1047 = EDGE_LOOP ( 'NONE', ( #461, #401, #569, #131 ) ) ;
#1048 = ORIENTED_EDGE ( 'NONE', *, *, #1378, .T. ) ;
#1049 = CARTESIAN_POINT ( 'NONE',  ( 34.67712434446772107, 13.49999999999999289, 14.00000000000000000 ) ) ;
#1050 = ADVANCED_FACE ( 'NONE', ( #255 ), #1013, .F. ) ;
#1051 = EDGE_CURVE ( 'NONE', #297, #1449, #491, .T. ) ;
#1052 = FACE_OUTER_BOUND ( 'NONE', #391, .T. ) ;
#1053 = LINE ( 'NONE', #1553, #1105 ) ;
#1054 = CARTESIAN_POINT ( 'NONE',  ( 16.43649167310370984, 13.49999999999999112, 14.00000000000000000 ) ) ;
#1055 = EDGE_CURVE ( 'NONE', #1516, #1286, #132, .T. ) ;
#1056 = PLANE ( 'NONE',  #1207 ) ;
#1057 = ORIENTED_EDGE ( 'NONE', *, *, #740, .F. ) ;
#1058 = ORIENTED_EDGE ( 'NONE', *, *, #462, .T. ) ;
#1059 = EDGE_LOOP ( 'NONE', ( #371, #1026, #709, #1574 ) ) ;
#1060 = VERTEX_POINT ( 'NONE', #893 ) ;
#1061 = FACE_OUTER_BOUND ( 'NONE', #668, .T. ) ;
#1062 = VECTOR ( 'NONE', #1619, 1000.000000000000000 ) ;
#1063 = LINE ( 'NONE', #681, #1411 ) ;
#1064 = CARTESIAN_POINT ( 'NONE',  ( 32.83856217223386409, 4.000000000000004441, 7.000000000000000000 ) ) ;
#1065 = PLANE ( 'NONE',  #1046 ) ;
#1066 = VERTEX_POINT ( 'NONE', #1617 ) ;
#1067 = VERTEX_POINT ( 'NONE', #996 ) ;
#1068 = LINE ( 'NONE', #522, #124 ) ;
#1069 = ORIENTED_EDGE ( 'NONE', *, *, #547, .F. ) ;
#1070 = ADVANCED_FACE ( 'NONE', ( #756 ), #507, .F. ) ;
#1071 = DIRECTION ( 'NONE',  ( -0.000000000000000000, -0.000000000000000000, -1.000000000000000000 ) ) ;
#1072 = LINE ( 'NONE', #1475, #1592 ) ;
#1073 = CC_DESIGN_SECURITY_CLASSIFICATION ( #455, ( #625 ) ) ;
#1074 = DIRECTION ( 'NONE',  ( 0.000000000000000000, 0.000000000000000000, 1.000000000000000000 ) ) ;
#1075 = VERTEX_POINT ( 'NONE', #1383 ) ;
#1076 = DIRECTION ( 'NONE',  ( -6.938893903907270779E-16, -1.000000000000000000, 0.000000000000000000 ) ) ;
#1077 = AXIS2_PLACEMENT_3D ( 'NONE', #1064, #247, #240 ) ;
#1078 = CARTESIAN_POINT ( 'NONE',  ( 1.055636936676339079E-16, 10.49999999999999112, 0.000000000000000000 ) ) ;
#1079 = CARTESIAN_POINT ( 'NONE',  ( -9.999999999999998224, 13.49999999999999112, 12.00000000000000533 ) ) ;
#1080 = CARTESIAN_POINT ( 'NONE',  ( 7.000000000000000888, 7.999999999999991118, 14.00000000000000000 ) ) ;
#1081 = ORIENTED_EDGE ( 'NONE', *, *, #744, .T. ) ;
#1082 = CARTESIAN_POINT ( 'NONE',  ( 7.000000000000000888, 12.99999999999999112, 14.00000000000000000 ) ) ;
#1083 = DIRECTION ( 'NONE',  ( 1.000000000000000000, 0.000000000000000000, 0.000000000000000000 ) ) ;
#1084 = CARTESIAN_POINT ( 'NONE',  ( -9.999999999999998224, 13.49999999999999112, 12.00000000000000533 ) ) ;
#1085 = EDGE_CURVE ( 'NONE', #1141, #1407, #1127, .T. ) ;
#1086 = AXIS2_PLACEMENT_3D ( 'NONE', #1523, #409, #903 ) ;
#1087 = CIRCLE ( 'NONE', #411, 2.000000000000001776 ) ;
#1088 = PLANE ( 'NONE',  #482 ) ;
#1089 = ADVANCED_FACE ( 'NONE', ( #375, #366 ), #999, .T. ) ;
#1090 = LINE ( 'NONE', #596, #1608 ) ;
#1091 = DIRECTION ( 'NONE',  ( 0.000000000000000000, 0.000000000000000000, -1.000000000000000000 ) ) ;
#1092 = PRODUCT_RELATED_PRODUCT_CATEGORY ( 'detail', '', ( #1370 ) ) ;
#1093 = CIRCLE ( 'NONE', #1351, 3.000000000000002665 ) ;
#1094 = CARTESIAN_POINT ( 'NONE',  ( 71.00000000000001421, 10.49999999999999289, 7.000000000000000000 ) ) ;
#1095 = VECTOR ( 'NONE', #26, 1000.000000000000000 ) ;
#1096 = CARTESIAN_POINT ( 'NONE',  ( 21.50000000000000000, 8.000000000000000000, 14.00000000000000000 ) ) ;
#1097 = CARTESIAN_POINT ( 'NONE',  ( 31.00000000000000355, 12.99999999999998401, 0.000000000000000000 ) ) ;
#1098 = EDGE_CURVE ( 'NONE', #1286, #256, #1501, .T. ) ;
#1099 = ADVANCED_FACE ( 'NONE', ( #1612 ), #1379, .T. ) ;
#1100 = CARTESIAN_POINT ( 'NONE',  ( 65.00000000000001421, 27.00000000000000000, 0.000000000000000000 ) ) ;
#1101 = PERSON ( 'UNSPECIFIED', 'UNSPECIFIED', 'UNSPECIFIED', ('UNSPECIFIED'), ('UNSPECIFIED'), ('UNSPECIFIED') ) ;
#1102 = DIRECTION ( 'NONE',  ( -0.000000000000000000, -0.000000000000000000, -1.000000000000000000 ) ) ;
#1103 = CARTESIAN_POINT ( 'NONE',  ( 30.93649167310371340, 13.49999999999999289, 0.000000000000000000 ) ) ;
#1104 = ORIENTED_EDGE ( 'NONE', *, *, #1378, .F. ) ;
#1105 = VECTOR ( 'NONE', #898, 1000.000000000000000 ) ;
#1106 = DIRECTION ( 'NONE',  ( -1.000000000000000000, 0.000000000000000000, 0.000000000000000000 ) ) ;
#1107 = CIRCLE ( 'NONE', #644, 2.000000000000001776 ) ;
#1108 = LINE ( 'NONE', #1605, #1029 ) ;
#1109 = DIRECTION ( 'NONE',  ( -0.000000000000000000, -0.000000000000000000, -1.000000000000000000 ) ) ;
#1110 = DIRECTION ( 'NONE',  ( -1.734723475976808080E-16, 1.000000000000000000, 0.000000000000000000 ) ) ;
#1111 = ORIENTED_EDGE ( 'NONE', *, *, #1151, .T. ) ;
#1112 = VECTOR ( 'NONE', #1109, 1000.000000000000000 ) ;
#1113 = CARTESIAN_POINT ( 'NONE',  ( 30.93649167310371340, 13.49999999999999289, 14.00000000000000000 ) ) ;
#1114 = CARTESIAN_POINT ( 'NONE',  ( 36.00000000000002132, 13.00000000000000355, 0.000000000000000000 ) ) ;
#1115 = ORIENTED_EDGE ( 'NONE', *, *, #179, .T. ) ;
#1116 = ORGANIZATION ( 'UNSPECIFIED', 'UNSPECIFIED', '' ) ;
#1117 = CARTESIAN_POINT ( 'NONE',  ( 21.50000000000000000, 13.00000000000000178, 14.00000000000000000 ) ) ;
#1118 = AXIS2_PLACEMENT_3D ( 'NONE', #1234, #1106, #1508 ) ;
#1119 = DIRECTION ( 'NONE',  ( -1.000000000000000000, -0.000000000000000000, -2.168404344971008868E-16 ) ) ;
#1120 = ADVANCED_FACE ( 'NONE', ( #265 ), #21, .F. ) ;
#1121 = CIRCLE ( 'NONE', #688, 2.000000000000001776 ) ;
#1122 = DIRECTION ( 'NONE',  ( -3.518789788921131289E-17, 1.000000000000000000, 0.000000000000000000 ) ) ;
#1123 = CARTESIAN_POINT ( 'NONE',  ( 75.00000000000001421, 10.49999999999999467, 12.00000000000000000 ) ) ;
#1124 = EDGE_LOOP ( 'NONE', ( #1296, #896, #1295, #442, #148, #540, #673, #525, #1176, #129, #176, #29, #121, #1400, #292, #146, #1520, #40, #1459, #1178, #71, #772, #18, #188, #345, #140, #553, #831 ) ) ;
#1125 = CARTESIAN_POINT ( 'NONE',  ( 31.73856217223386267, 4.000000000000004441, 7.000000000000000000 ) ) ;
#1126 = ORIENTED_EDGE ( 'NONE', *, *, #1511, .F. ) ;
#1127 = LINE ( 'NONE', #139, #1216 ) ;
#1128 = ORIENTED_EDGE ( 'NONE', *, *, #1155, .F. ) ;
#1129 = DIRECTION ( 'NONE',  ( 0.000000000000000000, -0.000000000000000000, 1.000000000000000000 ) ) ;
#1130 = CARTESIAN_POINT ( 'NONE',  ( -10.00000000000000000, 10.49999999999999112, 1.999999999999998224 ) ) ;
#1131 = VECTOR ( 'NONE', #1119, 1000.000000000000000 ) ;
#1132 = VERTEX_POINT ( 'NONE', #1386 ) ;
#1133 = CARTESIAN_POINT ( 'NONE',  ( 5.000000000000000888, 8.000000000000005329, 0.000000000000000000 ) ) ;
#1134 = ORIENTED_EDGE ( 'NONE', *, *, #1321, .T. ) ;
#1135 = DIRECTION ( 'NONE',  ( 0.000000000000000000, 0.000000000000000000, 1.000000000000000000 ) ) ;
#1136 = VERTEX_POINT ( 'NONE', #1114 ) ;
#1137 = CARTESIAN_POINT ( 'NONE',  ( 7.000000000000016875, 5.999999999999992006, 0.000000000000000000 ) ) ;
#1138 = PLANE ( 'NONE',  #363 ) ;
#1139 = CLOSED_SHELL ( 'NONE', ( #978, #1050, #747, #1120, #1486, #531, #1332, #1089, #808, #485, #857, #1070, #1522, #1142, #293, #232, #1454, #190, #481, #38, #163, #626, #106, #599, #1387, #36, #1229, #818, #1036, #142, #766, #1203, #1565, #1170, #839, #851, #858, #775, #104, #1448, #119, #1099, #1604, #867, #1220, #731, #881 ) ) ;
#1140 = DIRECTION ( 'NONE',  ( 0.000000000000000000, 0.000000000000000000, 1.000000000000000000 ) ) ;
#1141 = VERTEX_POINT ( 'NONE', #395 ) ;
#1142 = ADVANCED_FACE ( 'NONE', ( #649 ), #1485, .F. ) ;
#1143 = ORIENTED_EDGE ( 'NONE', *, *, #1193, .T. ) ;
#1144 = EDGE_CURVE ( 'NONE', #1424, #895, #873, .T. ) ;
#1145 = AXIS2_PLACEMENT_3D ( 'NONE', #577, #1226, #1607 ) ;
#1146 = CARTESIAN_POINT ( 'NONE',  ( 5.000000000000000888, 8.000000000000005329, 14.00000000000000000 ) ) ;
#1147 = DIRECTION ( 'NONE',  ( -0.000000000000000000, -0.000000000000000000, -1.000000000000000000 ) ) ;
#1148 = VERTEX_POINT ( 'NONE', #890 ) ;
#1149 = VERTEX_POINT ( 'NONE', #503 ) ;
#1150 = PLANE ( 'NONE',  #702 ) ;
#1151 = EDGE_CURVE ( 'NONE', #133, #633, #1600, .T. ) ;
#1152 = DIRECTION ( 'NONE',  ( -6.938893903907267821E-16, 1.000000000000000000, 0.000000000000000000 ) ) ;
#1153 = PERSON_AND_ORGANIZATION ( #1101, #1116 ) ;
#1154 = DIRECTION ( 'NONE',  ( -0.000000000000000000, -0.000000000000000000, -1.000000000000000000 ) ) ;
#1155 = EDGE_CURVE ( 'NONE', #256, #1075, #752, .T. ) ;
#1156 = VECTOR ( 'NONE', #1147, 1000.000000000000000 ) ;
#1157 = VERTEX_POINT ( 'NONE', #530 ) ;
#1158 = ORIENTED_EDGE ( 'NONE', *, *, #413, .T. ) ;
#1159 = DIRECTION ( 'NONE',  ( -0.000000000000000000, -0.000000000000000000, -1.000000000000000000 ) ) ;
#1160 = VECTOR ( 'NONE', #1252, 1000.000000000000000 ) ;
#1161 = ORIENTED_EDGE ( 'NONE', *, *, #1010, .F. ) ;
#1162 = ORIENTED_EDGE ( 'NONE', *, *, #711, .T. ) ;
#1163 = LINE ( 'NONE', #394, #84 ) ;
#1164 = APPLICATION_PROTOCOL_DEFINITION ( 'international standard', 'config_control_design', 1994, #156 ) ;
#1165 = CYLINDRICAL_SURFACE ( 'NONE', #9, 1.000000000000000888 ) ;
#1166 = ORIENTED_EDGE ( 'NONE', *, *, #1591, .T. ) ;
#1167 = VERTEX_POINT ( 'NONE', #1017 ) ;
#1168 = CIRCLE ( 'NONE', #96, 2.000000000000000000 ) ;
#1169 = LINE ( 'NONE', #564, #1423 ) ;
#1170 = ADVANCED_FACE ( 'NONE', ( #745, #880 ), #1138, .T. ) ;
#1171 = CARTESIAN_POINT ( 'NONE',  ( 36.00000000000002132, 13.00000000000000355, 14.00000000000000000 ) ) ;
#1172 = DIRECTION ( 'NONE',  ( 1.000000000000000000, 0.000000000000000000, 0.000000000000000000 ) ) ;
#1173 = DIRECTION ( 'NONE',  ( -0.000000000000000000, -0.000000000000000000, -1.000000000000000000 ) ) ;
#1174 = DIRECTION ( 'NONE',  ( 2.168404344971008868E-16, 7.630159067336200389E-33, -1.000000000000000000 ) ) ;
#1175 = CIRCLE ( 'NONE', #990, 2.000000000000000000 ) ;
#1176 = ORIENTED_EDGE ( 'NONE', *, *, #763, .F. ) ;
#1177 = VERTEX_POINT ( 'NONE', #496 ) ;
#1178 = ORIENTED_EDGE ( 'NONE', *, *, #1263, .F. ) ;
#1179 = VERTEX_POINT ( 'NONE', #258 ) ;
#1180 = CARTESIAN_POINT ( 'NONE',  ( 57.99999999999998579, 13.00000000000000178, 14.00000000000000000 ) ) ;
#1181 = CARTESIAN_POINT ( 'NONE',  ( 43.49999999999999289, 13.00000000000000355, 14.00000000000000000 ) ) ;
#1182 = DIRECTION ( 'NONE',  ( 0.000000000000000000, 0.000000000000000000, -1.000000000000000000 ) ) ;
#1183 = CARTESIAN_POINT ( 'NONE',  ( 43.49999999999999289, 13.00000000000000355, 14.00000000000000000 ) ) ;
#1184 = EDGE_CURVE ( 'NONE', #1167, #1136, #1107, .T. ) ;
#1185 = DIRECTION ( 'NONE',  ( -1.000000000000000000, 0.000000000000000000, 0.000000000000000000 ) ) ;
#1186 = ORIENTED_EDGE ( 'NONE', *, *, #311, .F. ) ;
#1187 = ORIENTED_EDGE ( 'NONE', *, *, #147, .T. ) ;
#1188 = ORIENTED_EDGE ( 'NONE', *, *, #372, .F. ) ;
#1189 = ORIENTED_EDGE ( 'NONE', *, *, #10, .T. ) ;
#1190 = VECTOR ( 'NONE', #1577, 1000.000000000000000 ) ;
#1191 = CYLINDRICAL_SURFACE ( 'NONE', #410, 1.000000000000000888 ) ;
#1192 = VECTOR ( 'NONE', #983, 1000.000000000000000 ) ;
#1193 = EDGE_CURVE ( 'NONE', #73, #1014, #1249, .T. ) ;
#1194 = DIRECTION ( 'NONE',  ( 1.262328239121117212E-16, -1.000000000000000000, 0.000000000000000000 ) ) ;
#1195 = DIRECTION ( 'NONE',  ( -1.000000000000000000, 0.000000000000000000, 0.000000000000000000 ) ) ;
#1196 = PLANE ( 'NONE',  #157 ) ;
#1197 = VERTEX_POINT ( 'NONE', #237 ) ;
#1198 = ORIENTED_EDGE ( 'NONE', *, *, #1324, .T. ) ;
#1199 = CARTESIAN_POINT ( 'NONE',  ( -6.000000000000000888, 10.49999999999999112, 7.000000000000000888 ) ) ;
#1200 = FACE_OUTER_BOUND ( 'NONE', #892, .T. ) ;
#1201 = AXIS2_PLACEMENT_3D ( 'NONE', #739, #1388, #1231 ) ;
#1202 = CARTESIAN_POINT ( 'NONE',  ( 75.00000000000001421, 13.49999999999999467, 12.00000000000000000 ) ) ;
#1203 = ADVANCED_FACE ( 'NONE', ( #620, #738 ), #126, .T. ) ;
#1204 = EDGE_CURVE ( 'NONE', #297, #859, #1108, .T. ) ;
#1205 = DIRECTION ( 'NONE',  ( 0.000000000000000000, 0.000000000000000000, 1.000000000000000000 ) ) ;
#1206 = CARTESIAN_POINT ( 'NONE',  ( 44.82287565553228603, 13.49999999999999112, 0.000000000000000000 ) ) ;
#1207 = AXIS2_PLACEMENT_3D ( 'NONE', #326, #935, #1205 ) ;
#1208 = LINE ( 'NONE', #607, #963 ) ;
#1209 = CARTESIAN_POINT ( 'NONE',  ( 14.50000000000000000, 8.000000000000000000, 0.000000000000000000 ) ) ;
#1210 = EDGE_CURVE ( 'NONE', #15, #1408, #676, .T. ) ;
#1211 = CARTESIAN_POINT ( 'NONE',  ( 0.000000000000000000, 0.000000000000000000, 14.00000000000000000 ) ) ;
#1212 = EDGE_CURVE ( 'NONE', #660, #15, #1547, .T. ) ;
#1213 = CARTESIAN_POINT ( 'NONE',  ( 33.93856217223385840, 13.49999999999999289, 7.000000000000000000 ) ) ;
#1214 = CYLINDRICAL_SURFACE ( 'NONE', #1000, 1.999999999999998224 ) ;
#1215 = VECTOR ( 'NONE', #1159, 1000.000000000000000 ) ;
#1216 = VECTOR ( 'NONE', #1254, 1000.000000000000000 ) ;
#1217 = PERSON_AND_ORGANIZATION ( #1101, #1116 ) ;
#1218 = CARTESIAN_POINT ( 'NONE',  ( -5.000000000000000000, 13.49999999999999112, 7.000000000000000888 ) ) ;
#1219 = CYLINDRICAL_SURFACE ( 'NONE', #497, 2.000000000000000000 ) ;
#1220 = ADVANCED_FACE ( 'NONE', ( #431 ), #1165, .F. ) ;
#1221 = EDGE_CURVE ( 'NONE', #256, #1434, #58, .T. ) ;
#1222 = CARTESIAN_POINT ( 'NONE',  ( -2.236312998901053747E-15, 10.49999999999998224, 0.000000000000000000 ) ) ;
#1223 = LINE ( 'NONE', #1377, #41 ) ;
#1224 = LOCAL_TIME ( 18, 39, 54.00000000000000000, #1536 ) ;
#1225 = CYLINDRICAL_SURFACE ( 'NONE', #548, 1.999999999999998224 ) ;
#1226 = DIRECTION ( 'NONE',  ( 0.000000000000000000, 0.000000000000000000, 1.000000000000000000 ) ) ;
#1227 = DIRECTION ( 'NONE',  ( -3.518789788921131289E-17, 1.000000000000000000, 0.000000000000000000 ) ) ;
#1228 = DIRECTION ( 'NONE',  ( -3.518789788921131289E-17, 1.000000000000000000, 0.000000000000000000 ) ) ;
#1229 = ADVANCED_FACE ( 'NONE', ( #414 ), #48, .T. ) ;
#1230 = ORIENTED_EDGE ( 'NONE', *, *, #573, .T. ) ;
#1231 = DIRECTION ( 'NONE',  ( -1.000000000000000000, 0.000000000000000000, 0.000000000000000000 ) ) ;
#1232 = PLANE ( 'NONE',  #1272 ) ;
#1233 = ORIENTED_EDGE ( 'NONE', *, *, #54, .T. ) ;
#1234 = CARTESIAN_POINT ( 'NONE',  ( 65.00000000000001421, 27.00000000000000000, 14.00000000000000000 ) ) ;
#1235 = AXIS2_PLACEMENT_3D ( 'NONE', #379, #629, #120 ) ;
#1236 = CARTESIAN_POINT ( 'NONE',  ( -2.257197576947966694E-15, 13.49999999999999112, 0.000000000000000000 ) ) ;
#1237 = LINE ( 'NONE', #1493, #1112 ) ;
#1238 = CARTESIAN_POINT ( 'NONE',  ( 7.000000000000000888, 12.99999999999999112, 0.000000000000000000 ) ) ;
#1239 = AXIS2_PLACEMENT_3D ( 'NONE', #718, #1593, #340 ) ;
#1240 = LINE ( 'NONE', #1113, #581 ) ;
#1241 = DIRECTION ( 'NONE',  ( -3.518789788921131289E-17, 1.000000000000000000, 0.000000000000000000 ) ) ;
#1242 = EDGE_CURVE ( 'NONE', #301, #883, #551, .T. ) ;
#1243 = ORIENTED_EDGE ( 'NONE', *, *, #1415, .T. ) ;
#1244 = CARTESIAN_POINT ( 'NONE',  ( 31.00000000000000355, 12.99999999999998401, 14.00000000000000000 ) ) ;
#1245 = ORIENTED_EDGE ( 'NONE', *, *, #1085, .T. ) ;
#1246 = CARTESIAN_POINT ( 'NONE',  ( 50.50000000000000000, 15.00000000000000178, 14.00000000000000000 ) ) ;
#1247 = ORIENTED_EDGE ( 'NONE', *, *, #803, .T. ) ;
#1248 = CARTESIAN_POINT ( 'NONE',  ( 35.83856217223386409, 4.000000000000004441, 7.000000000000000000 ) ) ;
#1249 = LINE ( 'NONE', #639, #440 ) ;
#1250 = EDGE_LOOP ( 'NONE', ( #60, #1392, #1391, #238 ) ) ;
#1251 = EDGE_CURVE ( 'NONE', #1157, #44, #173, .T. ) ;
#1252 = DIRECTION ( 'NONE',  ( 0.000000000000000000, 0.000000000000000000, 1.000000000000000000 ) ) ;
#1253 = VERTEX_POINT ( 'NONE', #68 ) ;
#1254 = DIRECTION ( 'NONE',  ( -0.000000000000000000, 1.000000000000000000, -0.000000000000000000 ) ) ;
#1255 = ORIENTED_EDGE ( 'NONE', *, *, #466, .T. ) ;
#1256 = PLANE ( 'NONE',  #827 ) ;
#1257 = DIRECTION ( 'NONE',  ( -0.000000000000000000, -0.000000000000000000, -1.000000000000000000 ) ) ;
#1258 = VECTOR ( 'NONE', #524, 1000.000000000000000 ) ;
#1259 = LINE ( 'NONE', #762, #1160 ) ;
#1260 = EDGE_CURVE ( 'NONE', #398, #686, #693, .T. ) ;
#1261 = ORIENTED_EDGE ( 'NONE', *, *, #1586, .T. ) ;
#1262 = EDGE_CURVE ( 'NONE', #580, #1494, #1554, .T. ) ;
#1263 = EDGE_CURVE ( 'NONE', #1399, #290, #1087, .T. ) ;
#1264 = EDGE_CURVE ( 'NONE', #290, #1157, #1431, .T. ) ;
#1265 = ORIENTED_EDGE ( 'NONE', *, *, #1509, .T. ) ;
#1266 = EDGE_LOOP ( 'NONE', ( #111, #940 ) ) ;
#1267 = CARTESIAN_POINT ( 'NONE',  ( 32.83856217223386409, 4.000000000000004441, 7.000000000000000000 ) ) ;
#1268 = CARTESIAN_POINT ( 'NONE',  ( 36.00000000000002132, 13.00000000000000355, 0.000000000000000000 ) ) ;
#1269 = VERTEX_POINT ( 'NONE', #1183 ) ;
#1270 = ORIENTED_EDGE ( 'NONE', *, *, #763, .T. ) ;
#1271 = CARTESIAN_POINT ( 'NONE',  ( 75.00000000000001421, 13.49999999999999467, 12.00000000000000000 ) ) ;
#1272 = AXIS2_PLACEMENT_3D ( 'NONE', #1222, #1110, #615 ) ;
#1273 = EDGE_CURVE ( 'NONE', #1136, #663, #183, .T. ) ;
#1274 = DIRECTION ( 'NONE',  ( 0.000000000000000000, 0.000000000000000000, 1.000000000000000000 ) ) ;
#1275 = PERSON_AND_ORGANIZATION ( #1101, #1116 ) ;
#1276 = DIRECTION ( 'NONE',  ( -0.000000000000000000, -0.000000000000000000, -1.000000000000000000 ) ) ;
#1277 = ORIENTED_EDGE ( 'NONE', *, *, #636, .T. ) ;
#1278 = ORIENTED_EDGE ( 'NONE', *, *, #700, .F. ) ;
#1279 = DIRECTION ( 'NONE',  ( -1.000000000000000000, 0.000000000000000000, 0.000000000000000000 ) ) ;
#1280 = DIRECTION ( 'NONE',  ( 1.000000000000000000, 0.000000000000000000, 0.000000000000000000 ) ) ;
#1281 = CARTESIAN_POINT ( 'NONE',  ( 44.82287565553228603, 13.49999999999999289, 14.00000000000000000 ) ) ;
#1282 = ORIENTED_EDGE ( 'NONE', *, *, #997, .F. ) ;
#1283 = CIRCLE ( 'NONE', #207, 2.000000000000000000 ) ;
#1284 = ORIENTED_EDGE ( 'NONE', *, *, #189, .T. ) ;
#1285 = VECTOR ( 'NONE', #439, 1000.000000000000000 ) ;
#1286 = VERTEX_POINT ( 'NONE', #1301 ) ;
#1287 = EDGE_CURVE ( 'NONE', #398, #1399, #296, .T. ) ;
#1288 = LINE ( 'NONE', #699, #1025 ) ;
#1289 = ORIENTED_EDGE ( 'NONE', *, *, #64, .T. ) ;
#1290 = CARTESIAN_POINT ( 'NONE',  ( 21.50000000000001421, 6.000000000000000888, 14.00000000000000000 ) ) ;
#1291 = CARTESIAN_POINT ( 'NONE',  ( 21.50000000000000000, 13.00000000000000178, 14.00000000000000000 ) ) ;
#1292 = VERTEX_POINT ( 'NONE', #404 ) ;
#1293 = ORIENTED_EDGE ( 'NONE', *, *, #417, .T. ) ;
#1294 = ORIENTED_EDGE ( 'NONE', *, *, #1210, .F. ) ;
#1295 = ORIENTED_EDGE ( 'NONE', *, *, #645, .T. ) ;
#1296 = ORIENTED_EDGE ( 'NONE', *, *, #167, .F. ) ;
#1297 = CARTESIAN_POINT ( 'NONE',  ( 69.00000000000000000, 10.49999999999999289, 7.000000000000000000 ) ) ;
#1298 = EDGE_CURVE ( 'NONE', #1544, #1398, #798, .T. ) ;
#1299 = CARTESIAN_POINT ( 'NONE',  ( 70.00000000000000000, 13.49999999999999289, 7.000000000000000000 ) ) ;
#1300 = CIRCLE ( 'NONE', #321, 2.000000000000000000 ) ;
#1301 = CARTESIAN_POINT ( 'NONE',  ( -10.00000000000000000, 10.49999999999999112, 1.999999999999998224 ) ) ;
#1302 = FACE_OUTER_BOUND ( 'NONE', #200, .T. ) ;
#1303 = AXIS2_PLACEMENT_3D ( 'NONE', #814, #568, #460 ) ;
#1304 = ORIENTED_EDGE ( 'NONE', *, *, #113, .F. ) ;
#1305 = ORIENTED_EDGE ( 'NONE', *, *, #323, .T. ) ;
#1306 = VERTEX_POINT ( 'NONE', #153 ) ;
#1307 = ORIENTED_EDGE ( 'NONE', *, *, #997, .T. ) ;
#1308 = EDGE_CURVE ( 'NONE', #290, #1316, #916, .T. ) ;
#1309 = DIRECTION ( 'NONE',  ( -1.000000000000000000, -3.518789788921131289E-17, 0.000000000000000000 ) ) ;
#1310 = CARTESIAN_POINT ( 'NONE',  ( 32.83856217223386409, 4.000000000000004441, 7.000000000000000000 ) ) ;
#1311 = LINE ( 'NONE', #736, #787 ) ;
#1312 = PLANE ( 'NONE',  #1384 ) ;
#1313 = ORIENTED_EDGE ( 'NONE', *, *, #689, .T. ) ;
#1314 = ORIENTED_EDGE ( 'NONE', *, *, #976, .T. ) ;
#1315 = DIRECTION ( 'NONE',  ( 0.000000000000000000, 1.000000000000000000, 0.000000000000000000 ) ) ;
#1316 = VERTEX_POINT ( 'NONE', #28 ) ;
#1317 = AXIS2_PLACEMENT_3D ( 'NONE', #314, #303, #295 ) ;
#1318 = EDGE_CURVE ( 'NONE', #1141, #707, #907, .T. ) ;
#1319 = LINE ( 'NONE', #231, #574 ) ;
#1320 = CARTESIAN_POINT ( 'NONE',  ( 71.00000000000001421, 10.49999999999999289, 7.000000000000000000 ) ) ;
#1321 = EDGE_CURVE ( 'NONE', #637, #263, #162, .T. ) ;
#1322 = VECTOR ( 'NONE', #1375, 1000.000000000000000 ) ;
#1323 = AXIS2_PLACEMENT_3D ( 'NONE', #1367, #865, #250 ) ;
#1324 = EDGE_CURVE ( 'NONE', #937, #1362, #37, .T. ) ;
#1325 = CARTESIAN_POINT ( 'NONE',  ( -2.257197576947966694E-15, 13.49999999999999112, 0.000000000000000000 ) ) ;
#1326 = ORIENTED_EDGE ( 'NONE', *, *, #1492, .F. ) ;
#1327 = FACE_OUTER_BOUND ( 'NONE', #1418, .T. ) ;
#1328 = EDGE_CURVE ( 'NONE', #165, #707, #1283, .T. ) ;
#1329 = DIRECTION ( 'NONE',  ( -0.000000000000000000, -0.000000000000000000, -1.000000000000000000 ) ) ;
#1330 = VECTOR ( 'NONE', #632, 1000.000000000000000 ) ;
#1331 = DIRECTION ( 'NONE',  ( -1.000000000000000000, 0.000000000000000000, 0.000000000000000000 ) ) ;
#1332 = ADVANCED_FACE ( 'NONE', ( #572 ), #597, .F. ) ;
#1333 = DIRECTION ( 'NONE',  ( -1.000000000000000000, 0.000000000000000000, 0.000000000000000000 ) ) ;
#1334 = ORIENTED_EDGE ( 'NONE', *, *, #659, .T. ) ;
#1335 = AXIS2_PLACEMENT_3D ( 'NONE', #344, #206, #721 ) ;
#1336 = DIRECTION ( 'NONE',  ( 0.000000000000000000, 0.000000000000000000, 1.000000000000000000 ) ) ;
#1337 = CARTESIAN_POINT ( 'NONE',  ( 75.00000000000001421, 10.49999999999999467, 2.000000000000000000 ) ) ;
#1338 = ADVANCED_BREP_SHAPE_REPRESENTATION ( 'Lower Main Body Cutted', ( #329, #35 ), #1451 ) ;
#1339 = CARTESIAN_POINT ( 'NONE',  ( -10.00000000000000000, 10.49999999999999112, 1.999999999999998224 ) ) ;
#1340 = EDGE_CURVE ( 'NONE', #1407, #398, #957, .T. ) ;
#1341 = EDGE_CURVE ( 'NONE', #716, #1136, #457, .T. ) ;
#1342 = CARTESIAN_POINT ( 'NONE',  ( 36.00000000000002132, 13.00000000000000355, 14.00000000000000000 ) ) ;
#1343 = EDGE_CURVE ( 'NONE', #1179, #1316, #1527, .T. ) ;
#1344 = DIRECTION ( 'NONE',  ( 1.000000000000000000, 0.000000000000000000, 0.000000000000000000 ) ) ;
#1345 = CARTESIAN_POINT ( 'NONE',  ( 0.000000000000000000, 0.000000000000000000, 14.00000000000000000 ) ) ;
#1346 = VECTOR ( 'NONE', #1045, 1000.000000000000000 ) ;
#1347 = LINE ( 'NONE', #230, #1031 ) ;
#1348 = CIRCLE ( 'NONE', #278, 2.000000000000001776 ) ;
#1349 = CARTESIAN_POINT ( 'NONE',  ( 75.00000000000001421, 10.49999999999999467, 12.00000000000000000 ) ) ;
#1350 = CYLINDRICAL_SURFACE ( 'NONE', #1077, 3.000000000000002665 ) ;
#1351 = AXIS2_PLACEMENT_3D ( 'NONE', #82, #602, #712 ) ;
#1352 = EDGE_CURVE ( 'NONE', #1437, #1066, #962, .T. ) ;
#1353 = PLANE ( 'NONE',  #1118 ) ;
#1354 = CARTESIAN_POINT ( 'NONE',  ( 36.00000000000000711, 15.00000000000000355, 0.000000000000000000 ) ) ;
#1355 = AXIS2_PLACEMENT_3D ( 'NONE', #377, #1440, #105 ) ;
#1356 = ORIENTED_EDGE ( 'NONE', *, *, #64, .F. ) ;
#1357 = CARTESIAN_POINT ( 'NONE',  ( 21.50000000000001421, 6.000000000000000000, 14.00000000000000000 ) ) ;
#1358 = CARTESIAN_POINT ( 'NONE',  ( 3.278117500739934040E-21, 13.49999999999999112, 14.00000000000000000 ) ) ;
#1359 = VERTEX_POINT ( 'NONE', #583 ) ;
#1360 = CARTESIAN_POINT ( 'NONE',  ( -3.694729278367185049E-16, 10.49999999999999112, 2.000000000000000444 ) ) ;
#1361 = DIRECTION ( 'NONE',  ( 0.000000000000000000, 0.000000000000000000, 1.000000000000000000 ) ) ;
#1362 = VERTEX_POINT ( 'NONE', #949 ) ;
#1363 = DIRECTION ( 'NONE',  ( 0.000000000000000000, 0.000000000000000000, 1.000000000000000000 ) ) ;
#1364 = DIRECTION ( 'NONE',  ( -0.000000000000000000, -1.000000000000000000, -0.000000000000000000 ) ) ;
#1365 = VERTEX_POINT ( 'NONE', #1337 ) ;
#1366 = CIRCLE ( 'NONE', #92, 1.099999999999996758 ) ;
#1367 = CARTESIAN_POINT ( 'NONE',  ( 0.000000000000000000, 0.000000000000000000, 0.000000000000000000 ) ) ;
#1368 = DIRECTION ( 'NONE',  ( -0.000000000000000000, -0.000000000000000000, -1.000000000000000000 ) ) ;
#1369 = CIRCLE ( 'NONE', #1585, 3.000000000000002665 ) ;
#1370 = PRODUCT ( 'Lower Main Body Cutted', 'Lower Main Body Cutted', '', ( #57 ) ) ;
#1371 = ORIENTED_EDGE ( 'NONE', *, *, #919, .T. ) ;
#1372 = CARTESIAN_POINT ( 'NONE',  ( 5.063508326896292822, 13.49999999999999112, 14.00000000000000000 ) ) ;
#1373 = EDGE_LOOP ( 'NONE', ( #1402, #816, #61, #783 ) ) ;
#1374 = EDGE_CURVE ( 'NONE', #62, #722, #1366, .T. ) ;
#1375 = DIRECTION ( 'NONE',  ( 1.000000000000000000, 3.518789788921131289E-17, 0.000000000000000000 ) ) ;
#1376 = EDGE_LOOP ( 'NONE', ( #878, #1416 ) ) ;
#1377 = CARTESIAN_POINT ( 'NONE',  ( -3.694729278367185049E-16, 10.49999999999999112, 2.000000000000000444 ) ) ;
#1378 = EDGE_CURVE ( 'NONE', #1449, #1424, #332, .T. ) ;
#1379 = PLANE ( 'NONE',  #141 ) ;
#1380 = VERTEX_POINT ( 'NONE', #724 ) ;
#1381 = DIRECTION ( 'NONE',  ( -0.000000000000000000, -0.000000000000000000, -1.000000000000000000 ) ) ;
#1382 = ORIENTED_EDGE ( 'NONE', *, *, #179, .F. ) ;
#1383 = CARTESIAN_POINT ( 'NONE',  ( 1.365250548140088589E-15, 10.49999999999999112, 12.00000000000000000 ) ) ;
#1384 = AXIS2_PLACEMENT_3D ( 'NONE', #1465, #715, #468 ) ;
#1385 = DIRECTION ( 'NONE',  ( 1.000000000000000000, 0.000000000000000000, 0.000000000000000000 ) ) ;
#1386 = CARTESIAN_POINT ( 'NONE',  ( 33.93856217223385840, 4.000000000000004441, 7.000000000000000000 ) ) ;
#1387 = ADVANCED_FACE ( 'NONE', ( #719 ), #1214, .F. ) ;
#1388 = DIRECTION ( 'NONE',  ( -0.000000000000000000, -0.000000000000000000, -1.000000000000000000 ) ) ;
#1389 = EDGE_CURVE ( 'NONE', #1434, #73, #95, .T. ) ;
#1390 = VERTEX_POINT ( 'NONE', #480 ) ;
#1391 = ORIENTED_EDGE ( 'NONE', *, *, #1563, .T. ) ;
#1392 = ORIENTED_EDGE ( 'NONE', *, *, #1591, .F. ) ;
#1393 = CARTESIAN_POINT ( 'NONE',  ( 65.00000000000001421, 8.205133554287264393E-15, 0.000000000000000000 ) ) ;
#1394 = PERSON_AND_ORGANIZATION ( #1101, #1116 ) ;
#1395 = CIRCLE ( 'NONE', #1086, 1.000000000000000888 ) ;
#1396 = DIRECTION ( 'NONE',  ( -3.518789788921131289E-17, 1.000000000000000000, 0.000000000000000000 ) ) ;
#1397 = AXIS2_PLACEMENT_3D ( 'NONE', #399, #624, #1495 ) ;
#1398 = VERTEX_POINT ( 'NONE', #1320 ) ;
#1399 = VERTEX_POINT ( 'NONE', #1469 ) ;
#1400 = ORIENTED_EDGE ( 'NONE', *, *, #659, .F. ) ;
#1401 = FACE_OUTER_BOUND ( 'NONE', #1250, .T. ) ;
#1402 = ORIENTED_EDGE ( 'NONE', *, *, #1184, .F. ) ;
#1403 = ORIENTED_EDGE ( 'NONE', *, *, #252, .T. ) ;
#1404 = DIRECTION ( 'NONE',  ( 1.000000000000000000, 0.000000000000000000, 0.000000000000000000 ) ) ;
#1405 = APPROVAL_DATE_TIME ( #171, #871 ) ;
#1406 = CARTESIAN_POINT ( 'NONE',  ( -9.999999999999998224, 10.49999999999999112, 12.00000000000000533 ) ) ;
#1407 = VERTEX_POINT ( 'NONE', #846 ) ;
#1408 = VERTEX_POINT ( 'NONE', #212 ) ;
#1409 = FACE_OUTER_BOUND ( 'NONE', #938, .T. ) ;
#1410 = ORIENTED_EDGE ( 'NONE', *, *, #469, .F. ) ;
#1411 = VECTOR ( 'NONE', #799, 1000.000000000000000 ) ;
#1412 = CARTESIAN_POINT ( 'NONE',  ( 0.000000000000000000, 13.49999999999999112, 14.00000000000000000 ) ) ;
#1413 = CALENDAR_DATE ( 2026, 1, 3 ) ;
#1414 = DIRECTION ( 'NONE',  ( -1.000000000000000000, -1.734723475976808080E-16, 0.000000000000000000 ) ) ;
#1415 = EDGE_CURVE ( 'NONE', #883, #937, #713, .T. ) ;
#1416 = ORIENTED_EDGE ( 'NONE', *, *, #516, .F. ) ;
#1417 = ORIENTED_EDGE ( 'NONE', *, *, #1492, .T. ) ;
#1418 = EDGE_LOOP ( 'NONE', ( #336, #1104, #1533, #1115 ) ) ;
#1419 = CARTESIAN_POINT ( 'NONE',  ( 75.00000000000001421, 10.49999999999999467, 2.000000000000000000 ) ) ;
#1420 = CARTESIAN_POINT ( 'NONE',  ( 16.50000000000000000, 8.000000000000000000, 0.000000000000000000 ) ) ;
#1421 = PERSON_AND_ORGANIZATION ( #1101, #1116 ) ;
#1422 = CARTESIAN_POINT ( 'NONE',  ( 19.50000000000000000, 8.000000000000014211, 14.00000000000000000 ) ) ;
#1423 = VECTOR ( 'NONE', #281, 1000.000000000000000 ) ;
#1424 = VERTEX_POINT ( 'NONE', #465 ) ;
#1425 = AXIS2_PLACEMENT_3D ( 'NONE', #866, #243, #388 ) ;
#1426 = ORIENTED_EDGE ( 'NONE', *, *, #1022, .T. ) ;
#1427 = DIRECTION ( 'NONE',  ( -3.518789788921131289E-17, 1.000000000000000000, 0.000000000000000000 ) ) ;
#1428 = VECTOR ( 'NONE', #242, 1000.000000000000000 ) ;
#1429 = CARTESIAN_POINT ( 'NONE',  ( -4.750366215043524621E-16, 13.49999999999999112, 0.000000000000000000 ) ) ;
#1430 = PERSON_AND_ORGANIZATION ( #1101, #1116 ) ;
#1431 = LINE ( 'NONE', #683, #1285 ) ;
#1432 = FACE_OUTER_BOUND ( 'NONE', #310, .T. ) ;
#1433 = VERTEX_POINT ( 'NONE', #956 ) ;
#1434 = VERTEX_POINT ( 'NONE', #1084 ) ;
#1435 = ORIENTED_EDGE ( 'NONE', *, *, #1343, .T. ) ;
#1436 = EDGE_LOOP ( 'NONE', ( #805, #444, #13, #261 ) ) ;
#1437 = VERTEX_POINT ( 'NONE', #322 ) ;
#1438 = CARTESIAN_POINT ( 'NONE',  ( 16.50000000000000000, 12.99999999999998401, 14.00000000000000000 ) ) ;
#1439 = CARTESIAN_POINT ( 'NONE',  ( 70.00000000000000000, 13.49999999999999289, 7.000000000000000000 ) ) ;
#1440 = DIRECTION ( 'NONE',  ( 0.000000000000000000, 0.000000000000000000, 1.000000000000000000 ) ) ;
#1441 = FACE_OUTER_BOUND ( 'NONE', #1513, .T. ) ;
#1442 = ORIENTED_EDGE ( 'NONE', *, *, #452, .T. ) ;
#1443 = ORIENTED_EDGE ( 'NONE', *, *, #1563, .F. ) ;
#1444 = EDGE_CURVE ( 'NONE', #301, #1365, #1169, .T. ) ;
#1445 = EDGE_LOOP ( 'NONE', ( #1326, #1599, #284, #887 ) ) ;
#1446 = CARTESIAN_POINT ( 'NONE',  ( 32.83856217223386409, 13.49999999999999289, 7.000000000000000000 ) ) ;
#1447 = LINE ( 'NONE', #441, #236 ) ;
#1448 = ADVANCED_FACE ( 'NONE', ( #1409 ), #1191, .F. ) ;
#1449 = VERTEX_POINT ( 'NONE', #1532 ) ;
#1450 = DIRECTION ( 'NONE',  ( -0.000000000000000000, -0.000000000000000000, -1.000000000000000000 ) ) ;
#1451 =( GEOMETRIC_REPRESENTATION_CONTEXT ( 3 ) GLOBAL_UNCERTAINTY_ASSIGNED_CONTEXT ( ( #1481 ) ) GLOBAL_UNIT_ASSIGNED_CONTEXT ( ( #438, #67, #46 ) ) REPRESENTATION_CONTEXT ( 'NONE', 'WORKASPACE' ) );
#1452 = DIRECTION ( 'NONE',  ( -1.000000000000000000, 0.000000000000000000, 0.000000000000000000 ) ) ;
#1453 = CARTESIAN_POINT ( 'NONE',  ( 14.50000000000000000, 12.99999999999999822, 14.00000000000000000 ) ) ;
#1454 = ADVANCED_FACE ( 'NONE', ( #291 ), #819, .F. ) ;
#1455 = VECTOR ( 'NONE', #1122, 1000.000000000000000 ) ;
#1456 = CIRCLE ( 'NONE', #748, 2.000000000000001776 ) ;
#1457 = DATE_AND_TIME ( #358, #913 ) ;
#1458 = DIRECTION ( 'NONE',  ( -1.000000000000000000, 0.000000000000000000, 0.000000000000000000 ) ) ;
#1459 = ORIENTED_EDGE ( 'NONE', *, *, #1264, .F. ) ;
#1460 = ORIENTED_EDGE ( 'NONE', *, *, #413, .F. ) ;
#1461 = FACE_OUTER_BOUND ( 'NONE', #570, .T. ) ;
#1462 = AXIS2_PLACEMENT_3D ( 'NONE', #947, #1569, #833 ) ;
#1463 = DIRECTION ( 'NONE',  ( 0.000000000000000000, 0.000000000000000000, 1.000000000000000000 ) ) ;
#1464 = APPROVAL_PERSON_ORGANIZATION ( #1217, #922, #575 ) ;
#1465 = CARTESIAN_POINT ( 'NONE',  ( -10.00000000000000000, 10.49999999999999112, 1.999999999999998224 ) ) ;
#1466 = EDGE_CURVE ( 'NONE', #1167, #50, #662, .T. ) ;
#1467 = VECTOR ( 'NONE', #741, 1000.000000000000000 ) ;
#1468 = DIRECTION ( 'NONE',  ( 0.000000000000000000, 0.000000000000000000, 1.000000000000000000 ) ) ;
#1469 = CARTESIAN_POINT ( 'NONE',  ( 19.56350832689628660, 13.49999999999999112, 14.00000000000000000 ) ) ;
#1470 = DIRECTION ( 'NONE',  ( 0.000000000000000000, 0.000000000000000000, 1.000000000000000000 ) ) ;
#1471 = COORDINATED_UNIVERSAL_TIME_OFFSET ( 5, 30, .AHEAD. ) ;
#1472 = DIRECTION ( 'NONE',  ( 6.938893903907270779E-16, 1.000000000000000000, -0.000000000000000000 ) ) ;
#1473 = DIRECTION ( 'NONE',  ( 0.000000000000000000, 1.000000000000000000, 0.000000000000000000 ) ) ;
#1474 = CIRCLE ( 'NONE', #900, 1.000000000000000888 ) ;
#1475 = CARTESIAN_POINT ( 'NONE',  ( 35.83856217223386409, 4.000000000000004441, 7.000000000000000000 ) ) ;
#1476 = DIRECTION ( 'NONE',  ( -3.518789788921131289E-17, 1.000000000000000000, 0.000000000000000000 ) ) ;
#1477 = APPROVAL ( #27, 'UNSPECIFIED' ) ;
#1478 = EDGE_LOOP ( 'NONE', ( #30, #191, #1525, #1443 ) ) ;
#1479 = LINE ( 'NONE', #369, #836 ) ;
#1480 = LINE ( 'NONE', #364, #1467 ) ;
#1481 = UNCERTAINTY_MEASURE_WITH_UNIT (LENGTH_MEASURE( 1.000000000000000082E-05 ), #438, 'distance_accuracy_value', 'NONE');
#1482 = VERTEX_POINT ( 'NONE', #782 ) ;
#1483 = LINE ( 'NONE', #985, #1428 ) ;
#1484 = LOCAL_TIME ( 18, 39, 54.00000000000000000, #182 ) ;
#1485 = CYLINDRICAL_SURFACE ( 'NONE', #705, 2.000000000000001776 ) ;
#1486 = ADVANCED_FACE ( 'NONE', ( #929 ), #166, .F. ) ;
#1487 = CIRCLE ( 'NONE', #1145, 1.999999999999998224 ) ;
#1488 = CARTESIAN_POINT ( 'NONE',  ( 5.000000000000000000, 12.99999999999997691, 14.00000000000000000 ) ) ;
#1489 = LINE ( 'NONE', #604, #759 ) ;
#1490 = LINE ( 'NONE', #605, #832 ) ;
#1491 = DIRECTION ( 'NONE',  ( -1.000000000000000000, -3.522887030625850300E-17, 0.000000000000000000 ) ) ;
#1492 = EDGE_CURVE ( 'NONE', #1398, #1544, #1474, .T. ) ;
#1493 = CARTESIAN_POINT ( 'NONE',  ( 7.000000000000016875, 5.999999999999991118, 14.00000000000000000 ) ) ;
#1494 = VERTEX_POINT ( 'NONE', #1180 ) ;
#1495 = DIRECTION ( 'NONE',  ( -1.000000000000000000, -1.040834085586088201E-15, 0.000000000000000000 ) ) ;
#1496 = CC_DESIGN_DATE_AND_TIME_ASSIGNMENT ( #76, #970, ( #455 ) ) ;
#1497 = ORIENTED_EDGE ( 'NONE', *, *, #1615, .F. ) ;
#1498 = CIRCLE ( 'NONE', #1317, 1.099999999999996758 ) ;
#1499 = VECTOR ( 'NONE', #1519, 1000.000000000000000 ) ;
#1500 = DIRECTION ( 'NONE',  ( 0.000000000000000000, 0.000000000000000000, 1.000000000000000000 ) ) ;
#1501 = LINE ( 'NONE', #1130, #515 ) ;
#1502 = CIRCLE ( 'NONE', #801, 1.000000000000000888 ) ;
#1503 = EDGE_LOOP ( 'NONE', ( #788, #1505, #526, #1515 ) ) ;
#1504 = CARTESIAN_POINT ( 'NONE',  ( 14.50000000000000000, 8.000000000000000000, 14.00000000000000000 ) ) ;
#1505 = ORIENTED_EDGE ( 'NONE', *, *, #987, .T. ) ;
#1506 = DIRECTION ( 'NONE',  ( 1.000000000000000000, 0.000000000000000000, 0.000000000000000000 ) ) ;
#1507 = EDGE_LOOP ( 'NONE', ( #419, #115, #545, #3, #789, #1186, #560, #150 ) ) ;
#1508 = DIRECTION ( 'NONE',  ( 0.000000000000000000, 0.000000000000000000, 1.000000000000000000 ) ) ;
#1509 = EDGE_CURVE ( 'NONE', #687, #883, #809, .T. ) ;
#1510 = DIRECTION ( 'NONE',  ( -3.518789788921131289E-17, 1.000000000000000000, -0.000000000000000000 ) ) ;
#1511 = EDGE_CURVE ( 'NONE', #1407, #695, #546, .T. ) ;
#1512 = FACE_OUTER_BOUND ( 'NONE', #630, .T. ) ;
#1513 = EDGE_LOOP ( 'NONE', ( #1042, #72, #426, #838 ) ) ;
#1514 = CARTESIAN_POINT ( 'NONE',  ( 70.00000000000000000, 10.49999999999999289, 7.000000000000000000 ) ) ;
#1515 = ORIENTED_EDGE ( 'NONE', *, *, #1308, .T. ) ;
#1516 = VERTEX_POINT ( 'NONE', #43 ) ;
#1517 = CARTESIAN_POINT ( 'NONE',  ( 19.49999999999999645, 12.99999999999998579, 14.00000000000000000 ) ) ;
#1518 = APPROVAL_ROLE ( '' ) ;
#1519 = DIRECTION ( 'NONE',  ( 1.000000000000000000, 3.518789788921131289E-17, 0.000000000000000000 ) ) ;
#1520 = ORIENTED_EDGE ( 'NONE', *, *, #288, .F. ) ;
#1521 = VERTEX_POINT ( 'NONE', #1041 ) ;
#1522 = ADVANCED_FACE ( 'NONE', ( #1061 ), #427, .F. ) ;
#1523 = CARTESIAN_POINT ( 'NONE',  ( -5.000000000000000000, 10.49999999999999112, 7.000000000000000888 ) ) ;
#1524 = ORIENTED_EDGE ( 'NONE', *, *, #598, .F. ) ;
#1525 = ORIENTED_EDGE ( 'NONE', *, *, #54, .F. ) ;
#1526 = DIRECTION ( 'NONE',  ( 1.000000000000000000, 1.040834085586088201E-15, 0.000000000000000000 ) ) ;
#1527 = CIRCLE ( 'NONE', #611, 2.000000000000001776 ) ;
#1528 = DIRECTION ( 'NONE',  ( 1.000000000000000000, 1.734723475976816955E-16, -0.000000000000000000 ) ) ;
#1529 = AXIS2_PLACEMENT_3D ( 'NONE', #856, #1510, #1491 ) ;
#1530 = ORIENTED_EDGE ( 'NONE', *, *, #617, .T. ) ;
#1531 = ORIENTED_EDGE ( 'NONE', *, *, #894, .T. ) ;
#1532 = CARTESIAN_POINT ( 'NONE',  ( 31.00000000000000000, 8.000000000000001776, 14.00000000000000000 ) ) ;
#1533 = ORIENTED_EDGE ( 'NONE', *, *, #361, .T. ) ;
#1534 = VERTEX_POINT ( 'NONE', #447 ) ;
#1535 = LINE ( 'NONE', #550, #1044 ) ;
#1536 = COORDINATED_UNIVERSAL_TIME_OFFSET ( 5, 30, .AHEAD. ) ;
#1537 = DIRECTION ( 'NONE',  ( -3.518789788921131289E-17, 1.000000000000000000, 0.000000000000000000 ) ) ;
#1538 = CIRCLE ( 'NONE', #449, 2.000000000000000000 ) ;
#1539 = ORIENTED_EDGE ( 'NONE', *, *, #1251, .T. ) ;
#1540 = ORIENTED_EDGE ( 'NONE', *, *, #980, .F. ) ;
#1541 = LOCAL_TIME ( 18, 39, 54.00000000000000000, #286 ) ;
#1542 = CARTESIAN_POINT ( 'NONE',  ( 71.00000000000001421, 13.49999999999999289, 7.000000000000000000 ) ) ;
#1543 = VECTOR ( 'NONE', #45, 1000.000000000000000 ) ;
#1544 = VERTEX_POINT ( 'NONE', #1297 ) ;
#1545 = VECTOR ( 'NONE', #1129, 1000.000000000000000 ) ;
#1546 = DIRECTION ( 'NONE',  ( 0.000000000000000000, 0.000000000000000000, 1.000000000000000000 ) ) ;
#1547 = LINE ( 'NONE', #1281, #271 ) ;
#1548 = ORIENTED_EDGE ( 'NONE', *, *, #147, .F. ) ;
#1549 = ORIENTED_EDGE ( 'NONE', *, *, #1262, .T. ) ;
#1550 = VERTEX_POINT ( 'NONE', #1542 ) ;
#1551 = CARTESIAN_POINT ( 'NONE',  ( 43.50000000000000711, 15.00000000000000355, 14.00000000000000000 ) ) ;
#1552 = FACE_BOUND ( 'NONE', #1266, .T. ) ;
#1553 = CARTESIAN_POINT ( 'NONE',  ( 5.000000000000000000, 12.99999999999997691, 0.000000000000000000 ) ) ;
#1554 = LINE ( 'NONE', #304, #850 ) ;
#1555 = CYLINDRICAL_SURFACE ( 'NONE', #193, 2.000000000000000000 ) ;
#1556 = ORIENTED_EDGE ( 'NONE', *, *, #606, .T. ) ;
#1557 = ORIENTED_EDGE ( 'NONE', *, *, #950, .F. ) ;
#1558 = VECTOR ( 'NONE', #536, 1000.000000000000000 ) ;
#1559 = ORIENTED_EDGE ( 'NONE', *, *, #1212, .F. ) ;
#1560 = DIRECTION ( 'NONE',  ( 0.000000000000000000, 0.000000000000000000, 1.000000000000000000 ) ) ;
#1561 = DIRECTION ( 'NONE',  ( 1.000000000000000000, 1.262328239121117212E-16, 0.000000000000000000 ) ) ;
#1562 = CARTESIAN_POINT ( 'NONE',  ( 33.93856217223385840, -0.001000000000000961274, 7.000000000000000000 ) ) ;
#1563 = EDGE_CURVE ( 'NONE', #1365, #717, #436, .T. ) ;
#1564 = PLANE ( 'NONE',  #259 ) ;
#1565 = ADVANCED_FACE ( 'NONE', ( #53 ), #300, .T. ) ;
#1566 = ORIENTED_EDGE ( 'NONE', *, *, #1273, .T. ) ;
#1567 = AXIS2_PLACEMENT_3D ( 'NONE', #226, #479, #1583 ) ;
#1568 = ORIENTED_EDGE ( 'NONE', *, *, #1028, .T. ) ;
#1569 = DIRECTION ( 'NONE',  ( 0.000000000000000000, 0.000000000000000000, 1.000000000000000000 ) ) ;
#1570 = ORIENTED_EDGE ( 'NONE', *, *, #311, .T. ) ;
#1571 = CARTESIAN_POINT ( 'NONE',  ( 21.50000000000000000, 13.00000000000000178, 0.000000000000000000 ) ) ;
#1572 = CARTESIAN_POINT ( 'NONE',  ( 58.00000000000000000, 15.00000000000000178, 14.00000000000000000 ) ) ;
#1573 = CARTESIAN_POINT ( 'NONE',  ( 29.00000000000000000, 13.00000000000000000, 0.000000000000000000 ) ) ;
#1574 = ORIENTED_EDGE ( 'NONE', *, *, #742, .T. ) ;
#1575 = PLANE ( 'NONE',  #393 ) ;
#1576 = CARTESIAN_POINT ( 'NONE',  ( 14.50000000000000000, 8.000000000000000000, 14.00000000000000000 ) ) ;
#1577 = DIRECTION ( 'NONE',  ( 0.000000000000000000, 0.000000000000000000, -1.000000000000000000 ) ) ;
#1578 = DIRECTION ( 'NONE',  ( 1.000000000000000000, 3.518789788921131289E-17, 0.000000000000000000 ) ) ;
#1579 = AXIS2_PLACEMENT_3D ( 'NONE', #20, #1274, #1385 ) ;
#1580 = EDGE_LOOP ( 'NONE', ( #920, #521, #647, #1126 ) ) ;
#1581 = DIRECTION ( 'NONE',  ( 1.000000000000000000, 0.000000000000000000, 0.000000000000000000 ) ) ;
#1582 = VECTOR ( 'NONE', #842, 1000.000000000000000 ) ;
#1583 = DIRECTION ( 'NONE',  ( 1.000000000000000000, 0.000000000000000000, 0.000000000000000000 ) ) ;
#1584 = DIRECTION ( 'NONE',  ( 0.000000000000000000, 0.000000000000000000, 1.000000000000000000 ) ) ;
#1585 = AXIS2_PLACEMENT_3D ( 'NONE', #23, #505, #994 ) ;
#1586 = EDGE_CURVE ( 'NONE', #1534, #859, #192, .T. ) ;
#1587 = CARTESIAN_POINT ( 'NONE',  ( 65.00000000000001421, 8.205133554287264393E-15, 0.000000000000000000 ) ) ;
#1588 = DIRECTION ( 'NONE',  ( -0.000000000000000000, 1.000000000000000000, 0.000000000000000000 ) ) ;
#1589 = DIRECTION ( 'NONE',  ( 1.000000000000000000, 0.000000000000000000, 0.000000000000000000 ) ) ;
#1590 = CARTESIAN_POINT ( 'NONE',  ( 65.00000000000001421, 13.49999999999999289, 14.00000000000000000 ) ) ;
#1591 = EDGE_CURVE ( 'NONE', #1365, #937, #1288, .T. ) ;
#1592 = VECTOR ( 'NONE', #862, 1000.000000000000000 ) ;
#1593 = DIRECTION ( 'NONE',  ( 1.262328239121117212E-16, -1.000000000000000000, 0.000000000000000000 ) ) ;
#1594 = DIRECTION ( 'NONE',  ( 0.000000000000000000, 0.000000000000000000, 1.000000000000000000 ) ) ;
#1595 = DIRECTION ( 'NONE',  ( 1.000000000000000000, 0.000000000000000000, 0.000000000000000000 ) ) ;
#1596 = LINE ( 'NONE', #982, #149 ) ;
#1597 = AXIS2_PLACEMENT_3D ( 'NONE', #341, #1589, #1091 ) ;
#1598 = CARTESIAN_POINT ( 'NONE',  ( 32.83856217223386409, 13.49999999999999289, 7.000000000000000000 ) ) ;
#1599 = ORIENTED_EDGE ( 'NONE', *, *, #405, .T. ) ;
#1600 = CIRCLE ( 'NONE', #1425, 3.000000000000002665 ) ;
#1601 = EDGE_CURVE ( 'NONE', #1148, #17, #1395, .T. ) ;
#1602 = CIRCLE ( 'NONE', #210, 1.000000000000000888 ) ;
#1603 = CARTESIAN_POINT ( 'NONE',  ( 50.50000000000000000, 15.00000000000000178, 0.000000000000000000 ) ) ;
#1604 = ADVANCED_FACE ( 'NONE', ( #1401 ), #1150, .T. ) ;
#1605 = CARTESIAN_POINT ( 'NONE',  ( 28.99999999999998934, 6.000000000000001776, 14.00000000000000000 ) ) ;
#1606 = CYLINDRICAL_SURFACE ( 'NONE', #420, 2.000000000000001776 ) ;
#1607 = DIRECTION ( 'NONE',  ( 1.000000000000000000, 0.000000000000000000, 0.000000000000000000 ) ) ;
#1608 = VECTOR ( 'NONE', #355, 1000.000000000000000 ) ;
#1609 = VERTEX_POINT ( 'NONE', #675 ) ;
#1610 = EDGE_CURVE ( 'NONE', #1359, #263, #1053, .T. ) ;
#1611 = DIRECTION ( 'NONE',  ( 0.000000000000000000, 0.000000000000000000, 1.000000000000000000 ) ) ;
#1612 = FACE_OUTER_BOUND ( 'NONE', #928, .T. ) ;
#1613 = VECTOR ( 'NONE', #942, 1000.000000000000000 ) ;
#1614 = ORIENTED_EDGE ( 'NONE', *, *, #252, .F. ) ;
#1615 = EDGE_CURVE ( 'NONE', #1132, #254, #1498, .T. ) ;
#1616 = FACE_OUTER_BOUND ( 'NONE', #517, .T. ) ;
#1617 = CARTESIAN_POINT ( 'NONE',  ( -10.00000000000000000, 13.49999999999999112, 1.999999999999998224 ) ) ;
#1618 = DIRECTION ( 'NONE',  ( -1.262328239121117212E-16, 1.000000000000000000, 0.000000000000000000 ) ) ;
#1619 = DIRECTION ( 'NONE',  ( 6.938893903907270779E-16, 1.000000000000000000, -0.000000000000000000 ) ) ;
ENDSEC;
END-ISO-10303-21;
