ISO-10303-21;
HEADER;
/* Generated by software containing ST-Developer
 * from STEP Tools, Inc. (www.steptools.com) 
 */

FILE_DESCRIPTION(
/* description */ ('STEP AP203'),
/* implementation_level */ '2;1');

FILE_NAME(
/* name */ 'new base hold 80 mm final.step',
/* time_stamp */ '2026-02-27T12:54:40+05:30',
/* author */ (''),
/* organization */ (''),
/* preprocessor_version */ 'ST-DEVELOPER v20.1',
/* originating_system */ 'Autodesk Translation Framework v14.24.0.0',
/* authorisation */ '');

FILE_SCHEMA (('AUTOMOTIVE_DESIGN { 1 0 10303 214 3 1 1 }'));
ENDSEC;

DATA;
#10=MECHANICAL_DESIGN_GEOMETRIC_PRESENTATION_REPRESENTATION('',(#13,#14,
#15,#16,#17,#18,#19,#20,#21,#22,#23,#24,#25),#3924);
#11=SHAPE_REPRESENTATION_RELATIONSHIP('SRR','None',#3930,#12);
#12=ADVANCED_BREP_SHAPE_REPRESENTATION('',(#26,#27,#28,#29,#30,#31,#32,
#33,#34,#35,#36,#37,#38),#3923);
#13=STYLED_ITEM('',(#3940),#26);
#14=STYLED_ITEM('',(#3940),#27);
#15=STYLED_ITEM('',(#3940),#28);
#16=STYLED_ITEM('',(#3940),#29);
#17=STYLED_ITEM('',(#3940),#30);
#18=STYLED_ITEM('',(#3940),#31);
#19=STYLED_ITEM('',(#3940),#32);
#20=STYLED_ITEM('',(#3940),#33);
#21=STYLED_ITEM('',(#3940),#34);
#22=STYLED_ITEM('',(#3940),#35);
#23=STYLED_ITEM('',(#3940),#36);
#24=STYLED_ITEM('',(#3940),#37);
#25=STYLED_ITEM('',(#3940),#38);
#26=MANIFOLD_SOLID_BREP('Body2',#2172);
#27=MANIFOLD_SOLID_BREP('Body4',#2173);
#28=MANIFOLD_SOLID_BREP('Body6',#2174);
#29=MANIFOLD_SOLID_BREP('Body7',#2175);
#30=MANIFOLD_SOLID_BREP('Body8',#2176);
#31=MANIFOLD_SOLID_BREP('Body9',#2177);
#32=MANIFOLD_SOLID_BREP('Body10',#2178);
#33=MANIFOLD_SOLID_BREP('Body11',#2179);
#34=MANIFOLD_SOLID_BREP('Body12',#2180);
#35=MANIFOLD_SOLID_BREP('Body13',#2181);
#36=MANIFOLD_SOLID_BREP('Body14',#2182);
#37=MANIFOLD_SOLID_BREP('Body15',#2183);
#38=MANIFOLD_SOLID_BREP('Body16',#2184);
#39=B_SPLINE_SURFACE_WITH_KNOTS('',5,1,((#3303,#3304),(#3305,#3306),(#3307,
#3308),(#3309,#3310),(#3311,#3312),(#3313,#3314),(#3315,#3316),(#3317,#3318),
(#3319,#3320),(#3321,#3322),(#3323,#3324),(#3325,#3326),(#3327,#3328),(#3329,
#3330),(#3331,#3332)),.UNSPECIFIED.,.F.,.F.,.F.,(6,1,1,1,1,1,1,1,1,1,6),
(2,2),(0.,0.1,0.2,0.3,0.4,0.5,0.6,0.7,0.8,0.9,1.),(0.,15.12),
 .UNSPECIFIED.);
#40=B_SPLINE_SURFACE_WITH_KNOTS('',3,1,((#3482,#3483),(#3484,#3485),(#3486,
#3487),(#3488,#3489),(#3490,#3491),(#3492,#3493),(#3494,#3495),(#3496,#3497),
(#3498,#3499),(#3500,#3501)),.UNSPECIFIED.,.F.,.F.,.F.,(4,3,3,4),(2,2),
(-0.982035379099562,-0.964777752723401,-0.500001115877186,-0.0182515742866886),
(0.,15.12),.UNSPECIFIED.);
#41=CIRCLE('',#2205,5.);
#42=CIRCLE('',#2206,5.);
#43=CIRCLE('',#2209,5.);
#44=CIRCLE('',#2210,5.);
#45=CIRCLE('',#2222,1.35);
#46=CIRCLE('',#2223,1.35);
#47=CIRCLE('',#2225,3.);
#48=CIRCLE('',#2226,3.);
#49=CIRCLE('',#2232,1.35);
#50=CIRCLE('',#2233,1.35);
#51=CIRCLE('',#2235,3.);
#52=CIRCLE('',#2236,3.);
#53=CIRCLE('',#2242,1.35);
#54=CIRCLE('',#2243,1.35);
#55=CIRCLE('',#2245,3.);
#56=CIRCLE('',#2246,3.);
#57=CIRCLE('',#2252,1.35);
#58=CIRCLE('',#2253,1.35);
#59=CIRCLE('',#2255,3.);
#60=CIRCLE('',#2256,3.);
#61=CIRCLE('',#2261,1.35);
#62=CIRCLE('',#2262,1.35);
#63=CIRCLE('',#2264,3.);
#64=CIRCLE('',#2266,3.);
#65=CIRCLE('',#2282,1.35);
#66=CIRCLE('',#2283,1.35);
#67=CIRCLE('',#2285,3.);
#68=CIRCLE('',#2287,3.);
#69=CIRCLE('',#2303,1.35);
#70=CIRCLE('',#2304,1.35);
#71=CIRCLE('',#2306,3.);
#72=CIRCLE('',#2308,3.);
#73=CIRCLE('',#2324,1.35);
#74=CIRCLE('',#2325,1.35);
#75=CIRCLE('',#2327,3.);
#76=CIRCLE('',#2329,3.);
#77=CYLINDRICAL_SURFACE('',#2204,5.);
#78=CYLINDRICAL_SURFACE('',#2207,5.55377290861286);
#79=CYLINDRICAL_SURFACE('',#2208,5.);
#80=CYLINDRICAL_SURFACE('',#2211,5.55377290861286);
#81=CYLINDRICAL_SURFACE('',#2221,1.35);
#82=CYLINDRICAL_SURFACE('',#2224,3.);
#83=CYLINDRICAL_SURFACE('',#2231,1.35);
#84=CYLINDRICAL_SURFACE('',#2234,3.);
#85=CYLINDRICAL_SURFACE('',#2241,1.35);
#86=CYLINDRICAL_SURFACE('',#2244,3.);
#87=CYLINDRICAL_SURFACE('',#2251,1.35);
#88=CYLINDRICAL_SURFACE('',#2254,3.);
#89=CYLINDRICAL_SURFACE('',#2260,1.35);
#90=CYLINDRICAL_SURFACE('',#2265,3.);
#91=CYLINDRICAL_SURFACE('',#2281,1.35);
#92=CYLINDRICAL_SURFACE('',#2286,3.);
#93=CYLINDRICAL_SURFACE('',#2302,1.35);
#94=CYLINDRICAL_SURFACE('',#2307,3.);
#95=CYLINDRICAL_SURFACE('',#2323,1.35);
#96=CYLINDRICAL_SURFACE('',#2328,3.);
#97=B_SPLINE_CURVE_WITH_KNOTS('',3,(#2935,#2936,#2937,#2938),
 .UNSPECIFIED.,.F.,.F.,(4,4),(-0.250000000000002,-0.0499999999999972),
 .UNSPECIFIED.);
#98=B_SPLINE_CURVE_WITH_KNOTS('',3,(#2953,#2954,#2955,#2956),
 .UNSPECIFIED.,.F.,.F.,(4,4),(-0.25,-0.0499999999999954),.UNSPECIFIED.);
#99=B_SPLINE_CURVE_WITH_KNOTS('',3,(#2965,#2966,#2967,#2968),
 .UNSPECIFIED.,.F.,.F.,(4,4),(-0.249999999999999,-0.0499999999999989),
 .UNSPECIFIED.);
#100=B_SPLINE_CURVE_WITH_KNOTS('',3,(#2986,#2987,#2988,#2989),
 .UNSPECIFIED.,.F.,.F.,(4,4),(-0.25,-0.0499999999999999),.UNSPECIFIED.);
#101=B_SPLINE_CURVE_WITH_KNOTS('',3,(#2995,#2996,#2997,#2998),
 .UNSPECIFIED.,.F.,.F.,(4,4),(-0.250000000000001,-0.0500000000000051),
 .UNSPECIFIED.);
#102=B_SPLINE_CURVE_WITH_KNOTS('',3,(#3013,#3014,#3015,#3016),
 .UNSPECIFIED.,.F.,.F.,(4,4),(-0.249999999999998,-0.0499999999999936),
 .UNSPECIFIED.);
#103=B_SPLINE_CURVE_WITH_KNOTS('',3,(#3025,#3026,#3027,#3028),
 .UNSPECIFIED.,.F.,.F.,(4,4),(-0.250000000000001,-0.0500000000000007),
 .UNSPECIFIED.);
#104=B_SPLINE_CURVE_WITH_KNOTS('',3,(#3043,#3044,#3045,#3046),
 .UNSPECIFIED.,.F.,.F.,(4,4),(-0.249999999999999,-0.0499999999999989),
 .UNSPECIFIED.);
#105=B_SPLINE_CURVE_WITH_KNOTS('',3,(#3064,#3065,#3066,#3067,#3068,#3069,
#3070,#3071),.UNSPECIFIED.,.F.,.F.,(4,2,2,4),(-1.89567586832972,-1.80260850963717,
-1.52726489247374,-1.33279957444844),.UNSPECIFIED.);
#106=B_SPLINE_CURVE_WITH_KNOTS('',3,(#3072,#3073,#3074,#3075,#3076,#3077,
#3078,#3079,#3080,#3081,#3082,#3083,#3084,#3085,#3086,#3087,#3088,#3089,
#3090,#3091,#3092,#3093,#3094,#3095,#3096,#3097,#3098,#3099,#3100,#3101,
#3102,#3103,#3104,#3105,#3106,#3107,#3108,#3109,#3110,#3111,#3112,#3113,
#3114,#3115,#3116),.UNSPECIFIED.,.F.,.F.,(4,2,2,2,2,2,2,2,2,3,2,2,2,2,2,
2,2,2,2,2,2,4),(-1.33279957444844,-1.2442614923947,-1.0041285233103,-0.80210524234076,
-0.584720490563363,-0.474463628014911,-0.393062470028052,-0.312381340930884,
-0.203589877896283,0.,0.148426723099087,0.278780746966943,0.562220112740938,
0.837612526499453,1.06247319421364,1.28862958156044,1.40736825989641,1.48121663351906,
1.54727185115272,1.62911297215033,1.77331133820276,1.89918444843763),
 .UNSPECIFIED.);
#107=B_SPLINE_CURVE_WITH_KNOTS('',3,(#3120,#3121,#3122,#3123,#3124,#3125,
#3126,#3127,#3128,#3129,#3130,#3131,#3132,#3133,#3134,#3135,#3136,#3137,
#3138,#3139,#3140,#3141,#3142,#3143,#3144,#3145,#3146,#3147,#3148,#3149,
#3150,#3151,#3152,#3153,#3154,#3155,#3156,#3157,#3158,#3159,#3160,#3161,
#3162,#3163,#3164),.UNSPECIFIED.,.F.,.F.,(4,2,2,2,2,2,2,2,2,2,2,2,3,2,2,
2,2,2,2,2,2,4),(-1.91031488642106,-1.86843887217295,-1.68454010664877,-1.59672323711049,
-1.53565156162651,-1.47617824322125,-1.39314149696971,-1.22021319921353,
-1.00204569164907,-0.710675168262716,-0.430326965908619,-0.195924603062739,
0.,0.182512735748547,0.292105724197939,0.368766225798723,0.442599154585484,
0.539530078121593,0.715900624235654,0.934549842189392,1.20124354202238,
1.32204841522148),.UNSPECIFIED.);
#108=B_SPLINE_CURVE_WITH_KNOTS('',3,(#3165,#3166,#3167,#3168,#3169,#3170,
#3171,#3172),.UNSPECIFIED.,.F.,.F.,(4,2,2,4),(1.32204841522148,1.50210698099609,
1.75545338274621,1.91138240768586),.UNSPECIFIED.);
#109=B_SPLINE_CURVE_WITH_KNOTS('',3,(#3182,#3183,#3184,#3185,#3186,#3187,
#3188,#3189),.UNSPECIFIED.,.F.,.F.,(4,2,2,4),(-1.90846923177059,-1.76025067490159,
-1.47002235130862,-1.31932915243982),.UNSPECIFIED.);
#110=B_SPLINE_CURVE_WITH_KNOTS('',3,(#3190,#3191,#3192,#3193,#3194,#3195,
#3196,#3197,#3198,#3199,#3200,#3201,#3202,#3203,#3204,#3205,#3206,#3207,
#3208,#3209,#3210,#3211,#3212,#3213,#3214,#3215,#3216,#3217,#3218,#3219,
#3220,#3221,#3222,#3223,#3224,#3225,#3226,#3227,#3228,#3229,#3230,#3231,
#3232,#3233,#3234),.UNSPECIFIED.,.F.,.F.,(4,2,2,2,2,2,2,2,2,3,2,2,2,2,2,
2,2,2,2,2,2,4),(-1.31932915243982,-1.18887413905047,-0.953700332506024,
-0.757210069319714,-0.551146177941231,-0.449288283249419,-0.374444702977964,
-0.29920524497199,-0.19738224725485,0.,0.240073699214707,0.441483524035303,
0.742919603912188,0.997329766118818,1.19606114657716,1.38175740903588,1.47019552753054,
1.53139040505245,1.59073806582329,1.67319926085406,1.84378239855622,1.91209312440623),
 .UNSPECIFIED.);
#111=B_SPLINE_CURVE_WITH_KNOTS('',3,(#3238,#3239,#3240,#3241,#3242,#3243,
#3244,#3245,#3246,#3247,#3248,#3249,#3250,#3251,#3252,#3253,#3254,#3255,
#3256,#3257,#3258,#3259,#3260,#3261,#3262,#3263,#3264,#3265,#3266,#3267,
#3268,#3269,#3270,#3271,#3272,#3273,#3274,#3275,#3276,#3277,#3278,#3279,
#3280),.UNSPECIFIED.,.F.,.F.,(4,2,2,2,2,2,2,2,2,2,2,3,2,2,2,2,2,2,2,2,4),
(-1.89632961226938,-1.7068971293536,-1.59276516533634,-1.5200848010521,
-1.45386608786104,-1.37020918824096,-1.21911226876716,-0.996079040123654,
-0.71716544148397,-0.437024203405553,-0.199789690292595,0.,0.0567773632457804,
0.235057017548374,0.334678648869138,0.413983421740442,0.499200536031047,
0.624949602267578,0.841413412335645,1.08360650000053,1.33394135651737),
 .UNSPECIFIED.);
#112=B_SPLINE_CURVE_WITH_KNOTS('',3,(#3281,#3282,#3283,#3284,#3285,#3286,
#3287,#3288,#3289,#3290),.UNSPECIFIED.,.F.,.F.,(4,2,2,2,4),(1.33394135651737,
1.36872619826491,1.641046647857,1.86249859529672,1.89624787038401),
 .UNSPECIFIED.);
#113=B_SPLINE_CURVE_WITH_KNOTS('',5,(#3334,#3335,#3336,#3337,#3338,#3339,
#3340,#3341,#3342,#3343,#3344,#3345,#3346,#3347,#3348),.UNSPECIFIED.,.F.,
 .F.,(6,1,1,1,1,1,1,1,1,1,6),(0.,0.1,0.2,0.3,0.4,0.5,0.6,0.7,0.8,0.9,1.),
 .UNSPECIFIED.);
#114=B_SPLINE_CURVE_WITH_KNOTS('',5,(#3350,#3351,#3352,#3353,#3354,#3355,
#3356,#3357,#3358,#3359,#3360,#3361,#3362,#3363,#3364),.UNSPECIFIED.,.F.,
 .F.,(6,1,1,1,1,1,1,1,1,1,6),(0.,0.1,0.2,0.3,0.4,0.5,0.6,0.7,0.8,0.9,1.),
 .UNSPECIFIED.);
#115=B_SPLINE_CURVE_WITH_KNOTS('',3,(#3366,#3367,#3368,#3369,#3370,#3371,
#3372,#3373,#3374,#3375,#3376,#3377,#3378,#3379,#3380,#3381),
 .UNSPECIFIED.,.F.,.F.,(4,3,3,3,3,4),(-1.32726218453742,-0.977496151796284,
-0.671767605649469,-0.409491507287127,-0.174924732858176,-0.147215408924784),
 .UNSPECIFIED.);
#116=B_SPLINE_CURVE_WITH_KNOTS('',3,(#3382,#3383,#3384,#3385,#3386,#3387,
#3388,#3389,#3390,#3391,#3392,#3393,#3394),.UNSPECIFIED.,.F.,.F.,(4,3,3,
3,4),(-1.3298314060887,-1.09276135510032,-0.833759597828278,-0.50231761649224,
-0.143077550099648),.UNSPECIFIED.);
#117=B_SPLINE_CURVE_WITH_KNOTS('',3,(#3395,#3396,#3397,#3398,#3399,#3400,
#3401,#3402,#3403,#3404,#3405,#3406,#3407,#3408,#3409,#3410),
 .UNSPECIFIED.,.F.,.F.,(4,3,3,3,3,4),(-1.32726218453904,-0.977496151796356,
-0.67176760564805,-0.409491507286434,-0.174924732855982,-0.147215408924818),
 .UNSPECIFIED.);
#118=B_SPLINE_CURVE_WITH_KNOTS('',3,(#3411,#3412,#3413,#3414,#3415,#3416,
#3417,#3418,#3419,#3420,#3421,#3422,#3423),.UNSPECIFIED.,.F.,.F.,(4,3,3,
3,4),(-1.3298313654554,-1.09276131446669,-0.833759556932519,-0.502317592422385,
-0.143077550131424),.UNSPECIFIED.);
#119=B_SPLINE_CURVE_WITH_KNOTS('',3,(#3424,#3425,#3426,#3427,#3428,#3429,
#3430,#3431,#3432,#3433,#3434,#3435,#3436,#3437,#3438,#3439),
 .UNSPECIFIED.,.F.,.F.,(4,3,3,3,3,4),(-1.32726218453875,-0.977496151797288,
-0.671767605649393,-0.409491507287104,-0.17492473285717,-0.147215408924815),
 .UNSPECIFIED.);
#120=B_SPLINE_CURVE_WITH_KNOTS('',3,(#3440,#3441,#3442,#3443,#3444,#3445,
#3446,#3447,#3448,#3449,#3450,#3451,#3452),.UNSPECIFIED.,.F.,.F.,(4,3,3,
3,4),(-1.32983140608921,-1.09276135510106,-0.833759597828111,-0.502317616487514,
-0.143077550099652),.UNSPECIFIED.);
#121=B_SPLINE_CURVE_WITH_KNOTS('',3,(#3453,#3454,#3455,#3456,#3457,#3458,
#3459,#3460,#3461,#3462,#3463,#3464,#3465,#3466,#3467,#3468),
 .UNSPECIFIED.,.F.,.F.,(4,3,3,3,3,4),(-1.32726218453933,-0.977496151798961,
-0.671767605649762,-0.409491507287292,-0.17492473285699,-0.147215408924823),
 .UNSPECIFIED.);
#122=B_SPLINE_CURVE_WITH_KNOTS('',3,(#3469,#3470,#3471,#3472,#3473,#3474,
#3475,#3476,#3477,#3478,#3479,#3480,#3481),.UNSPECIFIED.,.F.,.F.,(4,3,3,
3,4),(-1.32983140608888,-1.09276135510051,-0.833759597828041,-0.502317616490905,
-0.143077550099628),.UNSPECIFIED.);
#123=B_SPLINE_CURVE_WITH_KNOTS('',3,(#3503,#3504,#3505,#3506,#3507,#3508,
#3509,#3510),.UNSPECIFIED.,.F.,.F.,(4,2,2,4),(0.0182515742866884,0.500001115877641,
0.964777752723417,0.982035379099562),.UNSPECIFIED.);
#124=B_SPLINE_CURVE_WITH_KNOTS('',3,(#3513,#3514,#3515,#3516,#3517,#3518,
#3519,#3520),.UNSPECIFIED.,.F.,.F.,(4,2,2,4),(-0.982035379099562,-0.964777752723417,
-0.500001115877641,-0.0182515742866884),.UNSPECIFIED.);
#125=FACE_BOUND('',#283,.T.);
#126=FACE_BOUND('',#306,.T.);
#127=FACE_BOUND('',#307,.T.);
#128=FACE_BOUND('',#308,.T.);
#129=FACE_BOUND('',#309,.T.);
#130=FACE_BOUND('',#310,.T.);
#131=FACE_BOUND('',#311,.T.);
#132=FACE_BOUND('',#313,.T.);
#133=FACE_BOUND('',#314,.T.);
#134=FACE_BOUND('',#316,.T.);
#135=FACE_BOUND('',#319,.T.);
#136=FACE_BOUND('',#322,.T.);
#137=FACE_BOUND('',#323,.T.);
#138=FACE_BOUND('',#325,.T.);
#139=FACE_BOUND('',#326,.T.);
#140=FACE_BOUND('',#332,.T.);
#141=FACE_BOUND('',#334,.T.);
#142=FACE_BOUND('',#340,.T.);
#143=FACE_BOUND('',#342,.T.);
#144=FACE_BOUND('',#348,.T.);
#145=FACE_BOUND('',#350,.T.);
#146=FACE_BOUND('',#356,.T.);
#147=FACE_BOUND('',#358,.T.);
#148=FACE_BOUND('',#361,.T.);
#149=FACE_BOUND('',#365,.T.);
#150=FACE_BOUND('',#380,.T.);
#151=FACE_BOUND('',#384,.T.);
#152=FACE_BOUND('',#399,.T.);
#153=FACE_BOUND('',#403,.T.);
#154=FACE_BOUND('',#418,.T.);
#155=FACE_BOUND('',#422,.T.);
#156=FACE_OUTER_BOUND('',#280,.T.);
#157=FACE_OUTER_BOUND('',#281,.T.);
#158=FACE_OUTER_BOUND('',#282,.T.);
#159=FACE_OUTER_BOUND('',#284,.T.);
#160=FACE_OUTER_BOUND('',#285,.T.);
#161=FACE_OUTER_BOUND('',#286,.T.);
#162=FACE_OUTER_BOUND('',#287,.T.);
#163=FACE_OUTER_BOUND('',#288,.T.);
#164=FACE_OUTER_BOUND('',#289,.T.);
#165=FACE_OUTER_BOUND('',#290,.T.);
#166=FACE_OUTER_BOUND('',#291,.T.);
#167=FACE_OUTER_BOUND('',#292,.T.);
#168=FACE_OUTER_BOUND('',#293,.T.);
#169=FACE_OUTER_BOUND('',#294,.T.);
#170=FACE_OUTER_BOUND('',#295,.T.);
#171=FACE_OUTER_BOUND('',#296,.T.);
#172=FACE_OUTER_BOUND('',#297,.T.);
#173=FACE_OUTER_BOUND('',#298,.T.);
#174=FACE_OUTER_BOUND('',#299,.T.);
#175=FACE_OUTER_BOUND('',#300,.T.);
#176=FACE_OUTER_BOUND('',#301,.T.);
#177=FACE_OUTER_BOUND('',#302,.T.);
#178=FACE_OUTER_BOUND('',#303,.T.);
#179=FACE_OUTER_BOUND('',#304,.T.);
#180=FACE_OUTER_BOUND('',#305,.T.);
#181=FACE_OUTER_BOUND('',#312,.T.);
#182=FACE_OUTER_BOUND('',#315,.T.);
#183=FACE_OUTER_BOUND('',#317,.T.);
#184=FACE_OUTER_BOUND('',#318,.T.);
#185=FACE_OUTER_BOUND('',#320,.T.);
#186=FACE_OUTER_BOUND('',#321,.T.);
#187=FACE_OUTER_BOUND('',#324,.T.);
#188=FACE_OUTER_BOUND('',#327,.T.);
#189=FACE_OUTER_BOUND('',#328,.T.);
#190=FACE_OUTER_BOUND('',#329,.T.);
#191=FACE_OUTER_BOUND('',#330,.T.);
#192=FACE_OUTER_BOUND('',#331,.T.);
#193=FACE_OUTER_BOUND('',#333,.T.);
#194=FACE_OUTER_BOUND('',#335,.T.);
#195=FACE_OUTER_BOUND('',#336,.T.);
#196=FACE_OUTER_BOUND('',#337,.T.);
#197=FACE_OUTER_BOUND('',#338,.T.);
#198=FACE_OUTER_BOUND('',#339,.T.);
#199=FACE_OUTER_BOUND('',#341,.T.);
#200=FACE_OUTER_BOUND('',#343,.T.);
#201=FACE_OUTER_BOUND('',#344,.T.);
#202=FACE_OUTER_BOUND('',#345,.T.);
#203=FACE_OUTER_BOUND('',#346,.T.);
#204=FACE_OUTER_BOUND('',#347,.T.);
#205=FACE_OUTER_BOUND('',#349,.T.);
#206=FACE_OUTER_BOUND('',#351,.T.);
#207=FACE_OUTER_BOUND('',#352,.T.);
#208=FACE_OUTER_BOUND('',#353,.T.);
#209=FACE_OUTER_BOUND('',#354,.T.);
#210=FACE_OUTER_BOUND('',#355,.T.);
#211=FACE_OUTER_BOUND('',#357,.T.);
#212=FACE_OUTER_BOUND('',#359,.T.);
#213=FACE_OUTER_BOUND('',#360,.T.);
#214=FACE_OUTER_BOUND('',#362,.T.);
#215=FACE_OUTER_BOUND('',#363,.T.);
#216=FACE_OUTER_BOUND('',#364,.T.);
#217=FACE_OUTER_BOUND('',#366,.T.);
#218=FACE_OUTER_BOUND('',#367,.T.);
#219=FACE_OUTER_BOUND('',#368,.T.);
#220=FACE_OUTER_BOUND('',#369,.T.);
#221=FACE_OUTER_BOUND('',#370,.T.);
#222=FACE_OUTER_BOUND('',#371,.T.);
#223=FACE_OUTER_BOUND('',#372,.T.);
#224=FACE_OUTER_BOUND('',#373,.T.);
#225=FACE_OUTER_BOUND('',#374,.T.);
#226=FACE_OUTER_BOUND('',#375,.T.);
#227=FACE_OUTER_BOUND('',#376,.T.);
#228=FACE_OUTER_BOUND('',#377,.T.);
#229=FACE_OUTER_BOUND('',#378,.T.);
#230=FACE_OUTER_BOUND('',#379,.T.);
#231=FACE_OUTER_BOUND('',#381,.T.);
#232=FACE_OUTER_BOUND('',#382,.T.);
#233=FACE_OUTER_BOUND('',#383,.T.);
#234=FACE_OUTER_BOUND('',#385,.T.);
#235=FACE_OUTER_BOUND('',#386,.T.);
#236=FACE_OUTER_BOUND('',#387,.T.);
#237=FACE_OUTER_BOUND('',#388,.T.);
#238=FACE_OUTER_BOUND('',#389,.T.);
#239=FACE_OUTER_BOUND('',#390,.T.);
#240=FACE_OUTER_BOUND('',#391,.T.);
#241=FACE_OUTER_BOUND('',#392,.T.);
#242=FACE_OUTER_BOUND('',#393,.T.);
#243=FACE_OUTER_BOUND('',#394,.T.);
#244=FACE_OUTER_BOUND('',#395,.T.);
#245=FACE_OUTER_BOUND('',#396,.T.);
#246=FACE_OUTER_BOUND('',#397,.T.);
#247=FACE_OUTER_BOUND('',#398,.T.);
#248=FACE_OUTER_BOUND('',#400,.T.);
#249=FACE_OUTER_BOUND('',#401,.T.);
#250=FACE_OUTER_BOUND('',#402,.T.);
#251=FACE_OUTER_BOUND('',#404,.T.);
#252=FACE_OUTER_BOUND('',#405,.T.);
#253=FACE_OUTER_BOUND('',#406,.T.);
#254=FACE_OUTER_BOUND('',#407,.T.);
#255=FACE_OUTER_BOUND('',#408,.T.);
#256=FACE_OUTER_BOUND('',#409,.T.);
#257=FACE_OUTER_BOUND('',#410,.T.);
#258=FACE_OUTER_BOUND('',#411,.T.);
#259=FACE_OUTER_BOUND('',#412,.T.);
#260=FACE_OUTER_BOUND('',#413,.T.);
#261=FACE_OUTER_BOUND('',#414,.T.);
#262=FACE_OUTER_BOUND('',#415,.T.);
#263=FACE_OUTER_BOUND('',#416,.T.);
#264=FACE_OUTER_BOUND('',#417,.T.);
#265=FACE_OUTER_BOUND('',#419,.T.);
#266=FACE_OUTER_BOUND('',#420,.T.);
#267=FACE_OUTER_BOUND('',#421,.T.);
#268=FACE_OUTER_BOUND('',#423,.T.);
#269=FACE_OUTER_BOUND('',#424,.T.);
#270=FACE_OUTER_BOUND('',#425,.T.);
#271=FACE_OUTER_BOUND('',#426,.T.);
#272=FACE_OUTER_BOUND('',#427,.T.);
#273=FACE_OUTER_BOUND('',#428,.T.);
#274=FACE_OUTER_BOUND('',#429,.T.);
#275=FACE_OUTER_BOUND('',#430,.T.);
#276=FACE_OUTER_BOUND('',#431,.T.);
#277=FACE_OUTER_BOUND('',#432,.T.);
#278=FACE_OUTER_BOUND('',#433,.T.);
#279=FACE_OUTER_BOUND('',#434,.T.);
#280=EDGE_LOOP('',(#1368,#1369,#1370,#1371,#1372));
#281=EDGE_LOOP('',(#1373,#1374,#1375,#1376,#1377));
#282=EDGE_LOOP('',(#1378,#1379,#1380,#1381));
#283=EDGE_LOOP('',(#1382,#1383,#1384,#1385));
#284=EDGE_LOOP('',(#1386,#1387,#1388,#1389,#1390,#1391,#1392,#1393));
#285=EDGE_LOOP('',(#1394,#1395,#1396,#1397));
#286=EDGE_LOOP('',(#1398,#1399,#1400,#1401));
#287=EDGE_LOOP('',(#1402,#1403,#1404,#1405));
#288=EDGE_LOOP('',(#1406,#1407,#1408,#1409));
#289=EDGE_LOOP('',(#1410,#1411,#1412,#1413));
#290=EDGE_LOOP('',(#1414,#1415,#1416,#1417));
#291=EDGE_LOOP('',(#1418,#1419,#1420,#1421));
#292=EDGE_LOOP('',(#1422,#1423,#1424,#1425));
#293=EDGE_LOOP('',(#1426,#1427,#1428,#1429));
#294=EDGE_LOOP('',(#1430,#1431,#1432,#1433));
#295=EDGE_LOOP('',(#1434,#1435,#1436,#1437));
#296=EDGE_LOOP('',(#1438,#1439,#1440,#1441));
#297=EDGE_LOOP('',(#1442,#1443,#1444,#1445));
#298=EDGE_LOOP('',(#1446,#1447,#1448,#1449));
#299=EDGE_LOOP('',(#1450,#1451,#1452,#1453));
#300=EDGE_LOOP('',(#1454,#1455,#1456,#1457,#1458,#1459));
#301=EDGE_LOOP('',(#1460,#1461,#1462,#1463));
#302=EDGE_LOOP('',(#1464,#1465,#1466,#1467,#1468,#1469));
#303=EDGE_LOOP('',(#1470,#1471,#1472,#1473,#1474,#1475,#1476,#1477));
#304=EDGE_LOOP('',(#1478,#1479,#1480,#1481));
#305=EDGE_LOOP('',(#1482,#1483,#1484,#1485));
#306=EDGE_LOOP('',(#1486,#1487,#1488,#1489));
#307=EDGE_LOOP('',(#1490,#1491,#1492,#1493));
#308=EDGE_LOOP('',(#1494,#1495,#1496,#1497));
#309=EDGE_LOOP('',(#1498,#1499,#1500,#1501));
#310=EDGE_LOOP('',(#1502,#1503));
#311=EDGE_LOOP('',(#1504,#1505));
#312=EDGE_LOOP('',(#1506,#1507,#1508,#1509));
#313=EDGE_LOOP('',(#1510,#1511));
#314=EDGE_LOOP('',(#1512,#1513));
#315=EDGE_LOOP('',(#1514,#1515,#1516,#1517,#1518));
#316=EDGE_LOOP('',(#1519,#1520,#1521,#1522,#1523));
#317=EDGE_LOOP('',(#1524,#1525,#1526,#1527));
#318=EDGE_LOOP('',(#1528,#1529,#1530,#1531,#1532));
#319=EDGE_LOOP('',(#1533,#1534,#1535,#1536,#1537));
#320=EDGE_LOOP('',(#1538,#1539,#1540,#1541));
#321=EDGE_LOOP('',(#1542,#1543,#1544,#1545));
#322=EDGE_LOOP('',(#1546));
#323=EDGE_LOOP('',(#1547));
#324=EDGE_LOOP('',(#1548,#1549,#1550,#1551));
#325=EDGE_LOOP('',(#1552));
#326=EDGE_LOOP('',(#1553));
#327=EDGE_LOOP('',(#1554,#1555,#1556,#1557));
#328=EDGE_LOOP('',(#1558,#1559,#1560,#1561));
#329=EDGE_LOOP('',(#1562,#1563,#1564,#1565));
#330=EDGE_LOOP('',(#1566,#1567,#1568,#1569));
#331=EDGE_LOOP('',(#1570,#1571,#1572,#1573,#1574,#1575,#1576));
#332=EDGE_LOOP('',(#1577));
#333=EDGE_LOOP('',(#1578,#1579,#1580,#1581,#1582,#1583,#1584));
#334=EDGE_LOOP('',(#1585));
#335=EDGE_LOOP('',(#1586,#1587,#1588,#1589));
#336=EDGE_LOOP('',(#1590,#1591,#1592,#1593));
#337=EDGE_LOOP('',(#1594,#1595,#1596,#1597));
#338=EDGE_LOOP('',(#1598,#1599,#1600,#1601));
#339=EDGE_LOOP('',(#1602,#1603,#1604,#1605,#1606,#1607,#1608));
#340=EDGE_LOOP('',(#1609));
#341=EDGE_LOOP('',(#1610,#1611,#1612,#1613,#1614,#1615,#1616));
#342=EDGE_LOOP('',(#1617));
#343=EDGE_LOOP('',(#1618,#1619,#1620,#1621));
#344=EDGE_LOOP('',(#1622,#1623,#1624,#1625));
#345=EDGE_LOOP('',(#1626,#1627,#1628,#1629));
#346=EDGE_LOOP('',(#1630,#1631,#1632,#1633));
#347=EDGE_LOOP('',(#1634,#1635,#1636,#1637,#1638,#1639,#1640));
#348=EDGE_LOOP('',(#1641));
#349=EDGE_LOOP('',(#1642,#1643,#1644,#1645,#1646,#1647,#1648));
#350=EDGE_LOOP('',(#1649));
#351=EDGE_LOOP('',(#1650,#1651,#1652,#1653));
#352=EDGE_LOOP('',(#1654,#1655,#1656,#1657));
#353=EDGE_LOOP('',(#1658,#1659,#1660,#1661));
#354=EDGE_LOOP('',(#1662,#1663,#1664,#1665));
#355=EDGE_LOOP('',(#1666,#1667,#1668,#1669,#1670,#1671,#1672));
#356=EDGE_LOOP('',(#1673));
#357=EDGE_LOOP('',(#1674,#1675,#1676,#1677,#1678,#1679,#1680));
#358=EDGE_LOOP('',(#1681));
#359=EDGE_LOOP('',(#1682,#1683,#1684,#1685));
#360=EDGE_LOOP('',(#1686,#1687,#1688,#1689));
#361=EDGE_LOOP('',(#1690));
#362=EDGE_LOOP('',(#1691,#1692,#1693,#1694));
#363=EDGE_LOOP('',(#1695,#1696,#1697,#1698));
#364=EDGE_LOOP('',(#1699,#1700,#1701,#1702));
#365=EDGE_LOOP('',(#1703));
#366=EDGE_LOOP('',(#1704,#1705,#1706,#1707));
#367=EDGE_LOOP('',(#1708,#1709,#1710,#1711));
#368=EDGE_LOOP('',(#1712,#1713,#1714,#1715));
#369=EDGE_LOOP('',(#1716,#1717,#1718,#1719));
#370=EDGE_LOOP('',(#1720,#1721,#1722,#1723));
#371=EDGE_LOOP('',(#1724,#1725,#1726));
#372=EDGE_LOOP('',(#1727,#1728,#1729));
#373=EDGE_LOOP('',(#1730,#1731,#1732,#1733));
#374=EDGE_LOOP('',(#1734,#1735,#1736,#1737));
#375=EDGE_LOOP('',(#1738,#1739,#1740,#1741));
#376=EDGE_LOOP('',(#1742,#1743,#1744));
#377=EDGE_LOOP('',(#1745,#1746,#1747));
#378=EDGE_LOOP('',(#1748,#1749,#1750,#1751));
#379=EDGE_LOOP('',(#1752,#1753,#1754,#1755));
#380=EDGE_LOOP('',(#1756));
#381=EDGE_LOOP('',(#1757,#1758,#1759,#1760));
#382=EDGE_LOOP('',(#1761,#1762,#1763,#1764));
#383=EDGE_LOOP('',(#1765,#1766,#1767,#1768));
#384=EDGE_LOOP('',(#1769));
#385=EDGE_LOOP('',(#1770,#1771,#1772,#1773));
#386=EDGE_LOOP('',(#1774,#1775,#1776,#1777));
#387=EDGE_LOOP('',(#1778,#1779,#1780,#1781));
#388=EDGE_LOOP('',(#1782,#1783,#1784,#1785));
#389=EDGE_LOOP('',(#1786,#1787,#1788,#1789));
#390=EDGE_LOOP('',(#1790,#1791,#1792));
#391=EDGE_LOOP('',(#1793,#1794,#1795));
#392=EDGE_LOOP('',(#1796,#1797,#1798,#1799));
#393=EDGE_LOOP('',(#1800,#1801,#1802,#1803));
#394=EDGE_LOOP('',(#1804,#1805,#1806,#1807));
#395=EDGE_LOOP('',(#1808,#1809,#1810));
#396=EDGE_LOOP('',(#1811,#1812,#1813));
#397=EDGE_LOOP('',(#1814,#1815,#1816,#1817));
#398=EDGE_LOOP('',(#1818,#1819,#1820,#1821));
#399=EDGE_LOOP('',(#1822));
#400=EDGE_LOOP('',(#1823,#1824,#1825,#1826));
#401=EDGE_LOOP('',(#1827,#1828,#1829,#1830));
#402=EDGE_LOOP('',(#1831,#1832,#1833,#1834));
#403=EDGE_LOOP('',(#1835));
#404=EDGE_LOOP('',(#1836,#1837,#1838,#1839));
#405=EDGE_LOOP('',(#1840,#1841,#1842,#1843));
#406=EDGE_LOOP('',(#1844,#1845,#1846,#1847));
#407=EDGE_LOOP('',(#1848,#1849,#1850,#1851));
#408=EDGE_LOOP('',(#1852,#1853,#1854,#1855));
#409=EDGE_LOOP('',(#1856,#1857,#1858));
#410=EDGE_LOOP('',(#1859,#1860,#1861));
#411=EDGE_LOOP('',(#1862,#1863,#1864,#1865));
#412=EDGE_LOOP('',(#1866,#1867,#1868,#1869));
#413=EDGE_LOOP('',(#1870,#1871,#1872,#1873));
#414=EDGE_LOOP('',(#1874,#1875,#1876));
#415=EDGE_LOOP('',(#1877,#1878,#1879));
#416=EDGE_LOOP('',(#1880,#1881,#1882,#1883));
#417=EDGE_LOOP('',(#1884,#1885,#1886,#1887));
#418=EDGE_LOOP('',(#1888));
#419=EDGE_LOOP('',(#1889,#1890,#1891,#1892));
#420=EDGE_LOOP('',(#1893,#1894,#1895,#1896));
#421=EDGE_LOOP('',(#1897,#1898,#1899,#1900));
#422=EDGE_LOOP('',(#1901));
#423=EDGE_LOOP('',(#1902,#1903,#1904,#1905));
#424=EDGE_LOOP('',(#1906,#1907,#1908,#1909));
#425=EDGE_LOOP('',(#1910,#1911,#1912,#1913));
#426=EDGE_LOOP('',(#1914,#1915,#1916,#1917));
#427=EDGE_LOOP('',(#1918,#1919,#1920,#1921));
#428=EDGE_LOOP('',(#1922,#1923,#1924));
#429=EDGE_LOOP('',(#1925,#1926,#1927));
#430=EDGE_LOOP('',(#1928,#1929,#1930,#1931));
#431=EDGE_LOOP('',(#1932,#1933,#1934,#1935));
#432=EDGE_LOOP('',(#1936,#1937,#1938,#1939));
#433=EDGE_LOOP('',(#1940,#1941,#1942));
#434=EDGE_LOOP('',(#1943,#1944,#1945));
#435=LINE('',#2891,#660);
#436=LINE('',#2893,#661);
#437=LINE('',#2895,#662);
#438=LINE('',#2897,#663);
#439=LINE('',#2898,#664);
#440=LINE('',#2902,#665);
#441=LINE('',#2904,#666);
#442=LINE('',#2906,#667);
#443=LINE('',#2908,#668);
#444=LINE('',#2909,#669);
#445=LINE('',#2913,#670);
#446=LINE('',#2915,#671);
#447=LINE('',#2917,#672);
#448=LINE('',#2918,#673);
#449=LINE('',#2919,#674);
#450=LINE('',#2920,#675);
#451=LINE('',#2922,#676);
#452=LINE('',#2924,#677);
#453=LINE('',#2926,#678);
#454=LINE('',#2928,#679);
#455=LINE('',#2930,#680);
#456=LINE('',#2931,#681);
#457=LINE('',#2940,#682);
#458=LINE('',#2942,#683);
#459=LINE('',#2943,#684);
#460=LINE('',#2947,#685);
#461=LINE('',#2948,#686);
#462=LINE('',#2949,#687);
#463=LINE('',#2958,#688);
#464=LINE('',#2960,#689);
#465=LINE('',#2961,#690);
#466=LINE('',#2970,#691);
#467=LINE('',#2972,#692);
#468=LINE('',#2973,#693);
#469=LINE('',#2977,#694);
#470=LINE('',#2979,#695);
#471=LINE('',#2981,#696);
#472=LINE('',#2982,#697);
#473=LINE('',#2990,#698);
#474=LINE('',#2991,#699);
#475=LINE('',#3000,#700);
#476=LINE('',#3002,#701);
#477=LINE('',#3003,#702);
#478=LINE('',#3007,#703);
#479=LINE('',#3008,#704);
#480=LINE('',#3009,#705);
#481=LINE('',#3018,#706);
#482=LINE('',#3020,#707);
#483=LINE('',#3021,#708);
#484=LINE('',#3030,#709);
#485=LINE('',#3032,#710);
#486=LINE('',#3033,#711);
#487=LINE('',#3037,#712);
#488=LINE('',#3038,#713);
#489=LINE('',#3039,#714);
#490=LINE('',#3048,#715);
#491=LINE('',#3050,#716);
#492=LINE('',#3051,#717);
#493=LINE('',#3054,#718);
#494=LINE('',#3059,#719);
#495=LINE('',#3118,#720);
#496=LINE('',#3177,#721);
#497=LINE('',#3236,#722);
#498=LINE('',#3293,#723);
#499=LINE('',#3295,#724);
#500=LINE('',#3296,#725);
#501=LINE('',#3299,#726);
#502=LINE('',#3301,#727);
#503=LINE('',#3302,#728);
#504=LINE('',#3365,#729);
#505=LINE('',#3512,#730);
#506=LINE('',#3523,#731);
#507=LINE('',#3525,#732);
#508=LINE('',#3526,#733);
#509=LINE('',#3527,#734);
#510=LINE('',#3530,#735);
#511=LINE('',#3531,#736);
#512=LINE('',#3534,#737);
#513=LINE('',#3535,#738);
#514=LINE('',#3536,#739);
#515=LINE('',#3538,#740);
#516=LINE('',#3543,#741);
#517=LINE('',#3545,#742);
#518=LINE('',#3546,#743);
#519=LINE('',#3551,#744);
#520=LINE('',#3557,#745);
#521=LINE('',#3560,#746);
#522=LINE('',#3561,#747);
#523=LINE('',#3566,#748);
#524=LINE('',#3568,#749);
#525=LINE('',#3569,#750);
#526=LINE('',#3574,#751);
#527=LINE('',#3581,#752);
#528=LINE('',#3583,#753);
#529=LINE('',#3584,#754);
#530=LINE('',#3589,#755);
#531=LINE('',#3591,#756);
#532=LINE('',#3592,#757);
#533=LINE('',#3597,#758);
#534=LINE('',#3603,#759);
#535=LINE('',#3606,#760);
#536=LINE('',#3607,#761);
#537=LINE('',#3612,#762);
#538=LINE('',#3614,#763);
#539=LINE('',#3615,#764);
#540=LINE('',#3620,#765);
#541=LINE('',#3627,#766);
#542=LINE('',#3629,#767);
#543=LINE('',#3630,#768);
#544=LINE('',#3637,#769);
#545=LINE('',#3644,#770);
#546=LINE('',#3646,#771);
#547=LINE('',#3647,#772);
#548=LINE('',#3650,#773);
#549=LINE('',#3653,#774);
#550=LINE('',#3656,#775);
#551=LINE('',#3657,#776);
#552=LINE('',#3660,#777);
#553=LINE('',#3661,#778);
#554=LINE('',#3663,#779);
#555=LINE('',#3668,#780);
#556=LINE('',#3670,#781);
#557=LINE('',#3672,#782);
#558=LINE('',#3673,#783);
#559=LINE('',#3676,#784);
#560=LINE('',#3678,#785);
#561=LINE('',#3679,#786);
#562=LINE('',#3681,#787);
#563=LINE('',#3682,#788);
#564=LINE('',#3688,#789);
#565=LINE('',#3690,#790);
#566=LINE('',#3692,#791);
#567=LINE('',#3693,#792);
#568=LINE('',#3696,#793);
#569=LINE('',#3698,#794);
#570=LINE('',#3699,#795);
#571=LINE('',#3701,#796);
#572=LINE('',#3702,#797);
#573=LINE('',#3709,#798);
#574=LINE('',#3716,#799);
#575=LINE('',#3718,#800);
#576=LINE('',#3719,#801);
#577=LINE('',#3722,#802);
#578=LINE('',#3725,#803);
#579=LINE('',#3728,#804);
#580=LINE('',#3729,#805);
#581=LINE('',#3732,#806);
#582=LINE('',#3733,#807);
#583=LINE('',#3735,#808);
#584=LINE('',#3740,#809);
#585=LINE('',#3742,#810);
#586=LINE('',#3744,#811);
#587=LINE('',#3745,#812);
#588=LINE('',#3748,#813);
#589=LINE('',#3750,#814);
#590=LINE('',#3751,#815);
#591=LINE('',#3753,#816);
#592=LINE('',#3754,#817);
#593=LINE('',#3760,#818);
#594=LINE('',#3762,#819);
#595=LINE('',#3764,#820);
#596=LINE('',#3765,#821);
#597=LINE('',#3768,#822);
#598=LINE('',#3770,#823);
#599=LINE('',#3771,#824);
#600=LINE('',#3773,#825);
#601=LINE('',#3774,#826);
#602=LINE('',#3781,#827);
#603=LINE('',#3788,#828);
#604=LINE('',#3790,#829);
#605=LINE('',#3791,#830);
#606=LINE('',#3794,#831);
#607=LINE('',#3797,#832);
#608=LINE('',#3800,#833);
#609=LINE('',#3801,#834);
#610=LINE('',#3804,#835);
#611=LINE('',#3805,#836);
#612=LINE('',#3807,#837);
#613=LINE('',#3812,#838);
#614=LINE('',#3814,#839);
#615=LINE('',#3816,#840);
#616=LINE('',#3817,#841);
#617=LINE('',#3820,#842);
#618=LINE('',#3822,#843);
#619=LINE('',#3823,#844);
#620=LINE('',#3825,#845);
#621=LINE('',#3826,#846);
#622=LINE('',#3832,#847);
#623=LINE('',#3834,#848);
#624=LINE('',#3836,#849);
#625=LINE('',#3837,#850);
#626=LINE('',#3840,#851);
#627=LINE('',#3842,#852);
#628=LINE('',#3843,#853);
#629=LINE('',#3845,#854);
#630=LINE('',#3846,#855);
#631=LINE('',#3853,#856);
#632=LINE('',#3860,#857);
#633=LINE('',#3862,#858);
#634=LINE('',#3863,#859);
#635=LINE('',#3866,#860);
#636=LINE('',#3869,#861);
#637=LINE('',#3872,#862);
#638=LINE('',#3873,#863);
#639=LINE('',#3876,#864);
#640=LINE('',#3877,#865);
#641=LINE('',#3879,#866);
#642=LINE('',#3884,#867);
#643=LINE('',#3886,#868);
#644=LINE('',#3888,#869);
#645=LINE('',#3889,#870);
#646=LINE('',#3892,#871);
#647=LINE('',#3894,#872);
#648=LINE('',#3895,#873);
#649=LINE('',#3897,#874);
#650=LINE('',#3898,#875);
#651=LINE('',#3904,#876);
#652=LINE('',#3906,#877);
#653=LINE('',#3908,#878);
#654=LINE('',#3909,#879);
#655=LINE('',#3912,#880);
#656=LINE('',#3914,#881);
#657=LINE('',#3915,#882);
#658=LINE('',#3917,#883);
#659=LINE('',#3918,#884);
#660=VECTOR('',#2348,10.);
#661=VECTOR('',#2349,10.);
#662=VECTOR('',#2350,10.);
#663=VECTOR('',#2351,10.);
#664=VECTOR('',#2352,10.);
#665=VECTOR('',#2355,10.);
#666=VECTOR('',#2356,10.);
#667=VECTOR('',#2357,10.);
#668=VECTOR('',#2358,10.);
#669=VECTOR('',#2359,10.);
#670=VECTOR('',#2362,10.);
#671=VECTOR('',#2363,10.);
#672=VECTOR('',#2364,10.);
#673=VECTOR('',#2365,10.);
#674=VECTOR('',#2366,10.);
#675=VECTOR('',#2367,10.);
#676=VECTOR('',#2370,10.);
#677=VECTOR('',#2371,10.);
#678=VECTOR('',#2372,10.);
#679=VECTOR('',#2373,10.);
#680=VECTOR('',#2374,10.);
#681=VECTOR('',#2375,10.);
#682=VECTOR('',#2378,10.);
#683=VECTOR('',#2379,10.);
#684=VECTOR('',#2380,10.);
#685=VECTOR('',#2383,10.);
#686=VECTOR('',#2384,10.);
#687=VECTOR('',#2385,10.);
#688=VECTOR('',#2388,10.);
#689=VECTOR('',#2389,10.);
#690=VECTOR('',#2390,10.);
#691=VECTOR('',#2393,10.);
#692=VECTOR('',#2394,10.);
#693=VECTOR('',#2395,10.);
#694=VECTOR('',#2398,10.);
#695=VECTOR('',#2399,10.);
#696=VECTOR('',#2400,10.);
#697=VECTOR('',#2401,10.);
#698=VECTOR('',#2404,10.);
#699=VECTOR('',#2405,10.);
#700=VECTOR('',#2408,10.);
#701=VECTOR('',#2409,10.);
#702=VECTOR('',#2410,10.);
#703=VECTOR('',#2413,10.);
#704=VECTOR('',#2414,10.);
#705=VECTOR('',#2415,10.);
#706=VECTOR('',#2418,10.);
#707=VECTOR('',#2419,10.);
#708=VECTOR('',#2420,10.);
#709=VECTOR('',#2423,10.);
#710=VECTOR('',#2424,10.);
#711=VECTOR('',#2425,10.);
#712=VECTOR('',#2428,10.);
#713=VECTOR('',#2429,10.);
#714=VECTOR('',#2430,10.);
#715=VECTOR('',#2433,10.);
#716=VECTOR('',#2434,10.);
#717=VECTOR('',#2435,10.);
#718=VECTOR('',#2440,10.);
#719=VECTOR('',#2445,5.);
#720=VECTOR('',#2450,5.55377290861286);
#721=VECTOR('',#2455,5.);
#722=VECTOR('',#2460,5.55377290861286);
#723=VECTOR('',#2463,10.);
#724=VECTOR('',#2464,10.);
#725=VECTOR('',#2465,10.);
#726=VECTOR('',#2468,10.);
#727=VECTOR('',#2469,10.);
#728=VECTOR('',#2470,10.);
#729=VECTOR('',#2471,10.);
#730=VECTOR('',#2472,10.);
#731=VECTOR('',#2475,10.);
#732=VECTOR('',#2476,10.);
#733=VECTOR('',#2477,10.);
#734=VECTOR('',#2478,10.);
#735=VECTOR('',#2481,10.);
#736=VECTOR('',#2482,10.);
#737=VECTOR('',#2485,10.);
#738=VECTOR('',#2486,10.);
#739=VECTOR('',#2487,10.);
#740=VECTOR('',#2490,10.);
#741=VECTOR('',#2497,10.);
#742=VECTOR('',#2498,10.);
#743=VECTOR('',#2499,10.);
#744=VECTOR('',#2504,1.35);
#745=VECTOR('',#2511,10.);
#746=VECTOR('',#2516,10.);
#747=VECTOR('',#2517,10.);
#748=VECTOR('',#2524,10.);
#749=VECTOR('',#2525,10.);
#750=VECTOR('',#2526,10.);
#751=VECTOR('',#2531,1.35);
#752=VECTOR('',#2540,10.);
#753=VECTOR('',#2543,10.);
#754=VECTOR('',#2544,10.);
#755=VECTOR('',#2551,10.);
#756=VECTOR('',#2552,10.);
#757=VECTOR('',#2553,10.);
#758=VECTOR('',#2558,1.35);
#759=VECTOR('',#2565,10.);
#760=VECTOR('',#2570,10.);
#761=VECTOR('',#2571,10.);
#762=VECTOR('',#2578,10.);
#763=VECTOR('',#2579,10.);
#764=VECTOR('',#2580,10.);
#765=VECTOR('',#2585,1.35);
#766=VECTOR('',#2594,10.);
#767=VECTOR('',#2597,10.);
#768=VECTOR('',#2598,10.);
#769=VECTOR('',#2607,1.35);
#770=VECTOR('',#2614,10.);
#771=VECTOR('',#2615,10.);
#772=VECTOR('',#2616,10.);
#773=VECTOR('',#2619,10.);
#774=VECTOR('',#2622,10.);
#775=VECTOR('',#2625,10.);
#776=VECTOR('',#2626,10.);
#777=VECTOR('',#2629,10.);
#778=VECTOR('',#2630,10.);
#779=VECTOR('',#2633,10.);
#780=VECTOR('',#2638,10.);
#781=VECTOR('',#2639,10.);
#782=VECTOR('',#2640,10.);
#783=VECTOR('',#2641,10.);
#784=VECTOR('',#2644,10.);
#785=VECTOR('',#2645,10.);
#786=VECTOR('',#2646,10.);
#787=VECTOR('',#2649,10.);
#788=VECTOR('',#2650,10.);
#789=VECTOR('',#2657,10.);
#790=VECTOR('',#2658,10.);
#791=VECTOR('',#2659,10.);
#792=VECTOR('',#2660,10.);
#793=VECTOR('',#2663,10.);
#794=VECTOR('',#2664,10.);
#795=VECTOR('',#2665,10.);
#796=VECTOR('',#2668,10.);
#797=VECTOR('',#2669,10.);
#798=VECTOR('',#2678,1.35);
#799=VECTOR('',#2685,10.);
#800=VECTOR('',#2686,10.);
#801=VECTOR('',#2687,10.);
#802=VECTOR('',#2690,10.);
#803=VECTOR('',#2693,10.);
#804=VECTOR('',#2696,10.);
#805=VECTOR('',#2697,10.);
#806=VECTOR('',#2700,10.);
#807=VECTOR('',#2701,10.);
#808=VECTOR('',#2704,10.);
#809=VECTOR('',#2709,10.);
#810=VECTOR('',#2710,10.);
#811=VECTOR('',#2711,10.);
#812=VECTOR('',#2712,10.);
#813=VECTOR('',#2715,10.);
#814=VECTOR('',#2716,10.);
#815=VECTOR('',#2717,10.);
#816=VECTOR('',#2720,10.);
#817=VECTOR('',#2721,10.);
#818=VECTOR('',#2728,10.);
#819=VECTOR('',#2729,10.);
#820=VECTOR('',#2730,10.);
#821=VECTOR('',#2731,10.);
#822=VECTOR('',#2734,10.);
#823=VECTOR('',#2735,10.);
#824=VECTOR('',#2736,10.);
#825=VECTOR('',#2739,10.);
#826=VECTOR('',#2740,10.);
#827=VECTOR('',#2749,1.35);
#828=VECTOR('',#2756,10.);
#829=VECTOR('',#2757,10.);
#830=VECTOR('',#2758,10.);
#831=VECTOR('',#2761,10.);
#832=VECTOR('',#2764,10.);
#833=VECTOR('',#2767,10.);
#834=VECTOR('',#2768,10.);
#835=VECTOR('',#2771,10.);
#836=VECTOR('',#2772,10.);
#837=VECTOR('',#2775,10.);
#838=VECTOR('',#2780,10.);
#839=VECTOR('',#2781,10.);
#840=VECTOR('',#2782,10.);
#841=VECTOR('',#2783,10.);
#842=VECTOR('',#2786,10.);
#843=VECTOR('',#2787,10.);
#844=VECTOR('',#2788,10.);
#845=VECTOR('',#2791,10.);
#846=VECTOR('',#2792,10.);
#847=VECTOR('',#2799,10.);
#848=VECTOR('',#2800,10.);
#849=VECTOR('',#2801,10.);
#850=VECTOR('',#2802,10.);
#851=VECTOR('',#2805,10.);
#852=VECTOR('',#2806,10.);
#853=VECTOR('',#2807,10.);
#854=VECTOR('',#2810,10.);
#855=VECTOR('',#2811,10.);
#856=VECTOR('',#2820,1.35);
#857=VECTOR('',#2827,10.);
#858=VECTOR('',#2828,10.);
#859=VECTOR('',#2829,10.);
#860=VECTOR('',#2832,10.);
#861=VECTOR('',#2835,10.);
#862=VECTOR('',#2838,10.);
#863=VECTOR('',#2839,10.);
#864=VECTOR('',#2842,10.);
#865=VECTOR('',#2843,10.);
#866=VECTOR('',#2846,10.);
#867=VECTOR('',#2851,10.);
#868=VECTOR('',#2852,10.);
#869=VECTOR('',#2853,10.);
#870=VECTOR('',#2854,10.);
#871=VECTOR('',#2857,10.);
#872=VECTOR('',#2858,10.);
#873=VECTOR('',#2859,10.);
#874=VECTOR('',#2862,10.);
#875=VECTOR('',#2863,10.);
#876=VECTOR('',#2870,10.);
#877=VECTOR('',#2871,10.);
#878=VECTOR('',#2872,10.);
#879=VECTOR('',#2873,10.);
#880=VECTOR('',#2876,10.);
#881=VECTOR('',#2877,10.);
#882=VECTOR('',#2878,10.);
#883=VECTOR('',#2881,10.);
#884=VECTOR('',#2882,10.);
#885=VERTEX_POINT('',#2889);
#886=VERTEX_POINT('',#2890);
#887=VERTEX_POINT('',#2892);
#888=VERTEX_POINT('',#2894);
#889=VERTEX_POINT('',#2896);
#890=VERTEX_POINT('',#2900);
#891=VERTEX_POINT('',#2901);
#892=VERTEX_POINT('',#2903);
#893=VERTEX_POINT('',#2905);
#894=VERTEX_POINT('',#2907);
#895=VERTEX_POINT('',#2911);
#896=VERTEX_POINT('',#2912);
#897=VERTEX_POINT('',#2914);
#898=VERTEX_POINT('',#2916);
#899=VERTEX_POINT('',#2923);
#900=VERTEX_POINT('',#2925);
#901=VERTEX_POINT('',#2927);
#902=VERTEX_POINT('',#2929);
#903=VERTEX_POINT('',#2933);
#904=VERTEX_POINT('',#2934);
#905=VERTEX_POINT('',#2939);
#906=VERTEX_POINT('',#2941);
#907=VERTEX_POINT('',#2945);
#908=VERTEX_POINT('',#2946);
#909=VERTEX_POINT('',#2951);
#910=VERTEX_POINT('',#2952);
#911=VERTEX_POINT('',#2957);
#912=VERTEX_POINT('',#2959);
#913=VERTEX_POINT('',#2963);
#914=VERTEX_POINT('',#2964);
#915=VERTEX_POINT('',#2969);
#916=VERTEX_POINT('',#2971);
#917=VERTEX_POINT('',#2975);
#918=VERTEX_POINT('',#2976);
#919=VERTEX_POINT('',#2978);
#920=VERTEX_POINT('',#2980);
#921=VERTEX_POINT('',#2984);
#922=VERTEX_POINT('',#2985);
#923=VERTEX_POINT('',#2993);
#924=VERTEX_POINT('',#2994);
#925=VERTEX_POINT('',#2999);
#926=VERTEX_POINT('',#3001);
#927=VERTEX_POINT('',#3005);
#928=VERTEX_POINT('',#3006);
#929=VERTEX_POINT('',#3011);
#930=VERTEX_POINT('',#3012);
#931=VERTEX_POINT('',#3017);
#932=VERTEX_POINT('',#3019);
#933=VERTEX_POINT('',#3023);
#934=VERTEX_POINT('',#3024);
#935=VERTEX_POINT('',#3029);
#936=VERTEX_POINT('',#3031);
#937=VERTEX_POINT('',#3035);
#938=VERTEX_POINT('',#3036);
#939=VERTEX_POINT('',#3041);
#940=VERTEX_POINT('',#3042);
#941=VERTEX_POINT('',#3047);
#942=VERTEX_POINT('',#3049);
#943=VERTEX_POINT('',#3056);
#944=VERTEX_POINT('',#3058);
#945=VERTEX_POINT('',#3062);
#946=VERTEX_POINT('',#3063);
#947=VERTEX_POINT('',#3117);
#948=VERTEX_POINT('',#3119);
#949=VERTEX_POINT('',#3174);
#950=VERTEX_POINT('',#3176);
#951=VERTEX_POINT('',#3180);
#952=VERTEX_POINT('',#3181);
#953=VERTEX_POINT('',#3235);
#954=VERTEX_POINT('',#3237);
#955=VERTEX_POINT('',#3292);
#956=VERTEX_POINT('',#3294);
#957=VERTEX_POINT('',#3298);
#958=VERTEX_POINT('',#3300);
#959=VERTEX_POINT('',#3333);
#960=VERTEX_POINT('',#3349);
#961=VERTEX_POINT('',#3502);
#962=VERTEX_POINT('',#3511);
#963=VERTEX_POINT('',#3522);
#964=VERTEX_POINT('',#3524);
#965=VERTEX_POINT('',#3529);
#966=VERTEX_POINT('',#3533);
#967=VERTEX_POINT('',#3542);
#968=VERTEX_POINT('',#3544);
#969=VERTEX_POINT('',#3548);
#970=VERTEX_POINT('',#3550);
#971=VERTEX_POINT('',#3554);
#972=VERTEX_POINT('',#3556);
#973=VERTEX_POINT('',#3565);
#974=VERTEX_POINT('',#3567);
#975=VERTEX_POINT('',#3571);
#976=VERTEX_POINT('',#3573);
#977=VERTEX_POINT('',#3577);
#978=VERTEX_POINT('',#3579);
#979=VERTEX_POINT('',#3588);
#980=VERTEX_POINT('',#3590);
#981=VERTEX_POINT('',#3594);
#982=VERTEX_POINT('',#3596);
#983=VERTEX_POINT('',#3600);
#984=VERTEX_POINT('',#3602);
#985=VERTEX_POINT('',#3611);
#986=VERTEX_POINT('',#3613);
#987=VERTEX_POINT('',#3617);
#988=VERTEX_POINT('',#3619);
#989=VERTEX_POINT('',#3623);
#990=VERTEX_POINT('',#3625);
#991=VERTEX_POINT('',#3634);
#992=VERTEX_POINT('',#3636);
#993=VERTEX_POINT('',#3640);
#994=VERTEX_POINT('',#3641);
#995=VERTEX_POINT('',#3643);
#996=VERTEX_POINT('',#3645);
#997=VERTEX_POINT('',#3649);
#998=VERTEX_POINT('',#3651);
#999=VERTEX_POINT('',#3655);
#1000=VERTEX_POINT('',#3659);
#1001=VERTEX_POINT('',#3666);
#1002=VERTEX_POINT('',#3667);
#1003=VERTEX_POINT('',#3669);
#1004=VERTEX_POINT('',#3671);
#1005=VERTEX_POINT('',#3675);
#1006=VERTEX_POINT('',#3677);
#1007=VERTEX_POINT('',#3686);
#1008=VERTEX_POINT('',#3687);
#1009=VERTEX_POINT('',#3689);
#1010=VERTEX_POINT('',#3691);
#1011=VERTEX_POINT('',#3695);
#1012=VERTEX_POINT('',#3697);
#1013=VERTEX_POINT('',#3706);
#1014=VERTEX_POINT('',#3708);
#1015=VERTEX_POINT('',#3712);
#1016=VERTEX_POINT('',#3713);
#1017=VERTEX_POINT('',#3715);
#1018=VERTEX_POINT('',#3717);
#1019=VERTEX_POINT('',#3721);
#1020=VERTEX_POINT('',#3723);
#1021=VERTEX_POINT('',#3727);
#1022=VERTEX_POINT('',#3731);
#1023=VERTEX_POINT('',#3738);
#1024=VERTEX_POINT('',#3739);
#1025=VERTEX_POINT('',#3741);
#1026=VERTEX_POINT('',#3743);
#1027=VERTEX_POINT('',#3747);
#1028=VERTEX_POINT('',#3749);
#1029=VERTEX_POINT('',#3758);
#1030=VERTEX_POINT('',#3759);
#1031=VERTEX_POINT('',#3761);
#1032=VERTEX_POINT('',#3763);
#1033=VERTEX_POINT('',#3767);
#1034=VERTEX_POINT('',#3769);
#1035=VERTEX_POINT('',#3778);
#1036=VERTEX_POINT('',#3780);
#1037=VERTEX_POINT('',#3784);
#1038=VERTEX_POINT('',#3785);
#1039=VERTEX_POINT('',#3787);
#1040=VERTEX_POINT('',#3789);
#1041=VERTEX_POINT('',#3793);
#1042=VERTEX_POINT('',#3795);
#1043=VERTEX_POINT('',#3799);
#1044=VERTEX_POINT('',#3803);
#1045=VERTEX_POINT('',#3810);
#1046=VERTEX_POINT('',#3811);
#1047=VERTEX_POINT('',#3813);
#1048=VERTEX_POINT('',#3815);
#1049=VERTEX_POINT('',#3819);
#1050=VERTEX_POINT('',#3821);
#1051=VERTEX_POINT('',#3830);
#1052=VERTEX_POINT('',#3831);
#1053=VERTEX_POINT('',#3833);
#1054=VERTEX_POINT('',#3835);
#1055=VERTEX_POINT('',#3839);
#1056=VERTEX_POINT('',#3841);
#1057=VERTEX_POINT('',#3850);
#1058=VERTEX_POINT('',#3852);
#1059=VERTEX_POINT('',#3856);
#1060=VERTEX_POINT('',#3857);
#1061=VERTEX_POINT('',#3859);
#1062=VERTEX_POINT('',#3861);
#1063=VERTEX_POINT('',#3865);
#1064=VERTEX_POINT('',#3867);
#1065=VERTEX_POINT('',#3871);
#1066=VERTEX_POINT('',#3875);
#1067=VERTEX_POINT('',#3882);
#1068=VERTEX_POINT('',#3883);
#1069=VERTEX_POINT('',#3885);
#1070=VERTEX_POINT('',#3887);
#1071=VERTEX_POINT('',#3891);
#1072=VERTEX_POINT('',#3893);
#1073=VERTEX_POINT('',#3902);
#1074=VERTEX_POINT('',#3903);
#1075=VERTEX_POINT('',#3905);
#1076=VERTEX_POINT('',#3907);
#1077=VERTEX_POINT('',#3911);
#1078=VERTEX_POINT('',#3913);
#1079=EDGE_CURVE('',#885,#886,#435,.T.);
#1080=EDGE_CURVE('',#887,#885,#436,.T.);
#1081=EDGE_CURVE('',#888,#887,#437,.T.);
#1082=EDGE_CURVE('',#889,#888,#438,.T.);
#1083=EDGE_CURVE('',#889,#886,#439,.T.);
#1084=EDGE_CURVE('',#890,#891,#440,.T.);
#1085=EDGE_CURVE('',#892,#890,#441,.T.);
#1086=EDGE_CURVE('',#893,#892,#442,.T.);
#1087=EDGE_CURVE('',#894,#893,#443,.T.);
#1088=EDGE_CURVE('',#894,#891,#444,.T.);
#1089=EDGE_CURVE('',#895,#896,#445,.T.);
#1090=EDGE_CURVE('',#896,#897,#446,.T.);
#1091=EDGE_CURVE('',#898,#897,#447,.T.);
#1092=EDGE_CURVE('',#895,#898,#448,.T.);
#1093=EDGE_CURVE('',#891,#885,#449,.T.);
#1094=EDGE_CURVE('',#886,#890,#450,.T.);
#1095=EDGE_CURVE('',#892,#889,#451,.T.);
#1096=EDGE_CURVE('',#888,#899,#452,.T.);
#1097=EDGE_CURVE('',#900,#899,#453,.T.);
#1098=EDGE_CURVE('',#901,#900,#454,.T.);
#1099=EDGE_CURVE('',#902,#901,#455,.T.);
#1100=EDGE_CURVE('',#902,#893,#456,.T.);
#1101=EDGE_CURVE('',#903,#904,#97,.T.);
#1102=EDGE_CURVE('',#903,#905,#457,.T.);
#1103=EDGE_CURVE('',#905,#906,#458,.T.);
#1104=EDGE_CURVE('',#906,#904,#459,.T.);
#1105=EDGE_CURVE('',#907,#908,#460,.T.);
#1106=EDGE_CURVE('',#908,#906,#461,.T.);
#1107=EDGE_CURVE('',#907,#905,#462,.T.);
#1108=EDGE_CURVE('',#909,#910,#98,.T.);
#1109=EDGE_CURVE('',#911,#909,#463,.T.);
#1110=EDGE_CURVE('',#912,#911,#464,.T.);
#1111=EDGE_CURVE('',#912,#910,#465,.T.);
#1112=EDGE_CURVE('',#913,#914,#99,.T.);
#1113=EDGE_CURVE('',#915,#913,#466,.T.);
#1114=EDGE_CURVE('',#916,#915,#467,.T.);
#1115=EDGE_CURVE('',#916,#914,#468,.T.);
#1116=EDGE_CURVE('',#917,#918,#469,.T.);
#1117=EDGE_CURVE('',#917,#919,#470,.T.);
#1118=EDGE_CURVE('',#920,#919,#471,.T.);
#1119=EDGE_CURVE('',#918,#920,#472,.T.);
#1120=EDGE_CURVE('',#921,#922,#100,.T.);
#1121=EDGE_CURVE('',#921,#920,#473,.T.);
#1122=EDGE_CURVE('',#919,#922,#474,.T.);
#1123=EDGE_CURVE('',#923,#924,#101,.T.);
#1124=EDGE_CURVE('',#923,#925,#475,.T.);
#1125=EDGE_CURVE('',#925,#926,#476,.T.);
#1126=EDGE_CURVE('',#926,#924,#477,.T.);
#1127=EDGE_CURVE('',#927,#928,#478,.T.);
#1128=EDGE_CURVE('',#928,#926,#479,.T.);
#1129=EDGE_CURVE('',#927,#925,#480,.T.);
#1130=EDGE_CURVE('',#929,#930,#102,.T.);
#1131=EDGE_CURVE('',#931,#929,#481,.T.);
#1132=EDGE_CURVE('',#932,#931,#482,.T.);
#1133=EDGE_CURVE('',#932,#930,#483,.T.);
#1134=EDGE_CURVE('',#933,#934,#103,.T.);
#1135=EDGE_CURVE('',#933,#935,#484,.T.);
#1136=EDGE_CURVE('',#935,#936,#485,.T.);
#1137=EDGE_CURVE('',#936,#934,#486,.T.);
#1138=EDGE_CURVE('',#937,#938,#487,.T.);
#1139=EDGE_CURVE('',#937,#936,#488,.T.);
#1140=EDGE_CURVE('',#938,#935,#489,.T.);
#1141=EDGE_CURVE('',#939,#940,#104,.T.);
#1142=EDGE_CURVE('',#941,#939,#490,.T.);
#1143=EDGE_CURVE('',#942,#941,#491,.T.);
#1144=EDGE_CURVE('',#942,#940,#492,.T.);
#1145=EDGE_CURVE('',#887,#894,#493,.T.);
#1146=EDGE_CURVE('',#943,#943,#41,.T.);
#1147=EDGE_CURVE('',#943,#944,#494,.T.);
#1148=EDGE_CURVE('',#944,#944,#42,.T.);
#1149=EDGE_CURVE('',#945,#946,#105,.T.);
#1150=EDGE_CURVE('',#946,#945,#106,.T.);
#1151=EDGE_CURVE('',#946,#947,#495,.T.);
#1152=EDGE_CURVE('',#948,#947,#107,.T.);
#1153=EDGE_CURVE('',#947,#948,#108,.T.);
#1154=EDGE_CURVE('',#949,#949,#43,.T.);
#1155=EDGE_CURVE('',#949,#950,#496,.T.);
#1156=EDGE_CURVE('',#950,#950,#44,.T.);
#1157=EDGE_CURVE('',#951,#952,#109,.T.);
#1158=EDGE_CURVE('',#952,#951,#110,.T.);
#1159=EDGE_CURVE('',#952,#953,#497,.T.);
#1160=EDGE_CURVE('',#954,#953,#111,.T.);
#1161=EDGE_CURVE('',#953,#954,#112,.T.);
#1162=EDGE_CURVE('',#955,#902,#498,.T.);
#1163=EDGE_CURVE('',#955,#956,#499,.T.);
#1164=EDGE_CURVE('',#899,#956,#500,.T.);
#1165=EDGE_CURVE('',#901,#957,#501,.T.);
#1166=EDGE_CURVE('',#958,#900,#502,.T.);
#1167=EDGE_CURVE('',#957,#958,#503,.T.);
#1168=EDGE_CURVE('',#959,#895,#113,.T.);
#1169=EDGE_CURVE('',#960,#898,#114,.T.);
#1170=EDGE_CURVE('',#960,#959,#504,.T.);
#1171=EDGE_CURVE('',#910,#903,#115,.T.);
#1172=EDGE_CURVE('',#904,#909,#116,.T.);
#1173=EDGE_CURVE('',#914,#921,#117,.T.);
#1174=EDGE_CURVE('',#922,#913,#118,.T.);
#1175=EDGE_CURVE('',#930,#923,#119,.T.);
#1176=EDGE_CURVE('',#924,#929,#120,.T.);
#1177=EDGE_CURVE('',#940,#933,#121,.T.);
#1178=EDGE_CURVE('',#934,#939,#122,.T.);
#1179=EDGE_CURVE('',#961,#955,#123,.T.);
#1180=EDGE_CURVE('',#962,#961,#505,.T.);
#1181=EDGE_CURVE('',#956,#962,#124,.T.);
#1182=EDGE_CURVE('',#897,#963,#506,.T.);
#1183=EDGE_CURVE('',#964,#963,#507,.T.);
#1184=EDGE_CURVE('',#960,#964,#508,.T.);
#1185=EDGE_CURVE('',#958,#962,#509,.T.);
#1186=EDGE_CURVE('',#965,#964,#510,.T.);
#1187=EDGE_CURVE('',#959,#965,#511,.T.);
#1188=EDGE_CURVE('',#896,#966,#512,.T.);
#1189=EDGE_CURVE('',#966,#965,#513,.T.);
#1190=EDGE_CURVE('',#961,#957,#514,.T.);
#1191=EDGE_CURVE('',#963,#966,#515,.T.);
#1192=EDGE_CURVE('',#967,#941,#516,.T.);
#1193=EDGE_CURVE('',#967,#968,#517,.T.);
#1194=EDGE_CURVE('',#968,#942,#518,.T.);
#1195=EDGE_CURVE('',#969,#969,#45,.T.);
#1196=EDGE_CURVE('',#969,#970,#519,.T.);
#1197=EDGE_CURVE('',#970,#970,#46,.T.);
#1198=EDGE_CURVE('',#967,#971,#47,.T.);
#1199=EDGE_CURVE('',#971,#972,#520,.T.);
#1200=EDGE_CURVE('',#972,#968,#48,.T.);
#1201=EDGE_CURVE('',#971,#937,#521,.T.);
#1202=EDGE_CURVE('',#938,#972,#522,.T.);
#1203=EDGE_CURVE('',#973,#931,#523,.T.);
#1204=EDGE_CURVE('',#974,#973,#524,.T.);
#1205=EDGE_CURVE('',#974,#932,#525,.T.);
#1206=EDGE_CURVE('',#975,#975,#49,.T.);
#1207=EDGE_CURVE('',#975,#976,#526,.T.);
#1208=EDGE_CURVE('',#976,#976,#50,.T.);
#1209=EDGE_CURVE('',#974,#977,#51,.T.);
#1210=EDGE_CURVE('',#978,#973,#52,.T.);
#1211=EDGE_CURVE('',#977,#978,#527,.T.);
#1212=EDGE_CURVE('',#977,#927,#528,.T.);
#1213=EDGE_CURVE('',#928,#978,#529,.T.);
#1214=EDGE_CURVE('',#979,#915,#530,.T.);
#1215=EDGE_CURVE('',#979,#980,#531,.T.);
#1216=EDGE_CURVE('',#980,#916,#532,.T.);
#1217=EDGE_CURVE('',#981,#981,#53,.T.);
#1218=EDGE_CURVE('',#981,#982,#533,.T.);
#1219=EDGE_CURVE('',#982,#982,#54,.T.);
#1220=EDGE_CURVE('',#979,#983,#55,.T.);
#1221=EDGE_CURVE('',#983,#984,#534,.T.);
#1222=EDGE_CURVE('',#984,#980,#56,.T.);
#1223=EDGE_CURVE('',#983,#917,#535,.T.);
#1224=EDGE_CURVE('',#918,#984,#536,.T.);
#1225=EDGE_CURVE('',#985,#911,#537,.T.);
#1226=EDGE_CURVE('',#986,#985,#538,.T.);
#1227=EDGE_CURVE('',#986,#912,#539,.T.);
#1228=EDGE_CURVE('',#987,#987,#57,.T.);
#1229=EDGE_CURVE('',#987,#988,#540,.T.);
#1230=EDGE_CURVE('',#988,#988,#58,.T.);
#1231=EDGE_CURVE('',#986,#989,#59,.T.);
#1232=EDGE_CURVE('',#990,#985,#60,.T.);
#1233=EDGE_CURVE('',#989,#990,#541,.T.);
#1234=EDGE_CURVE('',#989,#907,#542,.T.);
#1235=EDGE_CURVE('',#908,#990,#543,.T.);
#1236=EDGE_CURVE('',#991,#991,#61,.T.);
#1237=EDGE_CURVE('',#991,#992,#544,.T.);
#1238=EDGE_CURVE('',#992,#992,#62,.T.);
#1239=EDGE_CURVE('',#993,#994,#63,.T.);
#1240=EDGE_CURVE('',#995,#993,#545,.T.);
#1241=EDGE_CURVE('',#996,#995,#546,.T.);
#1242=EDGE_CURVE('',#996,#994,#547,.T.);
#1243=EDGE_CURVE('',#994,#997,#548,.T.);
#1244=EDGE_CURVE('',#997,#998,#64,.T.);
#1245=EDGE_CURVE('',#998,#993,#549,.T.);
#1246=EDGE_CURVE('',#999,#998,#550,.T.);
#1247=EDGE_CURVE('',#995,#999,#551,.T.);
#1248=EDGE_CURVE('',#1000,#997,#552,.T.);
#1249=EDGE_CURVE('',#999,#1000,#553,.T.);
#1250=EDGE_CURVE('',#1000,#996,#554,.T.);
#1251=EDGE_CURVE('',#1001,#1002,#555,.T.);
#1252=EDGE_CURVE('',#1001,#1003,#556,.T.);
#1253=EDGE_CURVE('',#1004,#1003,#557,.T.);
#1254=EDGE_CURVE('',#1002,#1004,#558,.T.);
#1255=EDGE_CURVE('',#1005,#1002,#559,.T.);
#1256=EDGE_CURVE('',#1006,#1004,#560,.T.);
#1257=EDGE_CURVE('',#1005,#1006,#561,.T.);
#1258=EDGE_CURVE('',#1005,#1001,#562,.T.);
#1259=EDGE_CURVE('',#1003,#1006,#563,.T.);
#1260=EDGE_CURVE('',#1007,#1008,#564,.T.);
#1261=EDGE_CURVE('',#1008,#1009,#565,.T.);
#1262=EDGE_CURVE('',#1010,#1009,#566,.T.);
#1263=EDGE_CURVE('',#1007,#1010,#567,.T.);
#1264=EDGE_CURVE('',#1011,#1007,#568,.T.);
#1265=EDGE_CURVE('',#1012,#1010,#569,.T.);
#1266=EDGE_CURVE('',#1011,#1012,#570,.T.);
#1267=EDGE_CURVE('',#1008,#1011,#571,.T.);
#1268=EDGE_CURVE('',#1009,#1012,#572,.T.);
#1269=EDGE_CURVE('',#1013,#1013,#65,.T.);
#1270=EDGE_CURVE('',#1013,#1014,#573,.T.);
#1271=EDGE_CURVE('',#1014,#1014,#66,.T.);
#1272=EDGE_CURVE('',#1015,#1016,#67,.T.);
#1273=EDGE_CURVE('',#1017,#1016,#574,.T.);
#1274=EDGE_CURVE('',#1017,#1018,#575,.T.);
#1275=EDGE_CURVE('',#1018,#1015,#576,.T.);
#1276=EDGE_CURVE('',#1019,#1015,#577,.T.);
#1277=EDGE_CURVE('',#1020,#1019,#68,.T.);
#1278=EDGE_CURVE('',#1016,#1020,#578,.T.);
#1279=EDGE_CURVE('',#1018,#1021,#579,.T.);
#1280=EDGE_CURVE('',#1021,#1019,#580,.T.);
#1281=EDGE_CURVE('',#1021,#1022,#581,.T.);
#1282=EDGE_CURVE('',#1022,#1020,#582,.T.);
#1283=EDGE_CURVE('',#1022,#1017,#583,.T.);
#1284=EDGE_CURVE('',#1023,#1024,#584,.T.);
#1285=EDGE_CURVE('',#1024,#1025,#585,.T.);
#1286=EDGE_CURVE('',#1025,#1026,#586,.T.);
#1287=EDGE_CURVE('',#1023,#1026,#587,.T.);
#1288=EDGE_CURVE('',#1027,#1024,#588,.T.);
#1289=EDGE_CURVE('',#1027,#1028,#589,.T.);
#1290=EDGE_CURVE('',#1028,#1025,#590,.T.);
#1291=EDGE_CURVE('',#1027,#1023,#591,.T.);
#1292=EDGE_CURVE('',#1026,#1028,#592,.T.);
#1293=EDGE_CURVE('',#1029,#1030,#593,.T.);
#1294=EDGE_CURVE('',#1029,#1031,#594,.T.);
#1295=EDGE_CURVE('',#1031,#1032,#595,.T.);
#1296=EDGE_CURVE('',#1030,#1032,#596,.T.);
#1297=EDGE_CURVE('',#1033,#1029,#597,.T.);
#1298=EDGE_CURVE('',#1033,#1034,#598,.T.);
#1299=EDGE_CURVE('',#1034,#1031,#599,.T.);
#1300=EDGE_CURVE('',#1030,#1033,#600,.T.);
#1301=EDGE_CURVE('',#1032,#1034,#601,.T.);
#1302=EDGE_CURVE('',#1035,#1035,#69,.T.);
#1303=EDGE_CURVE('',#1035,#1036,#602,.T.);
#1304=EDGE_CURVE('',#1036,#1036,#70,.T.);
#1305=EDGE_CURVE('',#1037,#1038,#71,.T.);
#1306=EDGE_CURVE('',#1039,#1038,#603,.T.);
#1307=EDGE_CURVE('',#1039,#1040,#604,.T.);
#1308=EDGE_CURVE('',#1040,#1037,#605,.T.);
#1309=EDGE_CURVE('',#1041,#1037,#606,.T.);
#1310=EDGE_CURVE('',#1042,#1041,#72,.T.);
#1311=EDGE_CURVE('',#1038,#1042,#607,.T.);
#1312=EDGE_CURVE('',#1040,#1043,#608,.T.);
#1313=EDGE_CURVE('',#1043,#1041,#609,.T.);
#1314=EDGE_CURVE('',#1043,#1044,#610,.T.);
#1315=EDGE_CURVE('',#1044,#1042,#611,.T.);
#1316=EDGE_CURVE('',#1044,#1039,#612,.T.);
#1317=EDGE_CURVE('',#1045,#1046,#613,.T.);
#1318=EDGE_CURVE('',#1045,#1047,#614,.T.);
#1319=EDGE_CURVE('',#1047,#1048,#615,.T.);
#1320=EDGE_CURVE('',#1046,#1048,#616,.T.);
#1321=EDGE_CURVE('',#1049,#1045,#617,.T.);
#1322=EDGE_CURVE('',#1049,#1050,#618,.T.);
#1323=EDGE_CURVE('',#1050,#1047,#619,.T.);
#1324=EDGE_CURVE('',#1046,#1049,#620,.T.);
#1325=EDGE_CURVE('',#1048,#1050,#621,.T.);
#1326=EDGE_CURVE('',#1051,#1052,#622,.T.);
#1327=EDGE_CURVE('',#1052,#1053,#623,.T.);
#1328=EDGE_CURVE('',#1053,#1054,#624,.T.);
#1329=EDGE_CURVE('',#1051,#1054,#625,.T.);
#1330=EDGE_CURVE('',#1055,#1052,#626,.T.);
#1331=EDGE_CURVE('',#1055,#1056,#627,.T.);
#1332=EDGE_CURVE('',#1056,#1053,#628,.T.);
#1333=EDGE_CURVE('',#1055,#1051,#629,.T.);
#1334=EDGE_CURVE('',#1054,#1056,#630,.T.);
#1335=EDGE_CURVE('',#1057,#1057,#73,.T.);
#1336=EDGE_CURVE('',#1057,#1058,#631,.T.);
#1337=EDGE_CURVE('',#1058,#1058,#74,.T.);
#1338=EDGE_CURVE('',#1059,#1060,#75,.T.);
#1339=EDGE_CURVE('',#1061,#1059,#632,.T.);
#1340=EDGE_CURVE('',#1062,#1061,#633,.T.);
#1341=EDGE_CURVE('',#1062,#1060,#634,.T.);
#1342=EDGE_CURVE('',#1060,#1063,#635,.T.);
#1343=EDGE_CURVE('',#1063,#1064,#76,.T.);
#1344=EDGE_CURVE('',#1064,#1059,#636,.T.);
#1345=EDGE_CURVE('',#1065,#1064,#637,.T.);
#1346=EDGE_CURVE('',#1061,#1065,#638,.T.);
#1347=EDGE_CURVE('',#1066,#1063,#639,.T.);
#1348=EDGE_CURVE('',#1065,#1066,#640,.T.);
#1349=EDGE_CURVE('',#1066,#1062,#641,.T.);
#1350=EDGE_CURVE('',#1067,#1068,#642,.T.);
#1351=EDGE_CURVE('',#1067,#1069,#643,.T.);
#1352=EDGE_CURVE('',#1070,#1069,#644,.T.);
#1353=EDGE_CURVE('',#1068,#1070,#645,.T.);
#1354=EDGE_CURVE('',#1071,#1068,#646,.T.);
#1355=EDGE_CURVE('',#1072,#1070,#647,.T.);
#1356=EDGE_CURVE('',#1071,#1072,#648,.T.);
#1357=EDGE_CURVE('',#1071,#1067,#649,.T.);
#1358=EDGE_CURVE('',#1069,#1072,#650,.T.);
#1359=EDGE_CURVE('',#1073,#1074,#651,.T.);
#1360=EDGE_CURVE('',#1074,#1075,#652,.T.);
#1361=EDGE_CURVE('',#1076,#1075,#653,.T.);
#1362=EDGE_CURVE('',#1073,#1076,#654,.T.);
#1363=EDGE_CURVE('',#1077,#1073,#655,.T.);
#1364=EDGE_CURVE('',#1078,#1076,#656,.T.);
#1365=EDGE_CURVE('',#1077,#1078,#657,.T.);
#1366=EDGE_CURVE('',#1074,#1077,#658,.T.);
#1367=EDGE_CURVE('',#1075,#1078,#659,.T.);
#1368=ORIENTED_EDGE('',*,*,#1079,.F.);
#1369=ORIENTED_EDGE('',*,*,#1080,.F.);
#1370=ORIENTED_EDGE('',*,*,#1081,.F.);
#1371=ORIENTED_EDGE('',*,*,#1082,.F.);
#1372=ORIENTED_EDGE('',*,*,#1083,.T.);
#1373=ORIENTED_EDGE('',*,*,#1084,.F.);
#1374=ORIENTED_EDGE('',*,*,#1085,.F.);
#1375=ORIENTED_EDGE('',*,*,#1086,.F.);
#1376=ORIENTED_EDGE('',*,*,#1087,.F.);
#1377=ORIENTED_EDGE('',*,*,#1088,.T.);
#1378=ORIENTED_EDGE('',*,*,#1089,.T.);
#1379=ORIENTED_EDGE('',*,*,#1090,.T.);
#1380=ORIENTED_EDGE('',*,*,#1091,.F.);
#1381=ORIENTED_EDGE('',*,*,#1092,.F.);
#1382=ORIENTED_EDGE('',*,*,#1093,.T.);
#1383=ORIENTED_EDGE('',*,*,#1079,.T.);
#1384=ORIENTED_EDGE('',*,*,#1094,.T.);
#1385=ORIENTED_EDGE('',*,*,#1084,.T.);
#1386=ORIENTED_EDGE('',*,*,#1095,.T.);
#1387=ORIENTED_EDGE('',*,*,#1082,.T.);
#1388=ORIENTED_EDGE('',*,*,#1096,.T.);
#1389=ORIENTED_EDGE('',*,*,#1097,.F.);
#1390=ORIENTED_EDGE('',*,*,#1098,.F.);
#1391=ORIENTED_EDGE('',*,*,#1099,.F.);
#1392=ORIENTED_EDGE('',*,*,#1100,.T.);
#1393=ORIENTED_EDGE('',*,*,#1086,.T.);
#1394=ORIENTED_EDGE('',*,*,#1101,.F.);
#1395=ORIENTED_EDGE('',*,*,#1102,.T.);
#1396=ORIENTED_EDGE('',*,*,#1103,.T.);
#1397=ORIENTED_EDGE('',*,*,#1104,.T.);
#1398=ORIENTED_EDGE('',*,*,#1105,.T.);
#1399=ORIENTED_EDGE('',*,*,#1106,.T.);
#1400=ORIENTED_EDGE('',*,*,#1103,.F.);
#1401=ORIENTED_EDGE('',*,*,#1107,.F.);
#1402=ORIENTED_EDGE('',*,*,#1108,.F.);
#1403=ORIENTED_EDGE('',*,*,#1109,.F.);
#1404=ORIENTED_EDGE('',*,*,#1110,.F.);
#1405=ORIENTED_EDGE('',*,*,#1111,.T.);
#1406=ORIENTED_EDGE('',*,*,#1112,.F.);
#1407=ORIENTED_EDGE('',*,*,#1113,.F.);
#1408=ORIENTED_EDGE('',*,*,#1114,.F.);
#1409=ORIENTED_EDGE('',*,*,#1115,.T.);
#1410=ORIENTED_EDGE('',*,*,#1116,.F.);
#1411=ORIENTED_EDGE('',*,*,#1117,.T.);
#1412=ORIENTED_EDGE('',*,*,#1118,.F.);
#1413=ORIENTED_EDGE('',*,*,#1119,.F.);
#1414=ORIENTED_EDGE('',*,*,#1120,.F.);
#1415=ORIENTED_EDGE('',*,*,#1121,.T.);
#1416=ORIENTED_EDGE('',*,*,#1118,.T.);
#1417=ORIENTED_EDGE('',*,*,#1122,.T.);
#1418=ORIENTED_EDGE('',*,*,#1123,.F.);
#1419=ORIENTED_EDGE('',*,*,#1124,.T.);
#1420=ORIENTED_EDGE('',*,*,#1125,.T.);
#1421=ORIENTED_EDGE('',*,*,#1126,.T.);
#1422=ORIENTED_EDGE('',*,*,#1127,.T.);
#1423=ORIENTED_EDGE('',*,*,#1128,.T.);
#1424=ORIENTED_EDGE('',*,*,#1125,.F.);
#1425=ORIENTED_EDGE('',*,*,#1129,.F.);
#1426=ORIENTED_EDGE('',*,*,#1130,.F.);
#1427=ORIENTED_EDGE('',*,*,#1131,.F.);
#1428=ORIENTED_EDGE('',*,*,#1132,.F.);
#1429=ORIENTED_EDGE('',*,*,#1133,.T.);
#1430=ORIENTED_EDGE('',*,*,#1134,.F.);
#1431=ORIENTED_EDGE('',*,*,#1135,.T.);
#1432=ORIENTED_EDGE('',*,*,#1136,.T.);
#1433=ORIENTED_EDGE('',*,*,#1137,.T.);
#1434=ORIENTED_EDGE('',*,*,#1138,.F.);
#1435=ORIENTED_EDGE('',*,*,#1139,.T.);
#1436=ORIENTED_EDGE('',*,*,#1136,.F.);
#1437=ORIENTED_EDGE('',*,*,#1140,.F.);
#1438=ORIENTED_EDGE('',*,*,#1141,.F.);
#1439=ORIENTED_EDGE('',*,*,#1142,.F.);
#1440=ORIENTED_EDGE('',*,*,#1143,.F.);
#1441=ORIENTED_EDGE('',*,*,#1144,.T.);
#1442=ORIENTED_EDGE('',*,*,#1094,.F.);
#1443=ORIENTED_EDGE('',*,*,#1083,.F.);
#1444=ORIENTED_EDGE('',*,*,#1095,.F.);
#1445=ORIENTED_EDGE('',*,*,#1085,.T.);
#1446=ORIENTED_EDGE('',*,*,#1093,.F.);
#1447=ORIENTED_EDGE('',*,*,#1088,.F.);
#1448=ORIENTED_EDGE('',*,*,#1145,.F.);
#1449=ORIENTED_EDGE('',*,*,#1080,.T.);
#1450=ORIENTED_EDGE('',*,*,#1146,.F.);
#1451=ORIENTED_EDGE('',*,*,#1147,.T.);
#1452=ORIENTED_EDGE('',*,*,#1148,.F.);
#1453=ORIENTED_EDGE('',*,*,#1147,.F.);
#1454=ORIENTED_EDGE('',*,*,#1149,.F.);
#1455=ORIENTED_EDGE('',*,*,#1150,.F.);
#1456=ORIENTED_EDGE('',*,*,#1151,.T.);
#1457=ORIENTED_EDGE('',*,*,#1152,.F.);
#1458=ORIENTED_EDGE('',*,*,#1153,.F.);
#1459=ORIENTED_EDGE('',*,*,#1151,.F.);
#1460=ORIENTED_EDGE('',*,*,#1154,.F.);
#1461=ORIENTED_EDGE('',*,*,#1155,.T.);
#1462=ORIENTED_EDGE('',*,*,#1156,.F.);
#1463=ORIENTED_EDGE('',*,*,#1155,.F.);
#1464=ORIENTED_EDGE('',*,*,#1157,.F.);
#1465=ORIENTED_EDGE('',*,*,#1158,.F.);
#1466=ORIENTED_EDGE('',*,*,#1159,.T.);
#1467=ORIENTED_EDGE('',*,*,#1160,.F.);
#1468=ORIENTED_EDGE('',*,*,#1161,.F.);
#1469=ORIENTED_EDGE('',*,*,#1159,.F.);
#1470=ORIENTED_EDGE('',*,*,#1145,.T.);
#1471=ORIENTED_EDGE('',*,*,#1087,.T.);
#1472=ORIENTED_EDGE('',*,*,#1100,.F.);
#1473=ORIENTED_EDGE('',*,*,#1162,.F.);
#1474=ORIENTED_EDGE('',*,*,#1163,.T.);
#1475=ORIENTED_EDGE('',*,*,#1164,.F.);
#1476=ORIENTED_EDGE('',*,*,#1096,.F.);
#1477=ORIENTED_EDGE('',*,*,#1081,.T.);
#1478=ORIENTED_EDGE('',*,*,#1165,.F.);
#1479=ORIENTED_EDGE('',*,*,#1098,.T.);
#1480=ORIENTED_EDGE('',*,*,#1166,.F.);
#1481=ORIENTED_EDGE('',*,*,#1167,.F.);
#1482=ORIENTED_EDGE('',*,*,#1168,.T.);
#1483=ORIENTED_EDGE('',*,*,#1092,.T.);
#1484=ORIENTED_EDGE('',*,*,#1169,.F.);
#1485=ORIENTED_EDGE('',*,*,#1170,.T.);
#1486=ORIENTED_EDGE('',*,*,#1171,.T.);
#1487=ORIENTED_EDGE('',*,*,#1101,.T.);
#1488=ORIENTED_EDGE('',*,*,#1172,.T.);
#1489=ORIENTED_EDGE('',*,*,#1108,.T.);
#1490=ORIENTED_EDGE('',*,*,#1112,.T.);
#1491=ORIENTED_EDGE('',*,*,#1173,.T.);
#1492=ORIENTED_EDGE('',*,*,#1120,.T.);
#1493=ORIENTED_EDGE('',*,*,#1174,.T.);
#1494=ORIENTED_EDGE('',*,*,#1175,.T.);
#1495=ORIENTED_EDGE('',*,*,#1123,.T.);
#1496=ORIENTED_EDGE('',*,*,#1176,.T.);
#1497=ORIENTED_EDGE('',*,*,#1130,.T.);
#1498=ORIENTED_EDGE('',*,*,#1177,.T.);
#1499=ORIENTED_EDGE('',*,*,#1134,.T.);
#1500=ORIENTED_EDGE('',*,*,#1178,.T.);
#1501=ORIENTED_EDGE('',*,*,#1141,.T.);
#1502=ORIENTED_EDGE('',*,*,#1149,.T.);
#1503=ORIENTED_EDGE('',*,*,#1150,.T.);
#1504=ORIENTED_EDGE('',*,*,#1160,.T.);
#1505=ORIENTED_EDGE('',*,*,#1161,.T.);
#1506=ORIENTED_EDGE('',*,*,#1179,.F.);
#1507=ORIENTED_EDGE('',*,*,#1180,.F.);
#1508=ORIENTED_EDGE('',*,*,#1181,.F.);
#1509=ORIENTED_EDGE('',*,*,#1163,.F.);
#1510=ORIENTED_EDGE('',*,*,#1152,.T.);
#1511=ORIENTED_EDGE('',*,*,#1153,.T.);
#1512=ORIENTED_EDGE('',*,*,#1157,.T.);
#1513=ORIENTED_EDGE('',*,*,#1158,.T.);
#1514=ORIENTED_EDGE('',*,*,#1182,.T.);
#1515=ORIENTED_EDGE('',*,*,#1183,.F.);
#1516=ORIENTED_EDGE('',*,*,#1184,.F.);
#1517=ORIENTED_EDGE('',*,*,#1169,.T.);
#1518=ORIENTED_EDGE('',*,*,#1091,.T.);
#1519=ORIENTED_EDGE('',*,*,#1166,.T.);
#1520=ORIENTED_EDGE('',*,*,#1097,.T.);
#1521=ORIENTED_EDGE('',*,*,#1164,.T.);
#1522=ORIENTED_EDGE('',*,*,#1181,.T.);
#1523=ORIENTED_EDGE('',*,*,#1185,.F.);
#1524=ORIENTED_EDGE('',*,*,#1170,.F.);
#1525=ORIENTED_EDGE('',*,*,#1184,.T.);
#1526=ORIENTED_EDGE('',*,*,#1186,.F.);
#1527=ORIENTED_EDGE('',*,*,#1187,.F.);
#1528=ORIENTED_EDGE('',*,*,#1188,.F.);
#1529=ORIENTED_EDGE('',*,*,#1089,.F.);
#1530=ORIENTED_EDGE('',*,*,#1168,.F.);
#1531=ORIENTED_EDGE('',*,*,#1187,.T.);
#1532=ORIENTED_EDGE('',*,*,#1189,.F.);
#1533=ORIENTED_EDGE('',*,*,#1190,.F.);
#1534=ORIENTED_EDGE('',*,*,#1179,.T.);
#1535=ORIENTED_EDGE('',*,*,#1162,.T.);
#1536=ORIENTED_EDGE('',*,*,#1099,.T.);
#1537=ORIENTED_EDGE('',*,*,#1165,.T.);
#1538=ORIENTED_EDGE('',*,*,#1188,.T.);
#1539=ORIENTED_EDGE('',*,*,#1191,.F.);
#1540=ORIENTED_EDGE('',*,*,#1182,.F.);
#1541=ORIENTED_EDGE('',*,*,#1090,.F.);
#1542=ORIENTED_EDGE('',*,*,#1191,.T.);
#1543=ORIENTED_EDGE('',*,*,#1189,.T.);
#1544=ORIENTED_EDGE('',*,*,#1186,.T.);
#1545=ORIENTED_EDGE('',*,*,#1183,.T.);
#1546=ORIENTED_EDGE('',*,*,#1146,.T.);
#1547=ORIENTED_EDGE('',*,*,#1156,.T.);
#1548=ORIENTED_EDGE('',*,*,#1167,.T.);
#1549=ORIENTED_EDGE('',*,*,#1185,.T.);
#1550=ORIENTED_EDGE('',*,*,#1180,.T.);
#1551=ORIENTED_EDGE('',*,*,#1190,.T.);
#1552=ORIENTED_EDGE('',*,*,#1148,.T.);
#1553=ORIENTED_EDGE('',*,*,#1154,.T.);
#1554=ORIENTED_EDGE('',*,*,#1143,.T.);
#1555=ORIENTED_EDGE('',*,*,#1192,.F.);
#1556=ORIENTED_EDGE('',*,*,#1193,.T.);
#1557=ORIENTED_EDGE('',*,*,#1194,.T.);
#1558=ORIENTED_EDGE('',*,*,#1195,.T.);
#1559=ORIENTED_EDGE('',*,*,#1196,.T.);
#1560=ORIENTED_EDGE('',*,*,#1197,.T.);
#1561=ORIENTED_EDGE('',*,*,#1196,.F.);
#1562=ORIENTED_EDGE('',*,*,#1198,.T.);
#1563=ORIENTED_EDGE('',*,*,#1199,.T.);
#1564=ORIENTED_EDGE('',*,*,#1200,.T.);
#1565=ORIENTED_EDGE('',*,*,#1193,.F.);
#1566=ORIENTED_EDGE('',*,*,#1201,.T.);
#1567=ORIENTED_EDGE('',*,*,#1138,.T.);
#1568=ORIENTED_EDGE('',*,*,#1202,.T.);
#1569=ORIENTED_EDGE('',*,*,#1199,.F.);
#1570=ORIENTED_EDGE('',*,*,#1201,.F.);
#1571=ORIENTED_EDGE('',*,*,#1198,.F.);
#1572=ORIENTED_EDGE('',*,*,#1192,.T.);
#1573=ORIENTED_EDGE('',*,*,#1142,.T.);
#1574=ORIENTED_EDGE('',*,*,#1178,.F.);
#1575=ORIENTED_EDGE('',*,*,#1137,.F.);
#1576=ORIENTED_EDGE('',*,*,#1139,.F.);
#1577=ORIENTED_EDGE('',*,*,#1197,.F.);
#1578=ORIENTED_EDGE('',*,*,#1194,.F.);
#1579=ORIENTED_EDGE('',*,*,#1200,.F.);
#1580=ORIENTED_EDGE('',*,*,#1202,.F.);
#1581=ORIENTED_EDGE('',*,*,#1140,.T.);
#1582=ORIENTED_EDGE('',*,*,#1135,.F.);
#1583=ORIENTED_EDGE('',*,*,#1177,.F.);
#1584=ORIENTED_EDGE('',*,*,#1144,.F.);
#1585=ORIENTED_EDGE('',*,*,#1195,.F.);
#1586=ORIENTED_EDGE('',*,*,#1132,.T.);
#1587=ORIENTED_EDGE('',*,*,#1203,.F.);
#1588=ORIENTED_EDGE('',*,*,#1204,.F.);
#1589=ORIENTED_EDGE('',*,*,#1205,.T.);
#1590=ORIENTED_EDGE('',*,*,#1206,.F.);
#1591=ORIENTED_EDGE('',*,*,#1207,.T.);
#1592=ORIENTED_EDGE('',*,*,#1208,.F.);
#1593=ORIENTED_EDGE('',*,*,#1207,.F.);
#1594=ORIENTED_EDGE('',*,*,#1209,.F.);
#1595=ORIENTED_EDGE('',*,*,#1204,.T.);
#1596=ORIENTED_EDGE('',*,*,#1210,.F.);
#1597=ORIENTED_EDGE('',*,*,#1211,.F.);
#1598=ORIENTED_EDGE('',*,*,#1212,.F.);
#1599=ORIENTED_EDGE('',*,*,#1211,.T.);
#1600=ORIENTED_EDGE('',*,*,#1213,.F.);
#1601=ORIENTED_EDGE('',*,*,#1127,.F.);
#1602=ORIENTED_EDGE('',*,*,#1205,.F.);
#1603=ORIENTED_EDGE('',*,*,#1209,.T.);
#1604=ORIENTED_EDGE('',*,*,#1212,.T.);
#1605=ORIENTED_EDGE('',*,*,#1129,.T.);
#1606=ORIENTED_EDGE('',*,*,#1124,.F.);
#1607=ORIENTED_EDGE('',*,*,#1175,.F.);
#1608=ORIENTED_EDGE('',*,*,#1133,.F.);
#1609=ORIENTED_EDGE('',*,*,#1206,.T.);
#1610=ORIENTED_EDGE('',*,*,#1213,.T.);
#1611=ORIENTED_EDGE('',*,*,#1210,.T.);
#1612=ORIENTED_EDGE('',*,*,#1203,.T.);
#1613=ORIENTED_EDGE('',*,*,#1131,.T.);
#1614=ORIENTED_EDGE('',*,*,#1176,.F.);
#1615=ORIENTED_EDGE('',*,*,#1126,.F.);
#1616=ORIENTED_EDGE('',*,*,#1128,.F.);
#1617=ORIENTED_EDGE('',*,*,#1208,.T.);
#1618=ORIENTED_EDGE('',*,*,#1114,.T.);
#1619=ORIENTED_EDGE('',*,*,#1214,.F.);
#1620=ORIENTED_EDGE('',*,*,#1215,.T.);
#1621=ORIENTED_EDGE('',*,*,#1216,.T.);
#1622=ORIENTED_EDGE('',*,*,#1217,.T.);
#1623=ORIENTED_EDGE('',*,*,#1218,.T.);
#1624=ORIENTED_EDGE('',*,*,#1219,.T.);
#1625=ORIENTED_EDGE('',*,*,#1218,.F.);
#1626=ORIENTED_EDGE('',*,*,#1220,.T.);
#1627=ORIENTED_EDGE('',*,*,#1221,.T.);
#1628=ORIENTED_EDGE('',*,*,#1222,.T.);
#1629=ORIENTED_EDGE('',*,*,#1215,.F.);
#1630=ORIENTED_EDGE('',*,*,#1223,.T.);
#1631=ORIENTED_EDGE('',*,*,#1116,.T.);
#1632=ORIENTED_EDGE('',*,*,#1224,.T.);
#1633=ORIENTED_EDGE('',*,*,#1221,.F.);
#1634=ORIENTED_EDGE('',*,*,#1223,.F.);
#1635=ORIENTED_EDGE('',*,*,#1220,.F.);
#1636=ORIENTED_EDGE('',*,*,#1214,.T.);
#1637=ORIENTED_EDGE('',*,*,#1113,.T.);
#1638=ORIENTED_EDGE('',*,*,#1174,.F.);
#1639=ORIENTED_EDGE('',*,*,#1122,.F.);
#1640=ORIENTED_EDGE('',*,*,#1117,.F.);
#1641=ORIENTED_EDGE('',*,*,#1219,.F.);
#1642=ORIENTED_EDGE('',*,*,#1216,.F.);
#1643=ORIENTED_EDGE('',*,*,#1222,.F.);
#1644=ORIENTED_EDGE('',*,*,#1224,.F.);
#1645=ORIENTED_EDGE('',*,*,#1119,.T.);
#1646=ORIENTED_EDGE('',*,*,#1121,.F.);
#1647=ORIENTED_EDGE('',*,*,#1173,.F.);
#1648=ORIENTED_EDGE('',*,*,#1115,.F.);
#1649=ORIENTED_EDGE('',*,*,#1217,.F.);
#1650=ORIENTED_EDGE('',*,*,#1110,.T.);
#1651=ORIENTED_EDGE('',*,*,#1225,.F.);
#1652=ORIENTED_EDGE('',*,*,#1226,.F.);
#1653=ORIENTED_EDGE('',*,*,#1227,.T.);
#1654=ORIENTED_EDGE('',*,*,#1228,.F.);
#1655=ORIENTED_EDGE('',*,*,#1229,.T.);
#1656=ORIENTED_EDGE('',*,*,#1230,.F.);
#1657=ORIENTED_EDGE('',*,*,#1229,.F.);
#1658=ORIENTED_EDGE('',*,*,#1231,.F.);
#1659=ORIENTED_EDGE('',*,*,#1226,.T.);
#1660=ORIENTED_EDGE('',*,*,#1232,.F.);
#1661=ORIENTED_EDGE('',*,*,#1233,.F.);
#1662=ORIENTED_EDGE('',*,*,#1234,.F.);
#1663=ORIENTED_EDGE('',*,*,#1233,.T.);
#1664=ORIENTED_EDGE('',*,*,#1235,.F.);
#1665=ORIENTED_EDGE('',*,*,#1105,.F.);
#1666=ORIENTED_EDGE('',*,*,#1227,.F.);
#1667=ORIENTED_EDGE('',*,*,#1231,.T.);
#1668=ORIENTED_EDGE('',*,*,#1234,.T.);
#1669=ORIENTED_EDGE('',*,*,#1107,.T.);
#1670=ORIENTED_EDGE('',*,*,#1102,.F.);
#1671=ORIENTED_EDGE('',*,*,#1171,.F.);
#1672=ORIENTED_EDGE('',*,*,#1111,.F.);
#1673=ORIENTED_EDGE('',*,*,#1228,.T.);
#1674=ORIENTED_EDGE('',*,*,#1235,.T.);
#1675=ORIENTED_EDGE('',*,*,#1232,.T.);
#1676=ORIENTED_EDGE('',*,*,#1225,.T.);
#1677=ORIENTED_EDGE('',*,*,#1109,.T.);
#1678=ORIENTED_EDGE('',*,*,#1172,.F.);
#1679=ORIENTED_EDGE('',*,*,#1104,.F.);
#1680=ORIENTED_EDGE('',*,*,#1106,.F.);
#1681=ORIENTED_EDGE('',*,*,#1230,.T.);
#1682=ORIENTED_EDGE('',*,*,#1236,.F.);
#1683=ORIENTED_EDGE('',*,*,#1237,.T.);
#1684=ORIENTED_EDGE('',*,*,#1238,.F.);
#1685=ORIENTED_EDGE('',*,*,#1237,.F.);
#1686=ORIENTED_EDGE('',*,*,#1239,.F.);
#1687=ORIENTED_EDGE('',*,*,#1240,.F.);
#1688=ORIENTED_EDGE('',*,*,#1241,.F.);
#1689=ORIENTED_EDGE('',*,*,#1242,.T.);
#1690=ORIENTED_EDGE('',*,*,#1236,.T.);
#1691=ORIENTED_EDGE('',*,*,#1239,.T.);
#1692=ORIENTED_EDGE('',*,*,#1243,.T.);
#1693=ORIENTED_EDGE('',*,*,#1244,.T.);
#1694=ORIENTED_EDGE('',*,*,#1245,.T.);
#1695=ORIENTED_EDGE('',*,*,#1245,.F.);
#1696=ORIENTED_EDGE('',*,*,#1246,.F.);
#1697=ORIENTED_EDGE('',*,*,#1247,.F.);
#1698=ORIENTED_EDGE('',*,*,#1240,.T.);
#1699=ORIENTED_EDGE('',*,*,#1244,.F.);
#1700=ORIENTED_EDGE('',*,*,#1248,.F.);
#1701=ORIENTED_EDGE('',*,*,#1249,.F.);
#1702=ORIENTED_EDGE('',*,*,#1246,.T.);
#1703=ORIENTED_EDGE('',*,*,#1238,.T.);
#1704=ORIENTED_EDGE('',*,*,#1243,.F.);
#1705=ORIENTED_EDGE('',*,*,#1242,.F.);
#1706=ORIENTED_EDGE('',*,*,#1250,.F.);
#1707=ORIENTED_EDGE('',*,*,#1248,.T.);
#1708=ORIENTED_EDGE('',*,*,#1250,.T.);
#1709=ORIENTED_EDGE('',*,*,#1241,.T.);
#1710=ORIENTED_EDGE('',*,*,#1247,.T.);
#1711=ORIENTED_EDGE('',*,*,#1249,.T.);
#1712=ORIENTED_EDGE('',*,*,#1251,.F.);
#1713=ORIENTED_EDGE('',*,*,#1252,.T.);
#1714=ORIENTED_EDGE('',*,*,#1253,.F.);
#1715=ORIENTED_EDGE('',*,*,#1254,.F.);
#1716=ORIENTED_EDGE('',*,*,#1255,.T.);
#1717=ORIENTED_EDGE('',*,*,#1254,.T.);
#1718=ORIENTED_EDGE('',*,*,#1256,.F.);
#1719=ORIENTED_EDGE('',*,*,#1257,.F.);
#1720=ORIENTED_EDGE('',*,*,#1258,.F.);
#1721=ORIENTED_EDGE('',*,*,#1257,.T.);
#1722=ORIENTED_EDGE('',*,*,#1259,.F.);
#1723=ORIENTED_EDGE('',*,*,#1252,.F.);
#1724=ORIENTED_EDGE('',*,*,#1258,.T.);
#1725=ORIENTED_EDGE('',*,*,#1251,.T.);
#1726=ORIENTED_EDGE('',*,*,#1255,.F.);
#1727=ORIENTED_EDGE('',*,*,#1259,.T.);
#1728=ORIENTED_EDGE('',*,*,#1256,.T.);
#1729=ORIENTED_EDGE('',*,*,#1253,.T.);
#1730=ORIENTED_EDGE('',*,*,#1260,.T.);
#1731=ORIENTED_EDGE('',*,*,#1261,.T.);
#1732=ORIENTED_EDGE('',*,*,#1262,.F.);
#1733=ORIENTED_EDGE('',*,*,#1263,.F.);
#1734=ORIENTED_EDGE('',*,*,#1264,.T.);
#1735=ORIENTED_EDGE('',*,*,#1263,.T.);
#1736=ORIENTED_EDGE('',*,*,#1265,.F.);
#1737=ORIENTED_EDGE('',*,*,#1266,.F.);
#1738=ORIENTED_EDGE('',*,*,#1267,.T.);
#1739=ORIENTED_EDGE('',*,*,#1266,.T.);
#1740=ORIENTED_EDGE('',*,*,#1268,.F.);
#1741=ORIENTED_EDGE('',*,*,#1261,.F.);
#1742=ORIENTED_EDGE('',*,*,#1267,.F.);
#1743=ORIENTED_EDGE('',*,*,#1260,.F.);
#1744=ORIENTED_EDGE('',*,*,#1264,.F.);
#1745=ORIENTED_EDGE('',*,*,#1268,.T.);
#1746=ORIENTED_EDGE('',*,*,#1265,.T.);
#1747=ORIENTED_EDGE('',*,*,#1262,.T.);
#1748=ORIENTED_EDGE('',*,*,#1269,.T.);
#1749=ORIENTED_EDGE('',*,*,#1270,.T.);
#1750=ORIENTED_EDGE('',*,*,#1271,.T.);
#1751=ORIENTED_EDGE('',*,*,#1270,.F.);
#1752=ORIENTED_EDGE('',*,*,#1272,.T.);
#1753=ORIENTED_EDGE('',*,*,#1273,.F.);
#1754=ORIENTED_EDGE('',*,*,#1274,.T.);
#1755=ORIENTED_EDGE('',*,*,#1275,.T.);
#1756=ORIENTED_EDGE('',*,*,#1271,.F.);
#1757=ORIENTED_EDGE('',*,*,#1272,.F.);
#1758=ORIENTED_EDGE('',*,*,#1276,.F.);
#1759=ORIENTED_EDGE('',*,*,#1277,.F.);
#1760=ORIENTED_EDGE('',*,*,#1278,.F.);
#1761=ORIENTED_EDGE('',*,*,#1276,.T.);
#1762=ORIENTED_EDGE('',*,*,#1275,.F.);
#1763=ORIENTED_EDGE('',*,*,#1279,.T.);
#1764=ORIENTED_EDGE('',*,*,#1280,.T.);
#1765=ORIENTED_EDGE('',*,*,#1277,.T.);
#1766=ORIENTED_EDGE('',*,*,#1280,.F.);
#1767=ORIENTED_EDGE('',*,*,#1281,.T.);
#1768=ORIENTED_EDGE('',*,*,#1282,.T.);
#1769=ORIENTED_EDGE('',*,*,#1269,.F.);
#1770=ORIENTED_EDGE('',*,*,#1278,.T.);
#1771=ORIENTED_EDGE('',*,*,#1282,.F.);
#1772=ORIENTED_EDGE('',*,*,#1283,.T.);
#1773=ORIENTED_EDGE('',*,*,#1273,.T.);
#1774=ORIENTED_EDGE('',*,*,#1283,.F.);
#1775=ORIENTED_EDGE('',*,*,#1281,.F.);
#1776=ORIENTED_EDGE('',*,*,#1279,.F.);
#1777=ORIENTED_EDGE('',*,*,#1274,.F.);
#1778=ORIENTED_EDGE('',*,*,#1284,.T.);
#1779=ORIENTED_EDGE('',*,*,#1285,.T.);
#1780=ORIENTED_EDGE('',*,*,#1286,.T.);
#1781=ORIENTED_EDGE('',*,*,#1287,.F.);
#1782=ORIENTED_EDGE('',*,*,#1288,.F.);
#1783=ORIENTED_EDGE('',*,*,#1289,.T.);
#1784=ORIENTED_EDGE('',*,*,#1290,.T.);
#1785=ORIENTED_EDGE('',*,*,#1285,.F.);
#1786=ORIENTED_EDGE('',*,*,#1291,.T.);
#1787=ORIENTED_EDGE('',*,*,#1287,.T.);
#1788=ORIENTED_EDGE('',*,*,#1292,.T.);
#1789=ORIENTED_EDGE('',*,*,#1289,.F.);
#1790=ORIENTED_EDGE('',*,*,#1291,.F.);
#1791=ORIENTED_EDGE('',*,*,#1288,.T.);
#1792=ORIENTED_EDGE('',*,*,#1284,.F.);
#1793=ORIENTED_EDGE('',*,*,#1292,.F.);
#1794=ORIENTED_EDGE('',*,*,#1286,.F.);
#1795=ORIENTED_EDGE('',*,*,#1290,.F.);
#1796=ORIENTED_EDGE('',*,*,#1293,.F.);
#1797=ORIENTED_EDGE('',*,*,#1294,.T.);
#1798=ORIENTED_EDGE('',*,*,#1295,.T.);
#1799=ORIENTED_EDGE('',*,*,#1296,.F.);
#1800=ORIENTED_EDGE('',*,*,#1297,.F.);
#1801=ORIENTED_EDGE('',*,*,#1298,.T.);
#1802=ORIENTED_EDGE('',*,*,#1299,.T.);
#1803=ORIENTED_EDGE('',*,*,#1294,.F.);
#1804=ORIENTED_EDGE('',*,*,#1300,.F.);
#1805=ORIENTED_EDGE('',*,*,#1296,.T.);
#1806=ORIENTED_EDGE('',*,*,#1301,.T.);
#1807=ORIENTED_EDGE('',*,*,#1298,.F.);
#1808=ORIENTED_EDGE('',*,*,#1300,.T.);
#1809=ORIENTED_EDGE('',*,*,#1297,.T.);
#1810=ORIENTED_EDGE('',*,*,#1293,.T.);
#1811=ORIENTED_EDGE('',*,*,#1301,.F.);
#1812=ORIENTED_EDGE('',*,*,#1295,.F.);
#1813=ORIENTED_EDGE('',*,*,#1299,.F.);
#1814=ORIENTED_EDGE('',*,*,#1302,.T.);
#1815=ORIENTED_EDGE('',*,*,#1303,.T.);
#1816=ORIENTED_EDGE('',*,*,#1304,.T.);
#1817=ORIENTED_EDGE('',*,*,#1303,.F.);
#1818=ORIENTED_EDGE('',*,*,#1305,.T.);
#1819=ORIENTED_EDGE('',*,*,#1306,.F.);
#1820=ORIENTED_EDGE('',*,*,#1307,.T.);
#1821=ORIENTED_EDGE('',*,*,#1308,.T.);
#1822=ORIENTED_EDGE('',*,*,#1304,.F.);
#1823=ORIENTED_EDGE('',*,*,#1305,.F.);
#1824=ORIENTED_EDGE('',*,*,#1309,.F.);
#1825=ORIENTED_EDGE('',*,*,#1310,.F.);
#1826=ORIENTED_EDGE('',*,*,#1311,.F.);
#1827=ORIENTED_EDGE('',*,*,#1309,.T.);
#1828=ORIENTED_EDGE('',*,*,#1308,.F.);
#1829=ORIENTED_EDGE('',*,*,#1312,.T.);
#1830=ORIENTED_EDGE('',*,*,#1313,.T.);
#1831=ORIENTED_EDGE('',*,*,#1310,.T.);
#1832=ORIENTED_EDGE('',*,*,#1313,.F.);
#1833=ORIENTED_EDGE('',*,*,#1314,.T.);
#1834=ORIENTED_EDGE('',*,*,#1315,.T.);
#1835=ORIENTED_EDGE('',*,*,#1302,.F.);
#1836=ORIENTED_EDGE('',*,*,#1311,.T.);
#1837=ORIENTED_EDGE('',*,*,#1315,.F.);
#1838=ORIENTED_EDGE('',*,*,#1316,.T.);
#1839=ORIENTED_EDGE('',*,*,#1306,.T.);
#1840=ORIENTED_EDGE('',*,*,#1316,.F.);
#1841=ORIENTED_EDGE('',*,*,#1314,.F.);
#1842=ORIENTED_EDGE('',*,*,#1312,.F.);
#1843=ORIENTED_EDGE('',*,*,#1307,.F.);
#1844=ORIENTED_EDGE('',*,*,#1317,.F.);
#1845=ORIENTED_EDGE('',*,*,#1318,.T.);
#1846=ORIENTED_EDGE('',*,*,#1319,.T.);
#1847=ORIENTED_EDGE('',*,*,#1320,.F.);
#1848=ORIENTED_EDGE('',*,*,#1321,.F.);
#1849=ORIENTED_EDGE('',*,*,#1322,.T.);
#1850=ORIENTED_EDGE('',*,*,#1323,.T.);
#1851=ORIENTED_EDGE('',*,*,#1318,.F.);
#1852=ORIENTED_EDGE('',*,*,#1324,.F.);
#1853=ORIENTED_EDGE('',*,*,#1320,.T.);
#1854=ORIENTED_EDGE('',*,*,#1325,.T.);
#1855=ORIENTED_EDGE('',*,*,#1322,.F.);
#1856=ORIENTED_EDGE('',*,*,#1324,.T.);
#1857=ORIENTED_EDGE('',*,*,#1321,.T.);
#1858=ORIENTED_EDGE('',*,*,#1317,.T.);
#1859=ORIENTED_EDGE('',*,*,#1325,.F.);
#1860=ORIENTED_EDGE('',*,*,#1319,.F.);
#1861=ORIENTED_EDGE('',*,*,#1323,.F.);
#1862=ORIENTED_EDGE('',*,*,#1326,.T.);
#1863=ORIENTED_EDGE('',*,*,#1327,.T.);
#1864=ORIENTED_EDGE('',*,*,#1328,.T.);
#1865=ORIENTED_EDGE('',*,*,#1329,.F.);
#1866=ORIENTED_EDGE('',*,*,#1330,.F.);
#1867=ORIENTED_EDGE('',*,*,#1331,.T.);
#1868=ORIENTED_EDGE('',*,*,#1332,.T.);
#1869=ORIENTED_EDGE('',*,*,#1327,.F.);
#1870=ORIENTED_EDGE('',*,*,#1333,.T.);
#1871=ORIENTED_EDGE('',*,*,#1329,.T.);
#1872=ORIENTED_EDGE('',*,*,#1334,.T.);
#1873=ORIENTED_EDGE('',*,*,#1331,.F.);
#1874=ORIENTED_EDGE('',*,*,#1333,.F.);
#1875=ORIENTED_EDGE('',*,*,#1330,.T.);
#1876=ORIENTED_EDGE('',*,*,#1326,.F.);
#1877=ORIENTED_EDGE('',*,*,#1334,.F.);
#1878=ORIENTED_EDGE('',*,*,#1328,.F.);
#1879=ORIENTED_EDGE('',*,*,#1332,.F.);
#1880=ORIENTED_EDGE('',*,*,#1335,.F.);
#1881=ORIENTED_EDGE('',*,*,#1336,.T.);
#1882=ORIENTED_EDGE('',*,*,#1337,.F.);
#1883=ORIENTED_EDGE('',*,*,#1336,.F.);
#1884=ORIENTED_EDGE('',*,*,#1338,.F.);
#1885=ORIENTED_EDGE('',*,*,#1339,.F.);
#1886=ORIENTED_EDGE('',*,*,#1340,.F.);
#1887=ORIENTED_EDGE('',*,*,#1341,.T.);
#1888=ORIENTED_EDGE('',*,*,#1335,.T.);
#1889=ORIENTED_EDGE('',*,*,#1338,.T.);
#1890=ORIENTED_EDGE('',*,*,#1342,.T.);
#1891=ORIENTED_EDGE('',*,*,#1343,.T.);
#1892=ORIENTED_EDGE('',*,*,#1344,.T.);
#1893=ORIENTED_EDGE('',*,*,#1344,.F.);
#1894=ORIENTED_EDGE('',*,*,#1345,.F.);
#1895=ORIENTED_EDGE('',*,*,#1346,.F.);
#1896=ORIENTED_EDGE('',*,*,#1339,.T.);
#1897=ORIENTED_EDGE('',*,*,#1343,.F.);
#1898=ORIENTED_EDGE('',*,*,#1347,.F.);
#1899=ORIENTED_EDGE('',*,*,#1348,.F.);
#1900=ORIENTED_EDGE('',*,*,#1345,.T.);
#1901=ORIENTED_EDGE('',*,*,#1337,.T.);
#1902=ORIENTED_EDGE('',*,*,#1342,.F.);
#1903=ORIENTED_EDGE('',*,*,#1341,.F.);
#1904=ORIENTED_EDGE('',*,*,#1349,.F.);
#1905=ORIENTED_EDGE('',*,*,#1347,.T.);
#1906=ORIENTED_EDGE('',*,*,#1349,.T.);
#1907=ORIENTED_EDGE('',*,*,#1340,.T.);
#1908=ORIENTED_EDGE('',*,*,#1346,.T.);
#1909=ORIENTED_EDGE('',*,*,#1348,.T.);
#1910=ORIENTED_EDGE('',*,*,#1350,.F.);
#1911=ORIENTED_EDGE('',*,*,#1351,.T.);
#1912=ORIENTED_EDGE('',*,*,#1352,.F.);
#1913=ORIENTED_EDGE('',*,*,#1353,.F.);
#1914=ORIENTED_EDGE('',*,*,#1354,.T.);
#1915=ORIENTED_EDGE('',*,*,#1353,.T.);
#1916=ORIENTED_EDGE('',*,*,#1355,.F.);
#1917=ORIENTED_EDGE('',*,*,#1356,.F.);
#1918=ORIENTED_EDGE('',*,*,#1357,.F.);
#1919=ORIENTED_EDGE('',*,*,#1356,.T.);
#1920=ORIENTED_EDGE('',*,*,#1358,.F.);
#1921=ORIENTED_EDGE('',*,*,#1351,.F.);
#1922=ORIENTED_EDGE('',*,*,#1357,.T.);
#1923=ORIENTED_EDGE('',*,*,#1350,.T.);
#1924=ORIENTED_EDGE('',*,*,#1354,.F.);
#1925=ORIENTED_EDGE('',*,*,#1358,.T.);
#1926=ORIENTED_EDGE('',*,*,#1355,.T.);
#1927=ORIENTED_EDGE('',*,*,#1352,.T.);
#1928=ORIENTED_EDGE('',*,*,#1359,.T.);
#1929=ORIENTED_EDGE('',*,*,#1360,.T.);
#1930=ORIENTED_EDGE('',*,*,#1361,.F.);
#1931=ORIENTED_EDGE('',*,*,#1362,.F.);
#1932=ORIENTED_EDGE('',*,*,#1363,.T.);
#1933=ORIENTED_EDGE('',*,*,#1362,.T.);
#1934=ORIENTED_EDGE('',*,*,#1364,.F.);
#1935=ORIENTED_EDGE('',*,*,#1365,.F.);
#1936=ORIENTED_EDGE('',*,*,#1366,.T.);
#1937=ORIENTED_EDGE('',*,*,#1365,.T.);
#1938=ORIENTED_EDGE('',*,*,#1367,.F.);
#1939=ORIENTED_EDGE('',*,*,#1360,.F.);
#1940=ORIENTED_EDGE('',*,*,#1366,.F.);
#1941=ORIENTED_EDGE('',*,*,#1359,.F.);
#1942=ORIENTED_EDGE('',*,*,#1363,.F.);
#1943=ORIENTED_EDGE('',*,*,#1367,.T.);
#1944=ORIENTED_EDGE('',*,*,#1364,.T.);
#1945=ORIENTED_EDGE('',*,*,#1361,.T.);
#1946=PLANE('',#2186);
#1947=PLANE('',#2187);
#1948=PLANE('',#2188);
#1949=PLANE('',#2189);
#1950=PLANE('',#2190);
#1951=PLANE('',#2191);
#1952=PLANE('',#2192);
#1953=PLANE('',#2193);
#1954=PLANE('',#2194);
#1955=PLANE('',#2195);
#1956=PLANE('',#2196);
#1957=PLANE('',#2197);
#1958=PLANE('',#2198);
#1959=PLANE('',#2199);
#1960=PLANE('',#2200);
#1961=PLANE('',#2201);
#1962=PLANE('',#2202);
#1963=PLANE('',#2203);
#1964=PLANE('',#2212);
#1965=PLANE('',#2213);
#1966=PLANE('',#2214);
#1967=PLANE('',#2215);
#1968=PLANE('',#2216);
#1969=PLANE('',#2217);
#1970=PLANE('',#2218);
#1971=PLANE('',#2219);
#1972=PLANE('',#2220);
#1973=PLANE('',#2227);
#1974=PLANE('',#2228);
#1975=PLANE('',#2229);
#1976=PLANE('',#2230);
#1977=PLANE('',#2237);
#1978=PLANE('',#2238);
#1979=PLANE('',#2239);
#1980=PLANE('',#2240);
#1981=PLANE('',#2247);
#1982=PLANE('',#2248);
#1983=PLANE('',#2249);
#1984=PLANE('',#2250);
#1985=PLANE('',#2257);
#1986=PLANE('',#2258);
#1987=PLANE('',#2259);
#1988=PLANE('',#2263);
#1989=PLANE('',#2267);
#1990=PLANE('',#2268);
#1991=PLANE('',#2269);
#1992=PLANE('',#2270);
#1993=PLANE('',#2271);
#1994=PLANE('',#2272);
#1995=PLANE('',#2273);
#1996=PLANE('',#2274);
#1997=PLANE('',#2275);
#1998=PLANE('',#2276);
#1999=PLANE('',#2277);
#2000=PLANE('',#2278);
#2001=PLANE('',#2279);
#2002=PLANE('',#2280);
#2003=PLANE('',#2284);
#2004=PLANE('',#2288);
#2005=PLANE('',#2289);
#2006=PLANE('',#2290);
#2007=PLANE('',#2291);
#2008=PLANE('',#2292);
#2009=PLANE('',#2293);
#2010=PLANE('',#2294);
#2011=PLANE('',#2295);
#2012=PLANE('',#2296);
#2013=PLANE('',#2297);
#2014=PLANE('',#2298);
#2015=PLANE('',#2299);
#2016=PLANE('',#2300);
#2017=PLANE('',#2301);
#2018=PLANE('',#2305);
#2019=PLANE('',#2309);
#2020=PLANE('',#2310);
#2021=PLANE('',#2311);
#2022=PLANE('',#2312);
#2023=PLANE('',#2313);
#2024=PLANE('',#2314);
#2025=PLANE('',#2315);
#2026=PLANE('',#2316);
#2027=PLANE('',#2317);
#2028=PLANE('',#2318);
#2029=PLANE('',#2319);
#2030=PLANE('',#2320);
#2031=PLANE('',#2321);
#2032=PLANE('',#2322);
#2033=PLANE('',#2326);
#2034=PLANE('',#2330);
#2035=PLANE('',#2331);
#2036=PLANE('',#2332);
#2037=PLANE('',#2333);
#2038=PLANE('',#2334);
#2039=PLANE('',#2335);
#2040=PLANE('',#2336);
#2041=PLANE('',#2337);
#2042=PLANE('',#2338);
#2043=PLANE('',#2339);
#2044=PLANE('',#2340);
#2045=PLANE('',#2341);
#2046=PLANE('',#2342);
#2047=PLANE('',#2343);
#2048=ADVANCED_FACE('',(#156),#1946,.F.);
#2049=ADVANCED_FACE('',(#157),#1947,.F.);
#2050=ADVANCED_FACE('',(#158,#125),#1948,.T.);
#2051=ADVANCED_FACE('',(#159),#1949,.T.);
#2052=ADVANCED_FACE('',(#160),#1950,.T.);
#2053=ADVANCED_FACE('',(#161),#1951,.T.);
#2054=ADVANCED_FACE('',(#162),#1952,.T.);
#2055=ADVANCED_FACE('',(#163),#1953,.T.);
#2056=ADVANCED_FACE('',(#164),#1954,.T.);
#2057=ADVANCED_FACE('',(#165),#1955,.T.);
#2058=ADVANCED_FACE('',(#166),#1956,.T.);
#2059=ADVANCED_FACE('',(#167),#1957,.T.);
#2060=ADVANCED_FACE('',(#168),#1958,.T.);
#2061=ADVANCED_FACE('',(#169),#1959,.T.);
#2062=ADVANCED_FACE('',(#170),#1960,.T.);
#2063=ADVANCED_FACE('',(#171),#1961,.T.);
#2064=ADVANCED_FACE('',(#172),#1962,.F.);
#2065=ADVANCED_FACE('',(#173),#1963,.F.);
#2066=ADVANCED_FACE('',(#174),#77,.F.);
#2067=ADVANCED_FACE('',(#175),#78,.F.);
#2068=ADVANCED_FACE('',(#176),#79,.F.);
#2069=ADVANCED_FACE('',(#177),#80,.F.);
#2070=ADVANCED_FACE('',(#178),#1964,.T.);
#2071=ADVANCED_FACE('',(#179),#1965,.T.);
#2072=ADVANCED_FACE('',(#180,#126,#127,#128,#129,#130,#131),#39,.T.);
#2073=ADVANCED_FACE('',(#181,#132,#133),#40,.T.);
#2074=ADVANCED_FACE('',(#182,#134),#1966,.T.);
#2075=ADVANCED_FACE('',(#183),#1967,.T.);
#2076=ADVANCED_FACE('',(#184,#135),#1968,.T.);
#2077=ADVANCED_FACE('',(#185),#1969,.T.);
#2078=ADVANCED_FACE('',(#186,#136,#137),#1970,.T.);
#2079=ADVANCED_FACE('',(#187,#138,#139),#1971,.F.);
#2080=ADVANCED_FACE('',(#188),#1972,.F.);
#2081=ADVANCED_FACE('',(#189),#81,.F.);
#2082=ADVANCED_FACE('',(#190),#82,.T.);
#2083=ADVANCED_FACE('',(#191),#1973,.F.);
#2084=ADVANCED_FACE('',(#192,#140),#1974,.F.);
#2085=ADVANCED_FACE('',(#193,#141),#1975,.T.);
#2086=ADVANCED_FACE('',(#194),#1976,.T.);
#2087=ADVANCED_FACE('',(#195),#83,.F.);
#2088=ADVANCED_FACE('',(#196),#84,.T.);
#2089=ADVANCED_FACE('',(#197),#1977,.T.);
#2090=ADVANCED_FACE('',(#198,#142),#1978,.T.);
#2091=ADVANCED_FACE('',(#199,#143),#1979,.F.);
#2092=ADVANCED_FACE('',(#200),#1980,.F.);
#2093=ADVANCED_FACE('',(#201),#85,.F.);
#2094=ADVANCED_FACE('',(#202),#86,.T.);
#2095=ADVANCED_FACE('',(#203),#1981,.F.);
#2096=ADVANCED_FACE('',(#204,#144),#1982,.F.);
#2097=ADVANCED_FACE('',(#205,#145),#1983,.T.);
#2098=ADVANCED_FACE('',(#206),#1984,.T.);
#2099=ADVANCED_FACE('',(#207),#87,.F.);
#2100=ADVANCED_FACE('',(#208),#88,.T.);
#2101=ADVANCED_FACE('',(#209),#1985,.T.);
#2102=ADVANCED_FACE('',(#210,#146),#1986,.T.);
#2103=ADVANCED_FACE('',(#211,#147),#1987,.F.);
#2104=ADVANCED_FACE('',(#212),#89,.F.);
#2105=ADVANCED_FACE('',(#213,#148),#1988,.T.);
#2106=ADVANCED_FACE('',(#214),#90,.T.);
#2107=ADVANCED_FACE('',(#215),#1989,.T.);
#2108=ADVANCED_FACE('',(#216,#149),#1990,.T.);
#2109=ADVANCED_FACE('',(#217),#1991,.T.);
#2110=ADVANCED_FACE('',(#218),#1992,.F.);
#2111=ADVANCED_FACE('',(#219),#1993,.T.);
#2112=ADVANCED_FACE('',(#220),#1994,.T.);
#2113=ADVANCED_FACE('',(#221),#1995,.T.);
#2114=ADVANCED_FACE('',(#222),#1996,.T.);
#2115=ADVANCED_FACE('',(#223),#1997,.T.);
#2116=ADVANCED_FACE('',(#224),#1998,.T.);
#2117=ADVANCED_FACE('',(#225),#1999,.T.);
#2118=ADVANCED_FACE('',(#226),#2000,.T.);
#2119=ADVANCED_FACE('',(#227),#2001,.T.);
#2120=ADVANCED_FACE('',(#228),#2002,.T.);
#2121=ADVANCED_FACE('',(#229),#91,.F.);
#2122=ADVANCED_FACE('',(#230,#150),#2003,.F.);
#2123=ADVANCED_FACE('',(#231),#92,.T.);
#2124=ADVANCED_FACE('',(#232),#2004,.F.);
#2125=ADVANCED_FACE('',(#233,#151),#2005,.F.);
#2126=ADVANCED_FACE('',(#234),#2006,.F.);
#2127=ADVANCED_FACE('',(#235),#2007,.T.);
#2128=ADVANCED_FACE('',(#236),#2008,.F.);
#2129=ADVANCED_FACE('',(#237),#2009,.F.);
#2130=ADVANCED_FACE('',(#238),#2010,.F.);
#2131=ADVANCED_FACE('',(#239),#2011,.F.);
#2132=ADVANCED_FACE('',(#240),#2012,.F.);
#2133=ADVANCED_FACE('',(#241),#2013,.F.);
#2134=ADVANCED_FACE('',(#242),#2014,.F.);
#2135=ADVANCED_FACE('',(#243),#2015,.F.);
#2136=ADVANCED_FACE('',(#244),#2016,.F.);
#2137=ADVANCED_FACE('',(#245),#2017,.F.);
#2138=ADVANCED_FACE('',(#246),#93,.F.);
#2139=ADVANCED_FACE('',(#247,#152),#2018,.F.);
#2140=ADVANCED_FACE('',(#248),#94,.T.);
#2141=ADVANCED_FACE('',(#249),#2019,.F.);
#2142=ADVANCED_FACE('',(#250,#153),#2020,.F.);
#2143=ADVANCED_FACE('',(#251),#2021,.F.);
#2144=ADVANCED_FACE('',(#252),#2022,.T.);
#2145=ADVANCED_FACE('',(#253),#2023,.F.);
#2146=ADVANCED_FACE('',(#254),#2024,.F.);
#2147=ADVANCED_FACE('',(#255),#2025,.F.);
#2148=ADVANCED_FACE('',(#256),#2026,.F.);
#2149=ADVANCED_FACE('',(#257),#2027,.F.);
#2150=ADVANCED_FACE('',(#258),#2028,.F.);
#2151=ADVANCED_FACE('',(#259),#2029,.F.);
#2152=ADVANCED_FACE('',(#260),#2030,.F.);
#2153=ADVANCED_FACE('',(#261),#2031,.F.);
#2154=ADVANCED_FACE('',(#262),#2032,.F.);
#2155=ADVANCED_FACE('',(#263),#95,.F.);
#2156=ADVANCED_FACE('',(#264,#154),#2033,.T.);
#2157=ADVANCED_FACE('',(#265),#96,.T.);
#2158=ADVANCED_FACE('',(#266),#2034,.T.);
#2159=ADVANCED_FACE('',(#267,#155),#2035,.T.);
#2160=ADVANCED_FACE('',(#268),#2036,.T.);
#2161=ADVANCED_FACE('',(#269),#2037,.F.);
#2162=ADVANCED_FACE('',(#270),#2038,.T.);
#2163=ADVANCED_FACE('',(#271),#2039,.T.);
#2164=ADVANCED_FACE('',(#272),#2040,.T.);
#2165=ADVANCED_FACE('',(#273),#2041,.T.);
#2166=ADVANCED_FACE('',(#274),#2042,.T.);
#2167=ADVANCED_FACE('',(#275),#2043,.T.);
#2168=ADVANCED_FACE('',(#276),#2044,.T.);
#2169=ADVANCED_FACE('',(#277),#2045,.T.);
#2170=ADVANCED_FACE('',(#278),#2046,.T.);
#2171=ADVANCED_FACE('',(#279),#2047,.T.);
#2172=CLOSED_SHELL('',(#2048,#2049,#2050,#2051,#2052,#2053,#2054,#2055,
#2056,#2057,#2058,#2059,#2060,#2061,#2062,#2063,#2064,#2065,#2066,#2067,
#2068,#2069,#2070,#2071,#2072,#2073,#2074,#2075,#2076,#2077,#2078,#2079,
#2080,#2081,#2082,#2083,#2084,#2085,#2086,#2087,#2088,#2089,#2090,#2091,
#2092,#2093,#2094,#2095,#2096,#2097,#2098,#2099,#2100,#2101,#2102,#2103));
#2173=CLOSED_SHELL('',(#2104,#2105,#2106,#2107,#2108,#2109,#2110));
#2174=CLOSED_SHELL('',(#2111,#2112,#2113,#2114,#2115));
#2175=CLOSED_SHELL('',(#2116,#2117,#2118,#2119,#2120));
#2176=CLOSED_SHELL('',(#2121,#2122,#2123,#2124,#2125,#2126,#2127));
#2177=CLOSED_SHELL('',(#2128,#2129,#2130,#2131,#2132));
#2178=CLOSED_SHELL('',(#2133,#2134,#2135,#2136,#2137));
#2179=CLOSED_SHELL('',(#2138,#2139,#2140,#2141,#2142,#2143,#2144));
#2180=CLOSED_SHELL('',(#2145,#2146,#2147,#2148,#2149));
#2181=CLOSED_SHELL('',(#2150,#2151,#2152,#2153,#2154));
#2182=CLOSED_SHELL('',(#2155,#2156,#2157,#2158,#2159,#2160,#2161));
#2183=CLOSED_SHELL('',(#2162,#2163,#2164,#2165,#2166));
#2184=CLOSED_SHELL('',(#2167,#2168,#2169,#2170,#2171));
#2185=AXIS2_PLACEMENT_3D('',#2887,#2344,#2345);
#2186=AXIS2_PLACEMENT_3D('',#2888,#2346,#2347);
#2187=AXIS2_PLACEMENT_3D('',#2899,#2353,#2354);
#2188=AXIS2_PLACEMENT_3D('',#2910,#2360,#2361);
#2189=AXIS2_PLACEMENT_3D('',#2921,#2368,#2369);
#2190=AXIS2_PLACEMENT_3D('',#2932,#2376,#2377);
#2191=AXIS2_PLACEMENT_3D('',#2944,#2381,#2382);
#2192=AXIS2_PLACEMENT_3D('',#2950,#2386,#2387);
#2193=AXIS2_PLACEMENT_3D('',#2962,#2391,#2392);
#2194=AXIS2_PLACEMENT_3D('',#2974,#2396,#2397);
#2195=AXIS2_PLACEMENT_3D('',#2983,#2402,#2403);
#2196=AXIS2_PLACEMENT_3D('',#2992,#2406,#2407);
#2197=AXIS2_PLACEMENT_3D('',#3004,#2411,#2412);
#2198=AXIS2_PLACEMENT_3D('',#3010,#2416,#2417);
#2199=AXIS2_PLACEMENT_3D('',#3022,#2421,#2422);
#2200=AXIS2_PLACEMENT_3D('',#3034,#2426,#2427);
#2201=AXIS2_PLACEMENT_3D('',#3040,#2431,#2432);
#2202=AXIS2_PLACEMENT_3D('',#3052,#2436,#2437);
#2203=AXIS2_PLACEMENT_3D('',#3053,#2438,#2439);
#2204=AXIS2_PLACEMENT_3D('',#3055,#2441,#2442);
#2205=AXIS2_PLACEMENT_3D('',#3057,#2443,#2444);
#2206=AXIS2_PLACEMENT_3D('',#3060,#2446,#2447);
#2207=AXIS2_PLACEMENT_3D('',#3061,#2448,#2449);
#2208=AXIS2_PLACEMENT_3D('',#3173,#2451,#2452);
#2209=AXIS2_PLACEMENT_3D('',#3175,#2453,#2454);
#2210=AXIS2_PLACEMENT_3D('',#3178,#2456,#2457);
#2211=AXIS2_PLACEMENT_3D('',#3179,#2458,#2459);
#2212=AXIS2_PLACEMENT_3D('',#3291,#2461,#2462);
#2213=AXIS2_PLACEMENT_3D('',#3297,#2466,#2467);
#2214=AXIS2_PLACEMENT_3D('',#3521,#2473,#2474);
#2215=AXIS2_PLACEMENT_3D('',#3528,#2479,#2480);
#2216=AXIS2_PLACEMENT_3D('',#3532,#2483,#2484);
#2217=AXIS2_PLACEMENT_3D('',#3537,#2488,#2489);
#2218=AXIS2_PLACEMENT_3D('',#3539,#2491,#2492);
#2219=AXIS2_PLACEMENT_3D('',#3540,#2493,#2494);
#2220=AXIS2_PLACEMENT_3D('',#3541,#2495,#2496);
#2221=AXIS2_PLACEMENT_3D('',#3547,#2500,#2501);
#2222=AXIS2_PLACEMENT_3D('',#3549,#2502,#2503);
#2223=AXIS2_PLACEMENT_3D('',#3552,#2505,#2506);
#2224=AXIS2_PLACEMENT_3D('',#3553,#2507,#2508);
#2225=AXIS2_PLACEMENT_3D('',#3555,#2509,#2510);
#2226=AXIS2_PLACEMENT_3D('',#3558,#2512,#2513);
#2227=AXIS2_PLACEMENT_3D('',#3559,#2514,#2515);
#2228=AXIS2_PLACEMENT_3D('',#3562,#2518,#2519);
#2229=AXIS2_PLACEMENT_3D('',#3563,#2520,#2521);
#2230=AXIS2_PLACEMENT_3D('',#3564,#2522,#2523);
#2231=AXIS2_PLACEMENT_3D('',#3570,#2527,#2528);
#2232=AXIS2_PLACEMENT_3D('',#3572,#2529,#2530);
#2233=AXIS2_PLACEMENT_3D('',#3575,#2532,#2533);
#2234=AXIS2_PLACEMENT_3D('',#3576,#2534,#2535);
#2235=AXIS2_PLACEMENT_3D('',#3578,#2536,#2537);
#2236=AXIS2_PLACEMENT_3D('',#3580,#2538,#2539);
#2237=AXIS2_PLACEMENT_3D('',#3582,#2541,#2542);
#2238=AXIS2_PLACEMENT_3D('',#3585,#2545,#2546);
#2239=AXIS2_PLACEMENT_3D('',#3586,#2547,#2548);
#2240=AXIS2_PLACEMENT_3D('',#3587,#2549,#2550);
#2241=AXIS2_PLACEMENT_3D('',#3593,#2554,#2555);
#2242=AXIS2_PLACEMENT_3D('',#3595,#2556,#2557);
#2243=AXIS2_PLACEMENT_3D('',#3598,#2559,#2560);
#2244=AXIS2_PLACEMENT_3D('',#3599,#2561,#2562);
#2245=AXIS2_PLACEMENT_3D('',#3601,#2563,#2564);
#2246=AXIS2_PLACEMENT_3D('',#3604,#2566,#2567);
#2247=AXIS2_PLACEMENT_3D('',#3605,#2568,#2569);
#2248=AXIS2_PLACEMENT_3D('',#3608,#2572,#2573);
#2249=AXIS2_PLACEMENT_3D('',#3609,#2574,#2575);
#2250=AXIS2_PLACEMENT_3D('',#3610,#2576,#2577);
#2251=AXIS2_PLACEMENT_3D('',#3616,#2581,#2582);
#2252=AXIS2_PLACEMENT_3D('',#3618,#2583,#2584);
#2253=AXIS2_PLACEMENT_3D('',#3621,#2586,#2587);
#2254=AXIS2_PLACEMENT_3D('',#3622,#2588,#2589);
#2255=AXIS2_PLACEMENT_3D('',#3624,#2590,#2591);
#2256=AXIS2_PLACEMENT_3D('',#3626,#2592,#2593);
#2257=AXIS2_PLACEMENT_3D('',#3628,#2595,#2596);
#2258=AXIS2_PLACEMENT_3D('',#3631,#2599,#2600);
#2259=AXIS2_PLACEMENT_3D('',#3632,#2601,#2602);
#2260=AXIS2_PLACEMENT_3D('',#3633,#2603,#2604);
#2261=AXIS2_PLACEMENT_3D('',#3635,#2605,#2606);
#2262=AXIS2_PLACEMENT_3D('',#3638,#2608,#2609);
#2263=AXIS2_PLACEMENT_3D('',#3639,#2610,#2611);
#2264=AXIS2_PLACEMENT_3D('',#3642,#2612,#2613);
#2265=AXIS2_PLACEMENT_3D('',#3648,#2617,#2618);
#2266=AXIS2_PLACEMENT_3D('',#3652,#2620,#2621);
#2267=AXIS2_PLACEMENT_3D('',#3654,#2623,#2624);
#2268=AXIS2_PLACEMENT_3D('',#3658,#2627,#2628);
#2269=AXIS2_PLACEMENT_3D('',#3662,#2631,#2632);
#2270=AXIS2_PLACEMENT_3D('',#3664,#2634,#2635);
#2271=AXIS2_PLACEMENT_3D('',#3665,#2636,#2637);
#2272=AXIS2_PLACEMENT_3D('',#3674,#2642,#2643);
#2273=AXIS2_PLACEMENT_3D('',#3680,#2647,#2648);
#2274=AXIS2_PLACEMENT_3D('',#3683,#2651,#2652);
#2275=AXIS2_PLACEMENT_3D('',#3684,#2653,#2654);
#2276=AXIS2_PLACEMENT_3D('',#3685,#2655,#2656);
#2277=AXIS2_PLACEMENT_3D('',#3694,#2661,#2662);
#2278=AXIS2_PLACEMENT_3D('',#3700,#2666,#2667);
#2279=AXIS2_PLACEMENT_3D('',#3703,#2670,#2671);
#2280=AXIS2_PLACEMENT_3D('',#3704,#2672,#2673);
#2281=AXIS2_PLACEMENT_3D('',#3705,#2674,#2675);
#2282=AXIS2_PLACEMENT_3D('',#3707,#2676,#2677);
#2283=AXIS2_PLACEMENT_3D('',#3710,#2679,#2680);
#2284=AXIS2_PLACEMENT_3D('',#3711,#2681,#2682);
#2285=AXIS2_PLACEMENT_3D('',#3714,#2683,#2684);
#2286=AXIS2_PLACEMENT_3D('',#3720,#2688,#2689);
#2287=AXIS2_PLACEMENT_3D('',#3724,#2691,#2692);
#2288=AXIS2_PLACEMENT_3D('',#3726,#2694,#2695);
#2289=AXIS2_PLACEMENT_3D('',#3730,#2698,#2699);
#2290=AXIS2_PLACEMENT_3D('',#3734,#2702,#2703);
#2291=AXIS2_PLACEMENT_3D('',#3736,#2705,#2706);
#2292=AXIS2_PLACEMENT_3D('',#3737,#2707,#2708);
#2293=AXIS2_PLACEMENT_3D('',#3746,#2713,#2714);
#2294=AXIS2_PLACEMENT_3D('',#3752,#2718,#2719);
#2295=AXIS2_PLACEMENT_3D('',#3755,#2722,#2723);
#2296=AXIS2_PLACEMENT_3D('',#3756,#2724,#2725);
#2297=AXIS2_PLACEMENT_3D('',#3757,#2726,#2727);
#2298=AXIS2_PLACEMENT_3D('',#3766,#2732,#2733);
#2299=AXIS2_PLACEMENT_3D('',#3772,#2737,#2738);
#2300=AXIS2_PLACEMENT_3D('',#3775,#2741,#2742);
#2301=AXIS2_PLACEMENT_3D('',#3776,#2743,#2744);
#2302=AXIS2_PLACEMENT_3D('',#3777,#2745,#2746);
#2303=AXIS2_PLACEMENT_3D('',#3779,#2747,#2748);
#2304=AXIS2_PLACEMENT_3D('',#3782,#2750,#2751);
#2305=AXIS2_PLACEMENT_3D('',#3783,#2752,#2753);
#2306=AXIS2_PLACEMENT_3D('',#3786,#2754,#2755);
#2307=AXIS2_PLACEMENT_3D('',#3792,#2759,#2760);
#2308=AXIS2_PLACEMENT_3D('',#3796,#2762,#2763);
#2309=AXIS2_PLACEMENT_3D('',#3798,#2765,#2766);
#2310=AXIS2_PLACEMENT_3D('',#3802,#2769,#2770);
#2311=AXIS2_PLACEMENT_3D('',#3806,#2773,#2774);
#2312=AXIS2_PLACEMENT_3D('',#3808,#2776,#2777);
#2313=AXIS2_PLACEMENT_3D('',#3809,#2778,#2779);
#2314=AXIS2_PLACEMENT_3D('',#3818,#2784,#2785);
#2315=AXIS2_PLACEMENT_3D('',#3824,#2789,#2790);
#2316=AXIS2_PLACEMENT_3D('',#3827,#2793,#2794);
#2317=AXIS2_PLACEMENT_3D('',#3828,#2795,#2796);
#2318=AXIS2_PLACEMENT_3D('',#3829,#2797,#2798);
#2319=AXIS2_PLACEMENT_3D('',#3838,#2803,#2804);
#2320=AXIS2_PLACEMENT_3D('',#3844,#2808,#2809);
#2321=AXIS2_PLACEMENT_3D('',#3847,#2812,#2813);
#2322=AXIS2_PLACEMENT_3D('',#3848,#2814,#2815);
#2323=AXIS2_PLACEMENT_3D('',#3849,#2816,#2817);
#2324=AXIS2_PLACEMENT_3D('',#3851,#2818,#2819);
#2325=AXIS2_PLACEMENT_3D('',#3854,#2821,#2822);
#2326=AXIS2_PLACEMENT_3D('',#3855,#2823,#2824);
#2327=AXIS2_PLACEMENT_3D('',#3858,#2825,#2826);
#2328=AXIS2_PLACEMENT_3D('',#3864,#2830,#2831);
#2329=AXIS2_PLACEMENT_3D('',#3868,#2833,#2834);
#2330=AXIS2_PLACEMENT_3D('',#3870,#2836,#2837);
#2331=AXIS2_PLACEMENT_3D('',#3874,#2840,#2841);
#2332=AXIS2_PLACEMENT_3D('',#3878,#2844,#2845);
#2333=AXIS2_PLACEMENT_3D('',#3880,#2847,#2848);
#2334=AXIS2_PLACEMENT_3D('',#3881,#2849,#2850);
#2335=AXIS2_PLACEMENT_3D('',#3890,#2855,#2856);
#2336=AXIS2_PLACEMENT_3D('',#3896,#2860,#2861);
#2337=AXIS2_PLACEMENT_3D('',#3899,#2864,#2865);
#2338=AXIS2_PLACEMENT_3D('',#3900,#2866,#2867);
#2339=AXIS2_PLACEMENT_3D('',#3901,#2868,#2869);
#2340=AXIS2_PLACEMENT_3D('',#3910,#2874,#2875);
#2341=AXIS2_PLACEMENT_3D('',#3916,#2879,#2880);
#2342=AXIS2_PLACEMENT_3D('',#3919,#2883,#2884);
#2343=AXIS2_PLACEMENT_3D('',#3920,#2885,#2886);
#2344=DIRECTION('axis',(0.,0.,1.));
#2345=DIRECTION('refdir',(1.,0.,0.));
#2346=DIRECTION('center_axis',(-1.,0.,0.));
#2347=DIRECTION('ref_axis',(0.,0.,1.));
#2348=DIRECTION('',(0.,3.5527136788005E-16,-1.));
#2349=DIRECTION('',(0.,1.,0.));
#2350=DIRECTION('',(0.,1.14482150457822E-9,1.));
#2351=DIRECTION('',(0.,-9.41455511657296E-10,1.));
#2352=DIRECTION('',(0.,1.,0.));
#2353=DIRECTION('center_axis',(1.,0.,0.));
#2354=DIRECTION('ref_axis',(0.,0.,-1.));
#2355=DIRECTION('',(0.,-3.5527136788005E-16,1.));
#2356=DIRECTION('',(0.,1.,0.));
#2357=DIRECTION('',(0.,9.41455511657296E-10,-1.));
#2358=DIRECTION('',(0.,-1.14482150457822E-9,-1.));
#2359=DIRECTION('',(0.,1.,0.));
#2360=DIRECTION('center_axis',(0.,1.,3.5527136788005E-16));
#2361=DIRECTION('ref_axis',(0.,3.5527136788005E-16,-1.));
#2362=DIRECTION('',(0.,3.5527136788005E-16,-1.));
#2363=DIRECTION('',(-1.,0.,0.));
#2364=DIRECTION('',(0.,3.5527136788005E-16,-1.));
#2365=DIRECTION('',(-1.,0.,0.));
#2366=DIRECTION('',(-1.,0.,0.));
#2367=DIRECTION('',(1.,0.,0.));
#2368=DIRECTION('center_axis',(0.,-1.,-9.41455511657296E-10));
#2369=DIRECTION('ref_axis',(0.,-9.41455511657296E-10,1.));
#2370=DIRECTION('',(-1.,0.,0.));
#2371=DIRECTION('',(-1.,0.,0.));
#2372=DIRECTION('',(0.,-9.41455511657296E-10,1.));
#2373=DIRECTION('',(-1.,0.,0.));
#2374=DIRECTION('',(0.,9.41455511657296E-10,-1.));
#2375=DIRECTION('',(-1.,0.,0.));
#2376=DIRECTION('center_axis',(0.,-0.565227407164187,-0.824935135747321));
#2377=DIRECTION('ref_axis',(-1.,0.,0.));
#2378=DIRECTION('',(1.01025417349714E-16,-0.824935135747321,0.565227407164187));
#2379=DIRECTION('',(-1.,-1.22464679914735E-16,1.83966755102358E-32));
#2380=DIRECTION('',(-1.01025417349714E-16,0.824935135747321,-0.565227407164187));
#2381=DIRECTION('center_axis',(1.01025417349714E-16,-0.824935135747321,
0.565227407164187));
#2382=DIRECTION('ref_axis',(-1.,-1.22464679914735E-16,1.83966755102358E-32));
#2383=DIRECTION('',(-1.,-1.22464679914735E-16,1.83966755102358E-32));
#2384=DIRECTION('',(0.,-0.565227407164187,-0.824935135747321));
#2385=DIRECTION('',(0.,-0.565227407164187,-0.824935135747321));
#2386=DIRECTION('center_axis',(-1.27518410324669E-16,0.824935135747321,
-0.565227407164187));
#2387=DIRECTION('ref_axis',(1.,1.05194417131464E-16,-7.20769004335118E-17));
#2388=DIRECTION('',(0.,-0.565227407164187,-0.824935135747321));
#2389=DIRECTION('',(-1.,-1.05194417131464E-16,7.20769004335118E-17));
#2390=DIRECTION('',(0.,-0.565227407164187,-0.824935135747321));
#2391=DIRECTION('center_axis',(0.,0.82493513574732,-0.565227407164187));
#2392=DIRECTION('ref_axis',(1.,0.,0.));
#2393=DIRECTION('',(0.,-0.565227407164187,-0.82493513574732));
#2394=DIRECTION('',(-1.,0.,0.));
#2395=DIRECTION('',(0.,-0.565227407164187,-0.82493513574732));
#2396=DIRECTION('center_axis',(0.,-0.82493513574732,0.565227407164187));
#2397=DIRECTION('ref_axis',(-1.,0.,0.));
#2398=DIRECTION('',(1.,0.,0.));
#2399=DIRECTION('',(0.,-0.565227407164187,-0.82493513574732));
#2400=DIRECTION('',(-1.,0.,0.));
#2401=DIRECTION('',(0.,-0.565227407164187,-0.82493513574732));
#2402=DIRECTION('center_axis',(0.,-0.565227407164187,-0.82493513574732));
#2403=DIRECTION('ref_axis',(-1.,0.,0.));
#2404=DIRECTION('',(0.,-0.824935135747321,0.565227407164187));
#2405=DIRECTION('',(0.,0.824935135747321,-0.565227407164187));
#2406=DIRECTION('center_axis',(0.,-0.565227407164187,-0.824935135747321));
#2407=DIRECTION('ref_axis',(-1.,0.,0.));
#2408=DIRECTION('',(1.01025417349714E-16,-0.824935135747321,0.565227407164187));
#2409=DIRECTION('',(-1.,-1.22464679914735E-16,1.49975978266185E-32));
#2410=DIRECTION('',(-1.01025417349714E-16,0.824935135747321,-0.565227407164187));
#2411=DIRECTION('center_axis',(1.01025417349714E-16,-0.824935135747321,
0.565227407164187));
#2412=DIRECTION('ref_axis',(-1.,-1.22464679914735E-16,1.49975978266185E-32));
#2413=DIRECTION('',(-1.,-1.22464679914735E-16,1.49975978266185E-32));
#2414=DIRECTION('',(0.,-0.565227407164187,-0.824935135747321));
#2415=DIRECTION('',(0.,-0.565227407164187,-0.824935135747321));
#2416=DIRECTION('center_axis',(-1.27518410324669E-16,0.824935135747321,
-0.565227407164187));
#2417=DIRECTION('ref_axis',(1.,1.05194417131464E-16,-7.20769004335118E-17));
#2418=DIRECTION('',(0.,-0.565227407164187,-0.824935135747321));
#2419=DIRECTION('',(-1.,-1.05194417131464E-16,7.20769004335118E-17));
#2420=DIRECTION('',(0.,-0.565227407164187,-0.824935135747321));
#2421=DIRECTION('center_axis',(0.,-0.565227407164187,-0.824935135747321));
#2422=DIRECTION('ref_axis',(-1.,0.,0.));
#2423=DIRECTION('',(0.,-0.824935135747321,0.565227407164187));
#2424=DIRECTION('',(-1.,0.,0.));
#2425=DIRECTION('',(0.,0.824935135747321,-0.565227407164187));
#2426=DIRECTION('center_axis',(0.,-0.824935135747321,0.565227407164187));
#2427=DIRECTION('ref_axis',(-1.,0.,0.));
#2428=DIRECTION('',(1.,0.,0.));
#2429=DIRECTION('',(0.,-0.565227407164187,-0.824935135747321));
#2430=DIRECTION('',(0.,-0.565227407164187,-0.824935135747321));
#2431=DIRECTION('center_axis',(0.,0.824935135747321,-0.565227407164187));
#2432=DIRECTION('ref_axis',(1.,0.,0.));
#2433=DIRECTION('',(0.,-0.565227407164187,-0.824935135747321));
#2434=DIRECTION('',(-1.,0.,0.));
#2435=DIRECTION('',(0.,-0.565227407164187,-0.824935135747321));
#2436=DIRECTION('center_axis',(0.,0.,-1.));
#2437=DIRECTION('ref_axis',(-1.,0.,0.));
#2438=DIRECTION('center_axis',(0.,0.,1.));
#2439=DIRECTION('ref_axis',(1.,0.,0.));
#2440=DIRECTION('',(1.,0.,0.));
#2441=DIRECTION('center_axis',(0.,1.,0.));
#2442=DIRECTION('ref_axis',(1.,0.,0.));
#2443=DIRECTION('center_axis',(0.,1.,0.));
#2444=DIRECTION('ref_axis',(1.,0.,0.));
#2445=DIRECTION('',(0.,1.,0.));
#2446=DIRECTION('center_axis',(0.,-1.,0.));
#2447=DIRECTION('ref_axis',(1.,0.,0.));
#2448=DIRECTION('center_axis',(0.,0.,-1.));
#2449=DIRECTION('ref_axis',(-1.,0.,0.));
#2450=DIRECTION('',(0.,0.,-1.));
#2451=DIRECTION('center_axis',(0.,-1.,0.));
#2452=DIRECTION('ref_axis',(-1.,0.,0.));
#2453=DIRECTION('center_axis',(0.,-1.,0.));
#2454=DIRECTION('ref_axis',(-1.,0.,0.));
#2455=DIRECTION('',(0.,-1.,0.));
#2456=DIRECTION('center_axis',(0.,1.,0.));
#2457=DIRECTION('ref_axis',(-1.,0.,0.));
#2458=DIRECTION('center_axis',(0.,0.,1.));
#2459=DIRECTION('ref_axis',(1.,0.,0.));
#2460=DIRECTION('',(0.,0.,1.));
#2461=DIRECTION('center_axis',(0.,-1.,1.14482150457822E-9));
#2462=DIRECTION('ref_axis',(0.,1.14482150457822E-9,1.));
#2463=DIRECTION('',(0.,-1.14482150457822E-9,-1.));
#2464=DIRECTION('',(-1.,0.,0.));
#2465=DIRECTION('',(0.,1.14482150457822E-9,1.));
#2466=DIRECTION('center_axis',(0.,-6.66133810597966E-16,1.));
#2467=DIRECTION('ref_axis',(0.,1.,6.66133810597966E-16));
#2468=DIRECTION('',(0.,-1.,-6.66133810597966E-16));
#2469=DIRECTION('',(0.,1.,6.66133810597966E-16));
#2470=DIRECTION('',(-1.,0.,0.));
#2471=DIRECTION('',(1.,0.,0.));
#2472=DIRECTION('',(1.,0.,0.));
#2473=DIRECTION('center_axis',(-1.,0.,0.));
#2474=DIRECTION('ref_axis',(0.,0.,-1.));
#2475=DIRECTION('',(0.,-1.,-4.13106241720988E-16));
#2476=DIRECTION('',(0.,0.,-1.));
#2477=DIRECTION('',(0.,-1.,0.));
#2478=DIRECTION('',(0.,0.,1.));
#2479=DIRECTION('center_axis',(0.,0.,1.));
#2480=DIRECTION('ref_axis',(-1.,0.,0.));
#2481=DIRECTION('',(-1.,0.,0.));
#2482=DIRECTION('',(0.,-1.,0.));
#2483=DIRECTION('center_axis',(1.,0.,0.));
#2484=DIRECTION('ref_axis',(0.,0.,1.));
#2485=DIRECTION('',(0.,-1.,0.));
#2486=DIRECTION('',(0.,0.,1.));
#2487=DIRECTION('',(0.,0.,-1.));
#2488=DIRECTION('center_axis',(1.40980701539702E-16,0.,-1.));
#2489=DIRECTION('ref_axis',(1.,0.,1.40980701539702E-16));
#2490=DIRECTION('',(1.,0.,1.40980701539702E-16));
#2491=DIRECTION('center_axis',(0.,-1.,0.));
#2492=DIRECTION('ref_axis',(0.,0.,-1.));
#2493=DIRECTION('center_axis',(0.,-1.,0.));
#2494=DIRECTION('ref_axis',(1.,0.,0.));
#2495=DIRECTION('center_axis',(0.,-0.972473556713864,0.233013264627332));
#2496=DIRECTION('ref_axis',(0.,-0.233013264627332,-0.972473556713864));
#2497=DIRECTION('',(0.,-0.233013264627332,-0.972473556713864));
#2498=DIRECTION('',(1.,0.,0.));
#2499=DIRECTION('',(0.,-0.233013264627332,-0.972473556713864));
#2500=DIRECTION('center_axis',(-1.,0.,0.));
#2501=DIRECTION('ref_axis',(0.,-1.,1.50220255530364E-16));
#2502=DIRECTION('center_axis',(1.,0.,0.));
#2503=DIRECTION('ref_axis',(0.,-1.,1.50220255530364E-16));
#2504=DIRECTION('',(-1.,0.,0.));
#2505=DIRECTION('center_axis',(-1.,0.,0.));
#2506=DIRECTION('ref_axis',(0.,-1.,1.50220255530364E-16));
#2507=DIRECTION('center_axis',(-1.,0.,0.));
#2508=DIRECTION('ref_axis',(0.,0.662558953596019,0.74900976830062));
#2509=DIRECTION('center_axis',(1.,0.,0.));
#2510=DIRECTION('ref_axis',(0.,-1.,1.50220255530364E-16));
#2511=DIRECTION('',(1.,0.,0.));
#2512=DIRECTION('center_axis',(-1.,0.,0.));
#2513=DIRECTION('ref_axis',(0.,-1.,1.50220255530364E-16));
#2514=DIRECTION('center_axis',(0.,0.349943962583588,-0.936770635241784));
#2515=DIRECTION('ref_axis',(0.,0.936770635241784,0.349943962583588));
#2516=DIRECTION('',(0.,-0.936770635241784,-0.349943962583588));
#2517=DIRECTION('',(0.,0.936770635241784,0.349943962583588));
#2518=DIRECTION('center_axis',(1.,0.,0.));
#2519=DIRECTION('ref_axis',(0.,-1.,1.50220255530364E-16));
#2520=DIRECTION('center_axis',(1.,0.,0.));
#2521=DIRECTION('ref_axis',(0.,-1.,1.50220255530364E-16));
#2522=DIRECTION('center_axis',(-1.19093662848508E-16,0.972473556713864,
-0.233013264627332));
#2523=DIRECTION('ref_axis',(2.85358948684737E-17,-0.233013264627332,-0.972473556713864));
#2524=DIRECTION('',(2.85358948684737E-17,-0.233013264627332,-0.972473556713864));
#2525=DIRECTION('',(-1.,-1.22464679914735E-16,1.49975978266185E-32));
#2526=DIRECTION('',(2.85358948684737E-17,-0.233013264627332,-0.972473556713864));
#2527=DIRECTION('center_axis',(-1.,-1.22464679914735E-16,1.49975978266185E-32));
#2528=DIRECTION('ref_axis',(1.22464679914735E-16,-1.,1.22464679914735E-16));
#2529=DIRECTION('center_axis',(-1.,-1.22464679914735E-16,1.49975978266185E-32));
#2530=DIRECTION('ref_axis',(1.22464679914735E-16,-1.,1.22464679914735E-16));
#2531=DIRECTION('',(-1.,-1.22464679914735E-16,1.49975978266185E-32));
#2532=DIRECTION('center_axis',(1.,1.22464679914735E-16,-1.49975978266185E-32));
#2533=DIRECTION('ref_axis',(1.22464679914735E-16,-1.,1.22464679914735E-16));
#2534=DIRECTION('center_axis',(-1.,-1.22464679914735E-16,1.49975978266185E-32));
#2535=DIRECTION('ref_axis',(-8.11400701767782E-17,0.662558953596019,0.74900976830062));
#2536=DIRECTION('center_axis',(1.,1.22464679914735E-16,-1.49975978266185E-32));
#2537=DIRECTION('ref_axis',(1.22464679914735E-16,-1.,1.22464679914735E-16));
#2538=DIRECTION('center_axis',(-1.,-1.22464679914735E-16,1.49975978266185E-32));
#2539=DIRECTION('ref_axis',(1.22464679914735E-16,-1.,1.22464679914735E-16));
#2540=DIRECTION('',(-1.,-1.22464679914735E-16,1.49975978266185E-32));
#2541=DIRECTION('center_axis',(4.28557753658932E-17,-0.349943962583588,
0.936770635241784));
#2542=DIRECTION('ref_axis',(-1.14721315998408E-16,0.936770635241784,0.349943962583588));
#2543=DIRECTION('',(1.14721315998408E-16,-0.936770635241784,-0.349943962583588));
#2544=DIRECTION('',(-1.14721315998408E-16,0.936770635241784,0.349943962583588));
#2545=DIRECTION('center_axis',(1.,1.22464679914735E-16,-1.49975978266185E-32));
#2546=DIRECTION('ref_axis',(1.22464679914735E-16,-1.,1.22464679914735E-16));
#2547=DIRECTION('center_axis',(1.,1.22464679914735E-16,-1.49975978266185E-32));
#2548=DIRECTION('ref_axis',(1.22464679914735E-16,-1.,1.22464679914735E-16));
#2549=DIRECTION('center_axis',(0.,-0.972473556713864,0.233013264627332));
#2550=DIRECTION('ref_axis',(0.,-0.233013264627332,-0.972473556713864));
#2551=DIRECTION('',(0.,-0.233013264627332,-0.972473556713864));
#2552=DIRECTION('',(1.,0.,0.));
#2553=DIRECTION('',(0.,-0.233013264627332,-0.972473556713864));
#2554=DIRECTION('center_axis',(-1.,0.,0.));
#2555=DIRECTION('ref_axis',(0.,-1.,1.22464679914735E-16));
#2556=DIRECTION('center_axis',(1.,0.,0.));
#2557=DIRECTION('ref_axis',(0.,-1.,1.22464679914735E-16));
#2558=DIRECTION('',(-1.,0.,0.));
#2559=DIRECTION('center_axis',(-1.,0.,0.));
#2560=DIRECTION('ref_axis',(0.,-1.,1.22464679914735E-16));
#2561=DIRECTION('center_axis',(-1.,0.,0.));
#2562=DIRECTION('ref_axis',(0.,0.662558953596019,0.74900976830062));
#2563=DIRECTION('center_axis',(1.,0.,0.));
#2564=DIRECTION('ref_axis',(0.,-1.,1.22464679914735E-16));
#2565=DIRECTION('',(1.,0.,0.));
#2566=DIRECTION('center_axis',(-1.,0.,0.));
#2567=DIRECTION('ref_axis',(0.,-1.,1.22464679914735E-16));
#2568=DIRECTION('center_axis',(0.,0.349943962583588,-0.936770635241784));
#2569=DIRECTION('ref_axis',(0.,0.936770635241784,0.349943962583588));
#2570=DIRECTION('',(0.,-0.936770635241784,-0.349943962583588));
#2571=DIRECTION('',(0.,0.936770635241784,0.349943962583588));
#2572=DIRECTION('center_axis',(1.,0.,0.));
#2573=DIRECTION('ref_axis',(0.,-1.,1.22464679914735E-16));
#2574=DIRECTION('center_axis',(1.,0.,0.));
#2575=DIRECTION('ref_axis',(0.,-1.,1.22464679914735E-16));
#2576=DIRECTION('center_axis',(-1.19093662848508E-16,0.972473556713864,
-0.233013264627332));
#2577=DIRECTION('ref_axis',(2.85358948684737E-17,-0.233013264627332,-0.972473556713864));
#2578=DIRECTION('',(2.85358948684737E-17,-0.233013264627332,-0.972473556713864));
#2579=DIRECTION('',(-1.,-1.22464679914735E-16,1.83966755102358E-32));
#2580=DIRECTION('',(2.85358948684737E-17,-0.233013264627332,-0.972473556713864));
#2581=DIRECTION('center_axis',(-1.,-1.22464679914735E-16,1.83966755102358E-32));
#2582=DIRECTION('ref_axis',(1.22464679914735E-16,-1.,1.50220255530364E-16));
#2583=DIRECTION('center_axis',(-1.,-1.22464679914735E-16,1.83966755102358E-32));
#2584=DIRECTION('ref_axis',(1.22464679914735E-16,-1.,1.50220255530364E-16));
#2585=DIRECTION('',(-1.,-1.22464679914735E-16,1.83966755102358E-32));
#2586=DIRECTION('center_axis',(1.,1.22464679914735E-16,-1.83966755102358E-32));
#2587=DIRECTION('ref_axis',(1.22464679914735E-16,-1.,1.50220255530364E-16));
#2588=DIRECTION('center_axis',(-1.,-1.22464679914735E-16,1.83966755102358E-32));
#2589=DIRECTION('ref_axis',(-8.11400701767782E-17,0.662558953596019,0.74900976830062));
#2590=DIRECTION('center_axis',(1.,1.22464679914735E-16,-1.83966755102358E-32));
#2591=DIRECTION('ref_axis',(1.22464679914735E-16,-1.,1.50220255530364E-16));
#2592=DIRECTION('center_axis',(-1.,-1.22464679914735E-16,1.83966755102358E-32));
#2593=DIRECTION('ref_axis',(1.22464679914735E-16,-1.,1.50220255530364E-16));
#2594=DIRECTION('',(-1.,-1.22464679914735E-16,1.83966755102358E-32));
#2595=DIRECTION('center_axis',(4.28557753658932E-17,-0.349943962583588,
0.936770635241784));
#2596=DIRECTION('ref_axis',(-1.14721315998408E-16,0.936770635241784,0.349943962583588));
#2597=DIRECTION('',(1.14721315998408E-16,-0.936770635241784,-0.349943962583588));
#2598=DIRECTION('',(-1.14721315998408E-16,0.936770635241784,0.349943962583588));
#2599=DIRECTION('center_axis',(1.,1.22464679914735E-16,-1.83966755102358E-32));
#2600=DIRECTION('ref_axis',(1.22464679914735E-16,-1.,1.50220255530364E-16));
#2601=DIRECTION('center_axis',(1.,1.22464679914735E-16,-1.83966755102358E-32));
#2602=DIRECTION('ref_axis',(1.22464679914735E-16,-1.,1.50220255530364E-16));
#2603=DIRECTION('center_axis',(1.,1.22464679914735E-16,0.));
#2604=DIRECTION('ref_axis',(1.22464679914735E-16,-1.,0.));
#2605=DIRECTION('center_axis',(1.,1.22464679914735E-16,0.));
#2606=DIRECTION('ref_axis',(1.22464679914735E-16,-1.,0.));
#2607=DIRECTION('',(1.,1.22464679914735E-16,0.));
#2608=DIRECTION('center_axis',(-1.,-1.22464679914735E-16,0.));
#2609=DIRECTION('ref_axis',(1.22464679914735E-16,-1.,0.));
#2610=DIRECTION('center_axis',(-1.,-1.22464679914735E-16,0.));
#2611=DIRECTION('ref_axis',(0.,0.,-1.));
#2612=DIRECTION('center_axis',(1.,1.22464679914735E-16,0.));
#2613=DIRECTION('ref_axis',(8.65956056235494E-17,-0.707106781186548,-0.707106781186547));
#2614=DIRECTION('',(1.22464679914735E-16,-1.,0.));
#2615=DIRECTION('',(0.,0.,1.));
#2616=DIRECTION('',(1.22464679914735E-16,-1.,0.));
#2617=DIRECTION('center_axis',(-1.,-1.22464679914735E-16,0.));
#2618=DIRECTION('ref_axis',(8.65956056235494E-17,-0.707106781186548,0.707106781186547));
#2619=DIRECTION('',(1.,1.22464679914735E-16,4.44089209850062E-15));
#2620=DIRECTION('center_axis',(-1.,-1.22464679914735E-16,0.));
#2621=DIRECTION('ref_axis',(8.65956056235494E-17,-0.707106781186548,0.707106781186547));
#2622=DIRECTION('',(-1.,-1.22464679914735E-16,0.));
#2623=DIRECTION('center_axis',(0.,0.,1.));
#2624=DIRECTION('ref_axis',(-1.,-1.22464679914735E-16,0.));
#2625=DIRECTION('',(1.22464679914735E-16,-1.,0.));
#2626=DIRECTION('',(1.,1.22464679914735E-16,0.));
#2627=DIRECTION('center_axis',(1.,1.22464679914735E-16,0.));
#2628=DIRECTION('ref_axis',(0.,0.,1.));
#2629=DIRECTION('',(1.22464679914735E-16,-1.,0.));
#2630=DIRECTION('',(0.,0.,-1.));
#2631=DIRECTION('center_axis',(4.44089209850062E-15,5.43852429378756E-31,
-1.));
#2632=DIRECTION('ref_axis',(1.,1.22464679914735E-16,4.44089209850062E-15));
#2633=DIRECTION('',(-1.,-1.22464679914735E-16,-4.44089209850062E-15));
#2634=DIRECTION('center_axis',(1.22464679914735E-16,-1.,0.));
#2635=DIRECTION('ref_axis',(1.,1.22464679914735E-16,0.));
#2636=DIRECTION('center_axis',(1.05556497243581E-16,-0.861934210884912,
-0.507020133827251));
#2637=DIRECTION('ref_axis',(-6.20920583994806E-17,0.507020133827251,-0.861934210884912));
#2638=DIRECTION('',(6.20920583994806E-17,-0.507020133827251,0.861934210884912));
#2639=DIRECTION('',(1.,1.22464679914735E-16,0.));
#2640=DIRECTION('',(-6.20920583994806E-17,0.507020133827251,-0.861934210884912));
#2641=DIRECTION('',(1.,1.22464679914735E-16,0.));
#2642=DIRECTION('center_axis',(0.,0.,1.));
#2643=DIRECTION('ref_axis',(1.22464679914735E-16,-1.,0.));
#2644=DIRECTION('',(1.22464679914735E-16,-1.,0.));
#2645=DIRECTION('',(1.22464679914735E-16,-1.,0.));
#2646=DIRECTION('',(1.,1.22464679914735E-16,0.));
#2647=DIRECTION('center_axis',(-1.22464679914735E-16,1.,0.));
#2648=DIRECTION('ref_axis',(0.,0.,1.));
#2649=DIRECTION('',(0.,0.,-1.));
#2650=DIRECTION('',(0.,0.,1.));
#2651=DIRECTION('center_axis',(-1.,-1.22464679914735E-16,0.));
#2652=DIRECTION('ref_axis',(1.22464679914735E-16,-1.,0.));
#2653=DIRECTION('center_axis',(1.,1.22464679914735E-16,0.));
#2654=DIRECTION('ref_axis',(0.,0.,1.));
#2655=DIRECTION('center_axis',(-1.22464679914735E-16,1.,0.));
#2656=DIRECTION('ref_axis',(0.,0.,1.));
#2657=DIRECTION('',(0.,0.,1.));
#2658=DIRECTION('',(1.,1.22464679914735E-16,0.));
#2659=DIRECTION('',(0.,0.,1.));
#2660=DIRECTION('',(1.,1.22464679914735E-16,0.));
#2661=DIRECTION('center_axis',(5.43852429378757E-32,-4.44089209850063E-16,
-1.));
#2662=DIRECTION('ref_axis',(-1.22464679914735E-16,1.,-4.44089209850063E-16));
#2663=DIRECTION('',(-1.22464679914735E-16,1.,-4.44089209850063E-16));
#2664=DIRECTION('',(-1.22464679914735E-16,1.,-4.44089209850063E-16));
#2665=DIRECTION('',(1.,1.22464679914735E-16,0.));
#2666=DIRECTION('center_axis',(1.05556497243581E-16,-0.861934210884912,
0.507020133827251));
#2667=DIRECTION('ref_axis',(6.20920583994806E-17,-0.507020133827251,-0.861934210884912));
#2668=DIRECTION('',(6.20920583994806E-17,-0.507020133827251,-0.861934210884912));
#2669=DIRECTION('',(6.20920583994806E-17,-0.507020133827251,-0.861934210884912));
#2670=DIRECTION('center_axis',(-1.,-1.22464679914735E-16,0.));
#2671=DIRECTION('ref_axis',(1.22464679914735E-16,-1.,0.));
#2672=DIRECTION('center_axis',(1.,1.22464679914735E-16,0.));
#2673=DIRECTION('ref_axis',(0.,0.,1.));
#2674=DIRECTION('center_axis',(1.,2.4492935982947E-16,0.));
#2675=DIRECTION('ref_axis',(2.4492935982947E-16,-1.,0.));
#2676=DIRECTION('center_axis',(-1.,-2.4492935982947E-16,0.));
#2677=DIRECTION('ref_axis',(2.4492935982947E-16,-1.,0.));
#2678=DIRECTION('',(1.,2.4492935982947E-16,0.));
#2679=DIRECTION('center_axis',(1.,2.4492935982947E-16,0.));
#2680=DIRECTION('ref_axis',(2.4492935982947E-16,-1.,0.));
#2681=DIRECTION('center_axis',(-1.,-2.4492935982947E-16,0.));
#2682=DIRECTION('ref_axis',(0.,0.,-1.));
#2683=DIRECTION('center_axis',(1.,2.4492935982947E-16,0.));
#2684=DIRECTION('ref_axis',(1.73191211247099E-16,-0.707106781186548,-0.707106781186547));
#2685=DIRECTION('',(2.4492935982947E-16,-1.,0.));
#2686=DIRECTION('',(0.,0.,1.));
#2687=DIRECTION('',(2.4492935982947E-16,-1.,0.));
#2688=DIRECTION('center_axis',(-1.,-2.4492935982947E-16,0.));
#2689=DIRECTION('ref_axis',(1.73191211247099E-16,-0.707106781186548,0.707106781186547));
#2690=DIRECTION('',(1.,2.4492935982947E-16,0.));
#2691=DIRECTION('center_axis',(-1.,-2.4492935982947E-16,0.));
#2692=DIRECTION('ref_axis',(1.73191211247099E-16,-0.707106781186548,0.707106781186547));
#2693=DIRECTION('',(-1.,-2.4492935982947E-16,4.44089209850062E-15));
#2694=DIRECTION('center_axis',(0.,0.,-1.));
#2695=DIRECTION('ref_axis',(1.,2.4492935982947E-16,0.));
#2696=DIRECTION('',(-1.,-2.4492935982947E-16,0.));
#2697=DIRECTION('',(2.4492935982947E-16,-1.,0.));
#2698=DIRECTION('center_axis',(1.,2.4492935982947E-16,0.));
#2699=DIRECTION('ref_axis',(0.,0.,1.));
#2700=DIRECTION('',(0.,0.,-1.));
#2701=DIRECTION('',(2.4492935982947E-16,-1.,0.));
#2702=DIRECTION('center_axis',(4.44089209850062E-15,1.08770485875751E-30,
1.));
#2703=DIRECTION('ref_axis',(-1.,-2.4492935982947E-16,4.44089209850062E-15));
#2704=DIRECTION('',(1.,2.4492935982947E-16,-4.44089209850062E-15));
#2705=DIRECTION('center_axis',(-2.4492935982947E-16,1.,0.));
#2706=DIRECTION('ref_axis',(-1.,-2.4492935982947E-16,0.));
#2707=DIRECTION('center_axis',(-2.11112994487162E-16,0.861934210884912,
0.507020133827251));
#2708=DIRECTION('ref_axis',(-1.24184116798961E-16,0.507020133827251,-0.861934210884912));
#2709=DIRECTION('',(1.24184116798961E-16,-0.507020133827251,0.861934210884912));
#2710=DIRECTION('',(-1.,-2.4492935982947E-16,0.));
#2711=DIRECTION('',(-1.24184116798961E-16,0.507020133827251,-0.861934210884912));
#2712=DIRECTION('',(-1.,-2.4492935982947E-16,0.));
#2713=DIRECTION('center_axis',(0.,0.,-1.));
#2714=DIRECTION('ref_axis',(2.4492935982947E-16,-1.,0.));
#2715=DIRECTION('',(2.4492935982947E-16,-1.,0.));
#2716=DIRECTION('',(-1.,-2.4492935982947E-16,0.));
#2717=DIRECTION('',(2.4492935982947E-16,-1.,0.));
#2718=DIRECTION('center_axis',(2.4492935982947E-16,-1.,0.));
#2719=DIRECTION('ref_axis',(0.,0.,1.));
#2720=DIRECTION('',(0.,0.,-1.));
#2721=DIRECTION('',(0.,0.,1.));
#2722=DIRECTION('center_axis',(-1.,-2.4492935982947E-16,0.));
#2723=DIRECTION('ref_axis',(2.4492935982947E-16,-1.,0.));
#2724=DIRECTION('center_axis',(1.,2.4492935982947E-16,0.));
#2725=DIRECTION('ref_axis',(0.,0.,1.));
#2726=DIRECTION('center_axis',(2.4492935982947E-16,-1.,0.));
#2727=DIRECTION('ref_axis',(0.,0.,1.));
#2728=DIRECTION('',(0.,0.,1.));
#2729=DIRECTION('',(-1.,-2.4492935982947E-16,0.));
#2730=DIRECTION('',(0.,0.,1.));
#2731=DIRECTION('',(-1.,-2.4492935982947E-16,0.));
#2732=DIRECTION('center_axis',(-1.08770485875751E-31,4.44089209850063E-16,
1.));
#2733=DIRECTION('ref_axis',(-2.4492935982947E-16,1.,-4.44089209850063E-16));
#2734=DIRECTION('',(-2.4492935982947E-16,1.,-4.44089209850063E-16));
#2735=DIRECTION('',(-1.,-2.4492935982947E-16,0.));
#2736=DIRECTION('',(-2.4492935982947E-16,1.,-4.44089209850063E-16));
#2737=DIRECTION('center_axis',(-2.11112994487162E-16,0.861934210884912,
-0.507020133827251));
#2738=DIRECTION('ref_axis',(1.24184116798961E-16,-0.507020133827251,-0.861934210884912));
#2739=DIRECTION('',(1.24184116798961E-16,-0.507020133827251,-0.861934210884912));
#2740=DIRECTION('',(1.24184116798961E-16,-0.507020133827251,-0.861934210884912));
#2741=DIRECTION('center_axis',(-1.,-2.4492935982947E-16,0.));
#2742=DIRECTION('ref_axis',(2.4492935982947E-16,-1.,0.));
#2743=DIRECTION('center_axis',(1.,2.4492935982947E-16,0.));
#2744=DIRECTION('ref_axis',(0.,0.,1.));
#2745=DIRECTION('center_axis',(1.,-1.22464679914735E-16,0.));
#2746=DIRECTION('ref_axis',(-1.22464679914735E-16,-1.,0.));
#2747=DIRECTION('center_axis',(-1.,1.22464679914735E-16,0.));
#2748=DIRECTION('ref_axis',(-1.22464679914735E-16,-1.,0.));
#2749=DIRECTION('',(1.,-1.22464679914735E-16,0.));
#2750=DIRECTION('center_axis',(1.,-1.22464679914735E-16,0.));
#2751=DIRECTION('ref_axis',(-1.22464679914735E-16,-1.,0.));
#2752=DIRECTION('center_axis',(-1.,1.22464679914735E-16,0.));
#2753=DIRECTION('ref_axis',(0.,0.,-1.));
#2754=DIRECTION('center_axis',(1.,-1.22464679914735E-16,0.));
#2755=DIRECTION('ref_axis',(-8.65956056235494E-17,-0.707106781186548,-0.707106781186547));
#2756=DIRECTION('',(-1.22464679914735E-16,-1.,0.));
#2757=DIRECTION('',(0.,0.,1.));
#2758=DIRECTION('',(-1.22464679914735E-16,-1.,0.));
#2759=DIRECTION('center_axis',(-1.,1.22464679914735E-16,0.));
#2760=DIRECTION('ref_axis',(-8.65956056235494E-17,-0.707106781186548,0.707106781186547));
#2761=DIRECTION('',(1.,-1.22464679914735E-16,0.));
#2762=DIRECTION('center_axis',(-1.,1.22464679914735E-16,0.));
#2763=DIRECTION('ref_axis',(-8.65956056235494E-17,-0.707106781186548,0.707106781186547));
#2764=DIRECTION('',(-1.,1.22464679914735E-16,4.44089209850062E-15));
#2765=DIRECTION('center_axis',(0.,0.,-1.));
#2766=DIRECTION('ref_axis',(1.,-1.22464679914735E-16,0.));
#2767=DIRECTION('',(-1.,1.22464679914735E-16,0.));
#2768=DIRECTION('',(-1.22464679914735E-16,-1.,0.));
#2769=DIRECTION('center_axis',(1.,-1.22464679914735E-16,0.));
#2770=DIRECTION('ref_axis',(0.,0.,1.));
#2771=DIRECTION('',(0.,0.,-1.));
#2772=DIRECTION('',(-1.22464679914735E-16,-1.,0.));
#2773=DIRECTION('center_axis',(4.44089209850062E-15,-5.43852429378756E-31,
1.));
#2774=DIRECTION('ref_axis',(-1.,1.22464679914735E-16,4.44089209850062E-15));
#2775=DIRECTION('',(1.,-1.22464679914735E-16,-4.44089209850062E-15));
#2776=DIRECTION('center_axis',(1.22464679914735E-16,1.,0.));
#2777=DIRECTION('ref_axis',(-1.,1.22464679914735E-16,0.));
#2778=DIRECTION('center_axis',(-1.22464679914735E-16,-1.,0.));
#2779=DIRECTION('ref_axis',(0.,0.,1.));
#2780=DIRECTION('',(0.,0.,1.));
#2781=DIRECTION('',(-1.,1.22464679914735E-16,0.));
#2782=DIRECTION('',(0.,0.,1.));
#2783=DIRECTION('',(-1.,1.22464679914735E-16,0.));
#2784=DIRECTION('center_axis',(5.43852429378757E-32,4.44089209850063E-16,
1.));
#2785=DIRECTION('ref_axis',(1.22464679914735E-16,1.,-4.44089209850063E-16));
#2786=DIRECTION('',(1.22464679914735E-16,1.,-4.44089209850063E-16));
#2787=DIRECTION('',(-1.,1.22464679914735E-16,0.));
#2788=DIRECTION('',(1.22464679914735E-16,1.,-4.44089209850063E-16));
#2789=DIRECTION('center_axis',(1.05556497243581E-16,0.861934210884912,-0.507020133827251));
#2790=DIRECTION('ref_axis',(-6.20920583994806E-17,-0.507020133827251,-0.861934210884912));
#2791=DIRECTION('',(-6.20920583994806E-17,-0.507020133827251,-0.861934210884912));
#2792=DIRECTION('',(-6.20920583994806E-17,-0.507020133827251,-0.861934210884912));
#2793=DIRECTION('center_axis',(-1.,1.22464679914735E-16,0.));
#2794=DIRECTION('ref_axis',(-1.22464679914735E-16,-1.,0.));
#2795=DIRECTION('center_axis',(1.,-1.22464679914735E-16,0.));
#2796=DIRECTION('ref_axis',(0.,0.,1.));
#2797=DIRECTION('center_axis',(1.05556497243581E-16,0.861934210884912,0.507020133827251));
#2798=DIRECTION('ref_axis',(6.20920583994806E-17,0.507020133827251,-0.861934210884912));
#2799=DIRECTION('',(-6.20920583994806E-17,-0.507020133827251,0.861934210884912));
#2800=DIRECTION('',(-1.,1.22464679914735E-16,0.));
#2801=DIRECTION('',(6.20920583994806E-17,0.507020133827251,-0.861934210884912));
#2802=DIRECTION('',(-1.,1.22464679914735E-16,0.));
#2803=DIRECTION('center_axis',(0.,0.,-1.));
#2804=DIRECTION('ref_axis',(-1.22464679914735E-16,-1.,0.));
#2805=DIRECTION('',(-1.22464679914735E-16,-1.,0.));
#2806=DIRECTION('',(-1.,1.22464679914735E-16,0.));
#2807=DIRECTION('',(-1.22464679914735E-16,-1.,0.));
#2808=DIRECTION('center_axis',(-1.22464679914735E-16,-1.,0.));
#2809=DIRECTION('ref_axis',(0.,0.,1.));
#2810=DIRECTION('',(0.,0.,-1.));
#2811=DIRECTION('',(0.,0.,1.));
#2812=DIRECTION('center_axis',(-1.,1.22464679914735E-16,0.));
#2813=DIRECTION('ref_axis',(-1.22464679914735E-16,-1.,0.));
#2814=DIRECTION('center_axis',(1.,-1.22464679914735E-16,0.));
#2815=DIRECTION('ref_axis',(0.,0.,1.));
#2816=DIRECTION('center_axis',(1.,-2.4492935982947E-16,0.));
#2817=DIRECTION('ref_axis',(-2.4492935982947E-16,-1.,0.));
#2818=DIRECTION('center_axis',(1.,-2.4492935982947E-16,0.));
#2819=DIRECTION('ref_axis',(-2.4492935982947E-16,-1.,0.));
#2820=DIRECTION('',(1.,-2.4492935982947E-16,0.));
#2821=DIRECTION('center_axis',(-1.,2.4492935982947E-16,0.));
#2822=DIRECTION('ref_axis',(-2.4492935982947E-16,-1.,0.));
#2823=DIRECTION('center_axis',(-1.,2.4492935982947E-16,0.));
#2824=DIRECTION('ref_axis',(0.,0.,-1.));
#2825=DIRECTION('center_axis',(1.,-2.4492935982947E-16,0.));
#2826=DIRECTION('ref_axis',(-1.73191211247099E-16,-0.707106781186548,-0.707106781186547));
#2827=DIRECTION('',(-2.4492935982947E-16,-1.,0.));
#2828=DIRECTION('',(0.,0.,1.));
#2829=DIRECTION('',(-2.4492935982947E-16,-1.,0.));
#2830=DIRECTION('center_axis',(-1.,2.4492935982947E-16,0.));
#2831=DIRECTION('ref_axis',(-1.73191211247099E-16,-0.707106781186548,0.707106781186547));
#2832=DIRECTION('',(1.,-2.4492935982947E-16,4.44089209850062E-15));
#2833=DIRECTION('center_axis',(-1.,2.4492935982947E-16,0.));
#2834=DIRECTION('ref_axis',(-1.73191211247099E-16,-0.707106781186548,0.707106781186547));
#2835=DIRECTION('',(-1.,2.4492935982947E-16,0.));
#2836=DIRECTION('center_axis',(0.,0.,1.));
#2837=DIRECTION('ref_axis',(-1.,2.4492935982947E-16,0.));
#2838=DIRECTION('',(-2.4492935982947E-16,-1.,0.));
#2839=DIRECTION('',(1.,-2.4492935982947E-16,0.));
#2840=DIRECTION('center_axis',(1.,-2.4492935982947E-16,0.));
#2841=DIRECTION('ref_axis',(0.,0.,1.));
#2842=DIRECTION('',(-2.4492935982947E-16,-1.,0.));
#2843=DIRECTION('',(0.,0.,-1.));
#2844=DIRECTION('center_axis',(4.44089209850062E-15,-1.08770485875751E-30,
-1.));
#2845=DIRECTION('ref_axis',(1.,-2.4492935982947E-16,4.44089209850062E-15));
#2846=DIRECTION('',(-1.,2.4492935982947E-16,-4.44089209850062E-15));
#2847=DIRECTION('center_axis',(-2.4492935982947E-16,-1.,0.));
#2848=DIRECTION('ref_axis',(1.,-2.4492935982947E-16,0.));
#2849=DIRECTION('center_axis',(-2.11112994487162E-16,-0.861934210884912,
-0.507020133827251));
#2850=DIRECTION('ref_axis',(1.24184116798961E-16,0.507020133827251,-0.861934210884912));
#2851=DIRECTION('',(-1.24184116798961E-16,-0.507020133827251,0.861934210884912));
#2852=DIRECTION('',(1.,-2.4492935982947E-16,0.));
#2853=DIRECTION('',(1.24184116798961E-16,0.507020133827251,-0.861934210884912));
#2854=DIRECTION('',(1.,-2.4492935982947E-16,0.));
#2855=DIRECTION('center_axis',(0.,0.,1.));
#2856=DIRECTION('ref_axis',(-2.4492935982947E-16,-1.,0.));
#2857=DIRECTION('',(-2.4492935982947E-16,-1.,0.));
#2858=DIRECTION('',(-2.4492935982947E-16,-1.,0.));
#2859=DIRECTION('',(1.,-2.4492935982947E-16,0.));
#2860=DIRECTION('center_axis',(2.4492935982947E-16,1.,0.));
#2861=DIRECTION('ref_axis',(0.,0.,1.));
#2862=DIRECTION('',(0.,0.,-1.));
#2863=DIRECTION('',(0.,0.,1.));
#2864=DIRECTION('center_axis',(-1.,2.4492935982947E-16,0.));
#2865=DIRECTION('ref_axis',(-2.4492935982947E-16,-1.,0.));
#2866=DIRECTION('center_axis',(1.,-2.4492935982947E-16,0.));
#2867=DIRECTION('ref_axis',(0.,0.,1.));
#2868=DIRECTION('center_axis',(2.4492935982947E-16,1.,0.));
#2869=DIRECTION('ref_axis',(0.,0.,1.));
#2870=DIRECTION('',(0.,0.,1.));
#2871=DIRECTION('',(1.,-2.4492935982947E-16,0.));
#2872=DIRECTION('',(0.,0.,1.));
#2873=DIRECTION('',(1.,-2.4492935982947E-16,0.));
#2874=DIRECTION('center_axis',(-1.08770485875751E-31,-4.44089209850063E-16,
-1.));
#2875=DIRECTION('ref_axis',(2.4492935982947E-16,1.,-4.44089209850063E-16));
#2876=DIRECTION('',(2.4492935982947E-16,1.,-4.44089209850063E-16));
#2877=DIRECTION('',(2.4492935982947E-16,1.,-4.44089209850063E-16));
#2878=DIRECTION('',(1.,-2.4492935982947E-16,0.));
#2879=DIRECTION('center_axis',(-2.11112994487162E-16,-0.861934210884912,
0.507020133827251));
#2880=DIRECTION('ref_axis',(-1.24184116798961E-16,-0.507020133827251,-0.861934210884912));
#2881=DIRECTION('',(-1.24184116798961E-16,-0.507020133827251,-0.861934210884912));
#2882=DIRECTION('',(-1.24184116798961E-16,-0.507020133827251,-0.861934210884912));
#2883=DIRECTION('center_axis',(-1.,2.4492935982947E-16,0.));
#2884=DIRECTION('ref_axis',(-2.4492935982947E-16,-1.,0.));
#2885=DIRECTION('center_axis',(1.,-2.4492935982947E-16,0.));
#2886=DIRECTION('ref_axis',(0.,0.,1.));
#2887=CARTESIAN_POINT('',(0.,0.,0.));
#2888=CARTESIAN_POINT('Origin',(-40.,0.,-45.));
#2889=CARTESIAN_POINT('',(-40.,43.,25.));
#2890=CARTESIAN_POINT('',(-40.,43.,-45.));
#2891=CARTESIAN_POINT('',(-40.,43.,-9.24999999999999));
#2892=CARTESIAN_POINT('',(-40.,40.000000331538,25.));
#2893=CARTESIAN_POINT('',(-40.,0.,25.));
#2894=CARTESIAN_POINT('',(-40.,40.0000000995434,23.8929146938787));
#2895=CARTESIAN_POINT('',(-40.,40.0000002908356,-10.5535426759571));
#2896=CARTESIAN_POINT('',(-40.,40.000000164403,-45.));
#2897=CARTESIAN_POINT('',(-40.,40.0000001646383,-45.2499999811709));
#2898=CARTESIAN_POINT('',(-40.,0.,-45.));
#2899=CARTESIAN_POINT('Origin',(40.,0.,25.));
#2900=CARTESIAN_POINT('',(40.,43.,-45.));
#2901=CARTESIAN_POINT('',(40.,43.,25.));
#2902=CARTESIAN_POINT('',(40.,43.,25.75));
#2903=CARTESIAN_POINT('',(40.,40.000000164403,-45.));
#2904=CARTESIAN_POINT('',(40.,0.,-45.));
#2905=CARTESIAN_POINT('',(40.,40.0000000995434,23.8929146938787));
#2906=CARTESIAN_POINT('',(40.,40.0000001316874,-10.2499999811709));
#2907=CARTESIAN_POINT('',(40.,40.000000331538,25.));
#2908=CARTESIAN_POINT('',(40.,40.0000003309043,24.4464573240429));
#2909=CARTESIAN_POINT('',(40.,0.,25.));
#2910=CARTESIAN_POINT('Origin',(63.,43.,26.5));
#2911=CARTESIAN_POINT('',(63.,43.,26.5));
#2912=CARTESIAN_POINT('',(63.,43.,-48.5));
#2913=CARTESIAN_POINT('',(63.,43.,26.5));
#2914=CARTESIAN_POINT('',(-63.,43.,-48.5));
#2915=CARTESIAN_POINT('',(63.,43.,-48.5));
#2916=CARTESIAN_POINT('',(-63.,43.,26.5));
#2917=CARTESIAN_POINT('',(-63.,43.,26.5));
#2918=CARTESIAN_POINT('',(63.,43.,26.5));
#2919=CARTESIAN_POINT('',(11.5,43.,25.));
#2920=CARTESIAN_POINT('',(19.,43.,-45.));
#2921=CARTESIAN_POINT('Origin',(63.,40.0000001648737,-45.5));
#2922=CARTESIAN_POINT('',(19.,40.000000164403,-45.));
#2923=CARTESIAN_POINT('',(-63.,40.0000002144322,23.8929146938787));
#2924=CARTESIAN_POINT('',(63.,40.0000000995434,23.8929146938787));
#2925=CARTESIAN_POINT('',(-63.,40.0000001648737,-45.5));
#2926=CARTESIAN_POINT('',(-63.,40.0000000995434,23.8929146938787));
#2927=CARTESIAN_POINT('',(63.,40.0000001648737,-45.5));
#2928=CARTESIAN_POINT('',(63.,40.0000001648737,-45.5));
#2929=CARTESIAN_POINT('',(63.,40.0000002144322,23.8929146938787));
#2930=CARTESIAN_POINT('',(63.,40.0000000995434,23.8929146938787));
#2931=CARTESIAN_POINT('',(63.,40.0000000995434,23.8929146938787));
#2932=CARTESIAN_POINT('Origin',(-61.,20.2644582155488,47.3052991906518));
#2933=CARTESIAN_POINT('',(61.,10.4600319189327,54.0230764003089));
#2934=CARTESIAN_POINT('',(59.,10.4600319189327,54.0230764003089));
#2935=CARTESIAN_POINT('Ctrl Pts',(61.,10.4600319189327,54.0230764003089));
#2936=CARTESIAN_POINT('Ctrl Pts',(60.3333333333333,10.4600319189327,54.0230764003089));
#2937=CARTESIAN_POINT('Ctrl Pts',(59.6666666666667,10.4600319189327,54.0230764003089));
#2938=CARTESIAN_POINT('Ctrl Pts',(59.,10.4600319189327,54.0230764003089));
#2939=CARTESIAN_POINT('',(61.,10.4400750946881,54.0367503772486));
#2940=CARTESIAN_POINT('',(61.,17.7531223707778,49.0260112643016));
#2941=CARTESIAN_POINT('',(59.,10.4400750946881,54.0367503772486));
#2942=CARTESIAN_POINT('',(61.,10.4400750946881,54.0367503772486));
#2943=CARTESIAN_POINT('',(59.,17.7531223707778,49.0260112643016));
#2944=CARTESIAN_POINT('Origin',(61.,11.5705299090165,55.6866206487432));
#2945=CARTESIAN_POINT('',(61.,11.5705299090165,55.6866206487432));
#2946=CARTESIAN_POINT('',(59.,11.5705299090165,55.6866206487432));
#2947=CARTESIAN_POINT('',(61.,11.5705299090165,55.6866206487432));
#2948=CARTESIAN_POINT('',(59.,11.5705299090165,55.6866206487432));
#2949=CARTESIAN_POINT('',(61.,11.5705299090165,55.6866206487432));
#2950=CARTESIAN_POINT('Origin',(59.,21.3949133697098,48.9551692293006));
#2951=CARTESIAN_POINT('',(59.,20.9865925595793,48.359235311971));
#2952=CARTESIAN_POINT('',(61.,20.9865925595793,48.359235311971));
#2953=CARTESIAN_POINT('Ctrl Pts',(59.,20.9865925595793,48.359235311971));
#2954=CARTESIAN_POINT('Ctrl Pts',(59.6666666666667,20.9865925595793,48.359235311971));
#2955=CARTESIAN_POINT('Ctrl Pts',(60.3333333333333,20.9865925595793,48.359235311971));
#2956=CARTESIAN_POINT('Ctrl Pts',(61.,20.9865925595793,48.359235311971));
#2957=CARTESIAN_POINT('',(59.,21.3949133697098,48.9551692293006));
#2958=CARTESIAN_POINT('',(59.,21.3949133697098,48.9551692293006));
#2959=CARTESIAN_POINT('',(61.,21.3949133697098,48.9551692293006));
#2960=CARTESIAN_POINT('',(-1.39254359141139E-16,21.3949133697097,48.9551692293006));
#2961=CARTESIAN_POINT('',(61.,21.3949133697098,48.9551692293006));
#2962=CARTESIAN_POINT('Origin',(-61.,21.3949133697097,48.9551692293006));
#2963=CARTESIAN_POINT('',(-61.,20.9865922084878,48.3592355283848));
#2964=CARTESIAN_POINT('',(-59.,20.9865925595793,48.359235311971));
#2965=CARTESIAN_POINT('Ctrl Pts',(-61.,20.9865922084878,48.3592355283848));
#2966=CARTESIAN_POINT('Ctrl Pts',(-60.3333333333333,20.9865922084878,48.3592355283848));
#2967=CARTESIAN_POINT('Ctrl Pts',(-59.6666666666667,20.9865924696999,48.359235367373));
#2968=CARTESIAN_POINT('Ctrl Pts',(-59.,20.9865925595793,48.359235311971));
#2969=CARTESIAN_POINT('',(-61.,21.3949130298771,48.9551694621465));
#2970=CARTESIAN_POINT('',(-61.,21.3949130298771,48.9551694621465));
#2971=CARTESIAN_POINT('',(-59.,21.3949133697098,48.9551692293006));
#2972=CARTESIAN_POINT('',(-61.,21.3949133697097,48.9551692293006));
#2973=CARTESIAN_POINT('',(-59.,21.3949133697098,48.9551692293006));
#2974=CARTESIAN_POINT('Origin',(-59.,11.5705299090165,55.6866206487433));
#2975=CARTESIAN_POINT('',(-61.,11.5705299090165,55.6866206487433));
#2976=CARTESIAN_POINT('',(-59.,11.5705299090165,55.6866206487433));
#2977=CARTESIAN_POINT('',(-61.,11.5705299090165,55.6866206487433));
#2978=CARTESIAN_POINT('',(-61.,10.4400750946881,54.0367503772486));
#2979=CARTESIAN_POINT('',(-61.,11.5705299090165,55.6866206487433));
#2980=CARTESIAN_POINT('',(-59.,10.4400750946881,54.0367503772486));
#2981=CARTESIAN_POINT('',(-61.,10.4400750946881,54.0367503772486));
#2982=CARTESIAN_POINT('',(-59.,11.5705299090165,55.6866206487433));
#2983=CARTESIAN_POINT('Origin',(-61.,20.2644582155488,47.3052991906518));
#2984=CARTESIAN_POINT('',(-59.,10.4600319189327,54.0230764003089));
#2985=CARTESIAN_POINT('',(-61.,10.4600319189326,54.0230764003089));
#2986=CARTESIAN_POINT('Ctrl Pts',(-59.,10.4600319189327,54.0230764003089));
#2987=CARTESIAN_POINT('Ctrl Pts',(-59.6666666666667,10.4600319189327,54.0230764003089));
#2988=CARTESIAN_POINT('Ctrl Pts',(-60.3333333333333,10.4600319189326,54.0230764003089));
#2989=CARTESIAN_POINT('Ctrl Pts',(-61.,10.4600319189326,54.0230764003089));
#2990=CARTESIAN_POINT('',(-59.,17.7531223707778,49.0260112643016));
#2991=CARTESIAN_POINT('',(-61.,17.7531223707778,49.0260112643016));
#2992=CARTESIAN_POINT('Origin',(-61.,20.2644582155488,47.3052991906518));
#2993=CARTESIAN_POINT('',(-43.,10.4600319189327,54.0230764003089));
#2994=CARTESIAN_POINT('',(-45.,10.4600319189327,54.0230764003089));
#2995=CARTESIAN_POINT('Ctrl Pts',(-43.,10.4600319189327,54.0230764003089));
#2996=CARTESIAN_POINT('Ctrl Pts',(-43.6666666666667,10.4600319189327,54.0230764003089));
#2997=CARTESIAN_POINT('Ctrl Pts',(-44.3333333333333,10.4600319189327,54.0230764003089));
#2998=CARTESIAN_POINT('Ctrl Pts',(-45.,10.4600319189327,54.0230764003089));
#2999=CARTESIAN_POINT('',(-43.,10.4400750946881,54.0367503772486));
#3000=CARTESIAN_POINT('',(-43.,17.7531223707778,49.0260112643016));
#3001=CARTESIAN_POINT('',(-45.,10.4400750946881,54.0367503772486));
#3002=CARTESIAN_POINT('',(-43.,10.4400750946881,54.0367503772486));
#3003=CARTESIAN_POINT('',(-45.,17.7531223707778,49.0260112643016));
#3004=CARTESIAN_POINT('Origin',(-43.,11.5705299090165,55.6866206487433));
#3005=CARTESIAN_POINT('',(-43.,11.5705299090165,55.6866206487433));
#3006=CARTESIAN_POINT('',(-45.,11.5705299090165,55.6866206487433));
#3007=CARTESIAN_POINT('',(-43.,11.5705299090165,55.6866206487433));
#3008=CARTESIAN_POINT('',(-45.,11.5705299090165,55.6866206487433));
#3009=CARTESIAN_POINT('',(-43.,11.5705299090165,55.6866206487433));
#3010=CARTESIAN_POINT('Origin',(-45.,21.3949133697097,48.9551692293006));
#3011=CARTESIAN_POINT('',(-45.,20.9865925595793,48.359235311971));
#3012=CARTESIAN_POINT('',(-43.,20.9865925595793,48.359235311971));
#3013=CARTESIAN_POINT('Ctrl Pts',(-45.,20.9865925595793,48.359235311971));
#3014=CARTESIAN_POINT('Ctrl Pts',(-44.3333333333333,20.9865925595793,48.3592353119711));
#3015=CARTESIAN_POINT('Ctrl Pts',(-43.6666666666667,20.9865925595793,48.359235311971));
#3016=CARTESIAN_POINT('Ctrl Pts',(-43.,20.9865925595793,48.359235311971));
#3017=CARTESIAN_POINT('',(-45.,21.3949133697098,48.9551692293006));
#3018=CARTESIAN_POINT('',(-45.,21.3949133697098,48.9551692293006));
#3019=CARTESIAN_POINT('',(-43.,21.3949133697098,48.9551692293006));
#3020=CARTESIAN_POINT('',(-52.,21.3949133697097,48.9551692293006));
#3021=CARTESIAN_POINT('',(-43.,21.3949133697098,48.9551692293006));
#3022=CARTESIAN_POINT('Origin',(-61.,20.2644582155488,47.3052991906518));
#3023=CARTESIAN_POINT('',(45.,10.4600319189327,54.0230764003089));
#3024=CARTESIAN_POINT('',(43.,10.4600319189327,54.0230764003089));
#3025=CARTESIAN_POINT('Ctrl Pts',(45.,10.4600319189327,54.0230764003089));
#3026=CARTESIAN_POINT('Ctrl Pts',(44.3333333333333,10.4600319189327,54.0230764003089));
#3027=CARTESIAN_POINT('Ctrl Pts',(43.6666666666667,10.4600319189327,54.0230764003088));
#3028=CARTESIAN_POINT('Ctrl Pts',(43.,10.4600319189327,54.0230764003089));
#3029=CARTESIAN_POINT('',(45.,10.4400750946881,54.0367503772486));
#3030=CARTESIAN_POINT('',(45.,17.7531223707778,49.0260112643016));
#3031=CARTESIAN_POINT('',(43.,10.4400750946881,54.0367503772486));
#3032=CARTESIAN_POINT('',(43.,10.4400750946881,54.0367503772486));
#3033=CARTESIAN_POINT('',(43.,17.7531223707778,49.0260112643016));
#3034=CARTESIAN_POINT('Origin',(45.,11.5705299090165,55.6866206487432));
#3035=CARTESIAN_POINT('',(43.,11.5705299090165,55.6866206487432));
#3036=CARTESIAN_POINT('',(45.,11.5705299090165,55.6866206487432));
#3037=CARTESIAN_POINT('',(43.,11.5705299090165,55.6866206487432));
#3038=CARTESIAN_POINT('',(43.,11.5705299090165,55.6866206487432));
#3039=CARTESIAN_POINT('',(45.,11.5705299090165,55.6866206487432));
#3040=CARTESIAN_POINT('Origin',(43.,21.3949133697098,48.9551692293006));
#3041=CARTESIAN_POINT('',(43.,20.9865925595793,48.359235311971));
#3042=CARTESIAN_POINT('',(45.,20.9865925595793,48.359235311971));
#3043=CARTESIAN_POINT('Ctrl Pts',(43.,20.9865925595793,48.359235311971));
#3044=CARTESIAN_POINT('Ctrl Pts',(43.6666666666667,20.9865925595793,48.359235311971));
#3045=CARTESIAN_POINT('Ctrl Pts',(44.3333333333333,20.9865925595793,48.359235311971));
#3046=CARTESIAN_POINT('Ctrl Pts',(45.,20.9865925595793,48.359235311971));
#3047=CARTESIAN_POINT('',(43.,21.3949133697098,48.9551692293006));
#3048=CARTESIAN_POINT('',(43.,21.3949133697098,48.9551692293006));
#3049=CARTESIAN_POINT('',(45.,21.3949133697098,48.9551692293006));
#3050=CARTESIAN_POINT('',(-9.,21.3949133697098,48.9551692293006));
#3051=CARTESIAN_POINT('',(45.,21.3949133697098,48.9551692293006));
#3052=CARTESIAN_POINT('Origin',(-25.,43.,-45.));
#3053=CARTESIAN_POINT('Origin',(25.,43.,25.));
#3054=CARTESIAN_POINT('',(11.5,40.000000331538,25.));
#3055=CARTESIAN_POINT('Origin',(-52.,0.,-22.5));
#3056=CARTESIAN_POINT('',(-57.,-3.,-22.5));
#3057=CARTESIAN_POINT('Origin',(-52.,-3.,-22.5));
#3058=CARTESIAN_POINT('',(-57.,0.,-22.5));
#3059=CARTESIAN_POINT('',(-57.,0.,-22.5));
#3060=CARTESIAN_POINT('Origin',(-52.,0.,-22.5));
#3061=CARTESIAN_POINT('Origin',(-52.,20.,0.));
#3062=CARTESIAN_POINT('',(-48.4837714005996,24.2988986912,46.2087165413992));
#3063=CARTESIAN_POINT('',(-46.4462270913871,19.9999999999955,48.9586410516657));
#3064=CARTESIAN_POINT('Ctrl Pts',(-48.4837714005996,24.2988986912,46.2087165413991));
#3065=CARTESIAN_POINT('Ctrl Pts',(-48.2641347553347,24.119249737123,46.3317352236956));
#3066=CARTESIAN_POINT('Ctrl Pts',(-48.0608983601117,23.9249070836117,46.4636832988713));
#3067=CARTESIAN_POINT('Ctrl Pts',(-47.3252678760447,23.1089322949116,47.0116923491952));
#3068=CARTESIAN_POINT('Ctrl Pts',(-46.9288039844789,22.3978715176513,47.4759929350935));
#3069=CARTESIAN_POINT('Ctrl Pts',(-46.5302535413841,21.1120870290787,48.2844199719708));
#3070=CARTESIAN_POINT('Ctrl Pts',(-46.4462270913862,20.557782684517,48.6245891773441));
#3071=CARTESIAN_POINT('Ctrl Pts',(-46.4462270913871,19.999999999991,48.9586410516657));
#3072=CARTESIAN_POINT('Ctrl Pts',(-46.4462270913871,19.999999999991,48.9586410516657));
#3073=CARTESIAN_POINT('Ctrl Pts',(-46.4462270913875,19.7460472150307,49.1107314735425));
#3074=CARTESIAN_POINT('Ctrl Pts',(-46.4636450797374,19.4913872364108,49.2615769350919));
#3075=CARTESIAN_POINT('Ctrl Pts',(-46.5940436305427,18.5501757005723,49.8132448512837));
#3076=CARTESIAN_POINT('Ctrl Pts',(-46.8192961762986,17.8725513234806,50.198492845416));
#3077=CARTESIAN_POINT('Ctrl Pts',(-47.4786616605241,16.7180972765907,50.839828717607));
#3078=CARTESIAN_POINT('Ctrl Pts',(-47.8714164897794,16.2313407446062,51.1041279733635));
#3079=CARTESIAN_POINT('Ctrl Pts',(-48.8655351224327,15.3646104849346,51.5684553505167));
#3080=CARTESIAN_POINT('Ctrl Pts',(-49.4706413900733,15.0045349844046,51.7574346051839));
#3081=CARTESIAN_POINT('Ctrl Pts',(-50.4829355075747,14.6452288831458,51.9450746226276));
#3082=CARTESIAN_POINT('Ctrl Pts',(-50.8367271578949,14.5571091787571,51.9908382828711));
#3083=CARTESIAN_POINT('Ctrl Pts',(-51.4660841055837,14.4653549500386,52.0384567047415));
#3084=CARTESIAN_POINT('Ctrl Pts',(-51.736277743484,14.4458823481924,52.0485415257012));
#3085=CARTESIAN_POINT('Ctrl Pts',(-52.2756516212383,14.4465779821367,52.0481810044229));
#3086=CARTESIAN_POINT('Ctrl Pts',(-52.5434113365328,14.4663952409713,52.0379173083106));
#3087=CARTESIAN_POINT('Ctrl Pts',(-53.1654773510102,14.5579054483875,51.9904243579968));
#3088=CARTESIAN_POINT('Ctrl Pts',(-53.5145853103059,14.6448441992365,51.9452719083376));
#3089=CARTESIAN_POINT('Ctrl Pts',(-54.480378985275,14.9862373731285,51.7669967930489));
#3090=CARTESIAN_POINT('Ctrl Pts',(-55.0520983474593,15.3158168810025,51.59406688644));
#3091=CARTESIAN_POINT('Ctrl Pts',(-55.5463598391344,15.7259240283053,51.3748401675729));
#3092=CARTESIAN_POINT('Ctrl Pts',(-55.9067000206869,16.0249116824198,51.2150134422295));
#3093=CARTESIAN_POINT('Ctrl Pts',(-56.2216471166108,16.3631123664396,51.0324418973682));
#3094=CARTESIAN_POINT('Ctrl Pts',(-56.7223600381008,17.0501321822897,50.6558248479445));
#3095=CARTESIAN_POINT('Ctrl Pts',(-56.9181057365504,17.3911280004838,50.4667079397464));
#3096=CARTESIAN_POINT('Ctrl Pts',(-57.4166967765201,18.5130530827867,49.8352401664511));
#3097=CARTESIAN_POINT('Ctrl Pts',(-57.5731500625883,19.3341596772977,49.359264372747));
#3098=CARTESIAN_POINT('Ctrl Pts',(-57.5311803034095,20.9340796347197,48.3970637074196));
#3099=CARTESIAN_POINT('Ctrl Pts',(-57.3427405062122,21.7123478713617,47.9120661668568));
#3100=CARTESIAN_POINT('Ctrl Pts',(-56.7111778249224,23.0118028046836,47.0749680202181));
#3101=CARTESIAN_POINT('Ctrl Pts',(-56.3203849784425,23.5551514070697,46.7141738400961));
#3102=CARTESIAN_POINT('Ctrl Pts',(-55.3345127014846,24.4934590866767,46.07759052825));
#3103=CARTESIAN_POINT('Ctrl Pts',(-54.740856778094,24.8847389458675,45.8044094304973));
#3104=CARTESIAN_POINT('Ctrl Pts',(-53.7116818643664,25.2971920738325,45.5135199191566));
#3105=CARTESIAN_POINT('Ctrl Pts',(-53.3391193246344,25.4041207373196,45.4373938727381));
#3106=CARTESIAN_POINT('Ctrl Pts',(-52.7133589471172,25.5131512559924,45.3596369996107));
#3107=CARTESIAN_POINT('Ctrl Pts',(-52.4701179517379,25.5392730161949,45.3409506779189));
#3108=CARTESIAN_POINT('Ctrl Pts',(-52.0058213035885,25.5581017141356,45.3274855181864));
#3109=CARTESIAN_POINT('Ctrl Pts',(-51.7864291566709,25.5539905347011,45.3304289913166));
#3110=CARTESIAN_POINT('Ctrl Pts',(-51.2972277992049,25.5158167161225,45.3577167211347));
#3111=CARTESIAN_POINT('Ctrl Pts',(-51.0299426573065,25.4749932967055,45.386894564078));
#3112=CARTESIAN_POINT('Ctrl Pts',(-50.3064544719338,25.3103991799067,45.5040452256913));
#3113=CARTESIAN_POINT('Ctrl Pts',(-49.8686319811269,25.1488064108281,45.6187027568827));
#3114=CARTESIAN_POINT('Ctrl Pts',(-49.1078348191652,24.7580122664883,45.8922579058848));
#3115=CARTESIAN_POINT('Ctrl Pts',(-48.7808288012762,24.54187295111,46.0423344244552));
#3116=CARTESIAN_POINT('Ctrl Pts',(-48.4837714005996,24.2988986912,46.2087165413991));
#3117=CARTESIAN_POINT('',(-46.4462270913871,19.9999999999848,45.440486625812));
#3118=CARTESIAN_POINT('',(-46.4462270913871,20.,0.));
#3119=CARTESIAN_POINT('',(-48.62213034927,24.4084453204185,42.4565293660271));
#3120=CARTESIAN_POINT('Ctrl Pts',(-48.6221303492716,24.4084453204197,42.4565293660262));
#3121=CARTESIAN_POINT('Ctrl Pts',(-48.7232658452757,24.4859380639457,42.3998408948163));
#3122=CARTESIAN_POINT('Ctrl Pts',(-48.8277283070878,24.5604577062969,42.3450755898865));
#3123=CARTESIAN_POINT('Ctrl Pts',(-49.4085957224139,24.9447814606143,42.0614746628827));
#3124=CARTESIAN_POINT('Ctrl Pts',(-49.9406039339064,25.1925620971176,41.8743839242658));
#3125=CARTESIAN_POINT('Ctrl Pts',(-50.7943037517485,25.4288718675154,41.6949269499078));
#3126=CARTESIAN_POINT('Ctrl Pts',(-51.0778908674412,25.4844104055456,41.6525008523051));
#3127=CARTESIAN_POINT('Ctrl Pts',(-51.5679572650811,25.5406382750525,41.6095157966709));
#3128=CARTESIAN_POINT('Ctrl Pts',(-51.7704180580169,25.5527404560936,41.6002448505363));
#3129=CARTESIAN_POINT('Ctrl Pts',(-52.1712557684419,25.5546534951358,41.5987802360958));
#3130=CARTESIAN_POINT('Ctrl Pts',(-52.3685844093504,25.5450344871708,41.6061495484258));
#3131=CARTESIAN_POINT('Ctrl Pts',(-52.8385488257795,25.4969990589053,41.6428826396082));
#3132=CARTESIAN_POINT('Ctrl Pts',(-53.107892807836,25.4489077028518,41.6796380020277));
#3133=CARTESIAN_POINT('Ctrl Pts',(-53.9184472415276,25.2424498385543,41.8366106586491));
#3134=CARTESIAN_POINT('Ctrl Pts',(-54.4274659103152,25.0239618610902,42.0019355870735));
#3135=CARTESIAN_POINT('Ctrl Pts',(-55.465099171168,24.3927778987125,42.4697880401096));
#3136=CARTESIAN_POINT('Ctrl Pts',(-55.9568199359986,23.9488571172149,42.7930685802367));
#3137=CARTESIAN_POINT('Ctrl Pts',(-56.8806489070306,22.7833321107413,43.6157131720451));
#3138=CARTESIAN_POINT('Ctrl Pts',(-57.2395030266506,22.0168470600595,44.1383754701786));
#3139=CARTESIAN_POINT('Ctrl Pts',(-57.5922848836309,20.44301303086,45.1664875053272));
#3140=CARTESIAN_POINT('Ctrl Pts',(-57.6001403416925,19.6354925667504,45.6739476136406));
#3141=CARTESIAN_POINT('Ctrl Pts',(-57.2927554152974,18.1873864164304,46.5522013855206));
#3142=CARTESIAN_POINT('Ctrl Pts',(-57.0306529485597,17.543469584249,46.930576957067));
#3143=CARTESIAN_POINT('Ctrl Pts',(-56.3202951725339,16.4606358075676,47.5523360781516));
#3144=CARTESIAN_POINT('Ctrl Pts',(-55.9125319341426,16.0102100499641,47.8050539804727));
#3145=CARTESIAN_POINT('Ctrl Pts',(-55.4261332645592,15.6289584337447,48.0161929191279));
#3146=CARTESIAN_POINT('Ctrl Pts',(-54.9730306400681,15.2738051023253,48.2128785048819));
#3147=CARTESIAN_POINT('Ctrl Pts',(-54.4586079759365,14.9843519833352,48.370440994692));
#3148=CARTESIAN_POINT('Ctrl Pts',(-53.5597426836135,14.6576833467686,48.5473548635522));
#3149=CARTESIAN_POINT('Ctrl Pts',(-53.2091036461437,14.567260870091,48.596028805377));
#3150=CARTESIAN_POINT('Ctrl Pts',(-52.5984701873558,14.4727123147031,48.6468791206892));
#3151=CARTESIAN_POINT('Ctrl Pts',(-52.3443283879382,14.4510423638445,48.6585084402508));
#3152=CARTESIAN_POINT('Ctrl Pts',(-51.8435123560428,14.4429962414108,48.6628286321713));
#3153=CARTESIAN_POINT('Ctrl Pts',(-51.598040699014,14.4553659832121,48.6561920892833));
#3154=CARTESIAN_POINT('Ctrl Pts',(-51.0346771456072,14.5212951451101,48.6207592328646));
#3155=CARTESIAN_POINT('Ctrl Pts',(-50.7202891232198,14.5862784919294,48.5858198505611));
#3156=CARTESIAN_POINT('Ctrl Pts',(-49.8587557271522,14.8428694995578,48.4472282542957));
#3157=CARTESIAN_POINT('Ctrl Pts',(-49.3414536244956,15.0916956687677,48.3123424560722));
#3158=CARTESIAN_POINT('Ctrl Pts',(-48.3020486489191,15.798386249179,47.9232748275436));
#3159=CARTESIAN_POINT('Ctrl Pts',(-47.820608941848,16.2833754743226,47.6528759010728));
#3160=CARTESIAN_POINT('Ctrl Pts',(-46.9825667333706,17.4862908275148,46.964631833751));
#3161=CARTESIAN_POINT('Ctrl Pts',(-46.6834296604722,18.2211609576911,46.5333066289177));
#3162=CARTESIAN_POINT('Ctrl Pts',(-46.4778559061152,19.3140598738803,45.8679600758091));
#3163=CARTESIAN_POINT('Ctrl Pts',(-46.446227091389,19.6577661466156,45.6555018502443));
#3164=CARTESIAN_POINT('Ctrl Pts',(-46.4462270913871,19.9999999999696,45.440486625812));
#3165=CARTESIAN_POINT('Ctrl Pts',(-46.4462270913871,19.9999999999696,45.440486625812));
#3166=CARTESIAN_POINT('Ctrl Pts',(-46.4462270913844,20.5100964485862,45.1200083875941));
#3167=CARTESIAN_POINT('Ctrl Pts',(-46.5164972152299,21.0168825125351,44.7937870326124));
#3168=CARTESIAN_POINT('Ctrl Pts',(-46.8483731913154,22.1947231314808,44.0168924984218));
#3169=CARTESIAN_POINT('Ctrl Pts',(-47.1769470483979,22.8511608320799,43.5675739881277));
#3170=CARTESIAN_POINT('Ctrl Pts',(-47.9150676025484,23.7900879017388,42.9052867937283));
#3171=CARTESIAN_POINT('Ctrl Pts',(-48.2455434280504,24.1198942690632,42.6676138782414));
#3172=CARTESIAN_POINT('Ctrl Pts',(-48.6221303492716,24.4084453204197,42.4565293660262));
#3173=CARTESIAN_POINT('Origin',(52.,0.,-22.5));
#3174=CARTESIAN_POINT('',(57.,0.,-22.5));
#3175=CARTESIAN_POINT('Origin',(52.,0.,-22.5));
#3176=CARTESIAN_POINT('',(57.,-3.,-22.5));
#3177=CARTESIAN_POINT('',(57.,0.,-22.5));
#3178=CARTESIAN_POINT('Origin',(52.,-3.,-22.5));
#3179=CARTESIAN_POINT('Origin',(52.,20.,0.));
#3180=CARTESIAN_POINT('',(48.62213034927,24.4084453204185,42.456529366027));
#3181=CARTESIAN_POINT('',(46.4462270913871,19.9999999999902,45.4404866258052));
#3182=CARTESIAN_POINT('Ctrl Pts',(48.6221303492736,24.4084453204212,42.4565293660251));
#3183=CARTESIAN_POINT('Ctrl Pts',(48.2643980844143,24.1343412150677,42.6570454656987));
#3184=CARTESIAN_POINT('Ctrl Pts',(47.94806117298,23.8228194330891,42.8817015779163));
#3185=CARTESIAN_POINT('Ctrl Pts',(47.1436246669877,22.8248775331254,43.5869802235346));
#3186=CARTESIAN_POINT('Ctrl Pts',(46.7792126178209,22.0637201205043,44.1068455756868));
#3187=CARTESIAN_POINT('Ctrl Pts',(46.4954878737471,20.8518694870138,44.8998301635279));
#3188=CARTESIAN_POINT('Ctrl Pts',(46.4462270913856,20.4270822467892,45.1721637107905));
#3189=CARTESIAN_POINT('Ctrl Pts',(46.4462270913871,19.9999999999804,45.4404866258052));
#3190=CARTESIAN_POINT('Ctrl Pts',(46.4462270913871,19.9999999999804,45.4404866258052));
#3191=CARTESIAN_POINT('Ctrl Pts',(46.4462270913884,19.6302751507899,45.67277361509));
#3192=CARTESIAN_POINT('Ctrl Pts',(46.4831388438918,19.2588381916559,45.9020673884455));
#3193=CARTESIAN_POINT('Ctrl Pts',(46.6929965739217,18.2287564355083,46.5276289686343));
#3194=CARTESIAN_POINT('Ctrl Pts',(46.950943171012,17.5809410458492,46.908736840497));
#3195=CARTESIAN_POINT('Ctrl Pts',(47.6554425409684,16.4902205686749,47.5356033432314));
#3196=CARTESIAN_POINT('Ctrl Pts',(48.0611807393173,16.0359099646742,47.7906943851645));
#3197=CARTESIAN_POINT('Ctrl Pts',(49.0553036650631,15.2465388587119,48.2281046198261));
#3198=CARTESIAN_POINT('Ctrl Pts',(49.6421037446312,14.9262636658371,48.402056444054));
#3199=CARTESIAN_POINT('Ctrl Pts',(50.6040969872221,14.6141134759526,48.5708321197059));
#3200=CARTESIAN_POINT('Ctrl Pts',(50.9328268093016,14.5392343831211,48.6111105471116));
#3201=CARTESIAN_POINT('Ctrl Pts',(51.5145339489226,14.4619050333627,48.6526818338394));
#3202=CARTESIAN_POINT('Ctrl Pts',(51.7631677556383,14.4456878697172,48.661383411631));
#3203=CARTESIAN_POINT('Ctrl Pts',(52.2627985033091,14.4467965857515,48.6607881212158));
#3204=CARTESIAN_POINT('Ctrl Pts',(52.5126274387908,14.4642977126682,48.651397266352));
#3205=CARTESIAN_POINT('Ctrl Pts',(53.0949234277554,14.5447449537412,48.6081455857461));
#3206=CARTESIAN_POINT('Ctrl Pts',(53.4229849709615,14.6212269167494,48.5669980535282));
#3207=CARTESIAN_POINT('Ctrl Pts',(54.3555759895052,14.9289680783411,48.4005692650629));
#3208=CARTESIAN_POINT('Ctrl Pts',(54.918272554802,15.2338560163632,48.2349299684762));
#3209=CARTESIAN_POINT('Ctrl Pts',(55.4099644873729,15.6163330743195,48.0231837248065));
#3210=CARTESIAN_POINT('Ctrl Pts',(56.008003585458,16.0815354085992,47.7656392661755));
#3211=CARTESIAN_POINT('Ctrl Pts',(56.4872322782736,16.650073776144,47.4459707879546));
#3212=CARTESIAN_POINT('Ctrl Pts',(57.1336399912432,17.7974769346433,46.7811821904353));
#3213=CARTESIAN_POINT('Ctrl Pts',(57.3360216059503,18.3550121469764,46.4512691383099));
#3214=CARTESIAN_POINT('Ctrl Pts',(57.6162391051394,19.7719916249144,45.5899400746182));
#3215=CARTESIAN_POINT('Ctrl Pts',(57.5819095633361,20.6410304867212,45.0408782697473));
#3216=CARTESIAN_POINT('Ctrl Pts',(57.1687945653888,22.1549597425301,44.043770838876));
#3217=CARTESIAN_POINT('Ctrl Pts',(56.8438617684935,22.8163242923987,43.5916874348524));
#3218=CARTESIAN_POINT('Ctrl Pts',(56.0343603729171,23.8605838891734,42.855899672761));
#3219=CARTESIAN_POINT('Ctrl Pts',(55.5992478386257,24.2737600424391,42.5564616916129));
#3220=CARTESIAN_POINT('Ctrl Pts',(54.6147040191086,24.9330847304128,42.0702606143048));
#3221=CARTESIAN_POINT('Ctrl Pts',(54.0787750434685,25.1855055491325,41.8797228105555));
#3222=CARTESIAN_POINT('Ctrl Pts',(53.2182313671913,25.4261778903496,41.6969819443956));
#3223=CARTESIAN_POINT('Ctrl Pts',(52.932748483573,25.482723183461,41.6537896462621));
#3224=CARTESIAN_POINT('Ctrl Pts',(52.440238451238,25.5400092556852,41.6099973718398));
#3225=CARTESIAN_POINT('Ctrl Pts',(52.237339155034,25.5524315303705,41.600481361198));
#3226=CARTESIAN_POINT('Ctrl Pts',(51.836392587363,25.5548712684324,41.5986135112446));
#3227=CARTESIAN_POINT('Ctrl Pts',(51.6393966424005,25.5455473996739,41.6057567976065));
#3228=CARTESIAN_POINT('Ctrl Pts',(51.1714748654125,25.4984293811215,41.64178956009));
#3229=CARTESIAN_POINT('Ctrl Pts',(50.9037582120048,25.4511795674796,41.6779037951064));
#3230=CARTESIAN_POINT('Ctrl Pts',(50.1014039340274,25.2488931919349,41.8317254001724));
#3231=CARTESIAN_POINT('Ctrl Pts',(49.59782869844,25.0354215392971,41.9932957788614));
#3232=CARTESIAN_POINT('Ctrl Pts',(48.9606592878714,24.6531649931782,42.2768332520351));
#3233=CARTESIAN_POINT('Ctrl Pts',(48.7870014098797,24.534773971777,42.3641158342605));
#3234=CARTESIAN_POINT('Ctrl Pts',(48.6221303492735,24.4084453204212,42.4565293660251));
#3235=CARTESIAN_POINT('',(46.4462270913872,19.9999999999998,48.9586410516605));
#3236=CARTESIAN_POINT('',(46.4462270913871,20.,0.));
#3237=CARTESIAN_POINT('',(48.4837714005996,24.2988986912,46.2087165413992));
#3238=CARTESIAN_POINT('Ctrl Pts',(48.4837714005996,24.2988986912,46.2087165413991));
#3239=CARTESIAN_POINT('Ctrl Pts',(48.9316197848657,24.6652104863988,45.9578762591022));
#3240=CARTESIAN_POINT('Ctrl Pts',(49.4465614742224,24.969689668397,45.7446594576995));
#3241=CARTESIAN_POINT('Ctrl Pts',(50.3613559086351,25.3192864600217,45.497818188228));
#3242=CARTESIAN_POINT('Ctrl Pts',(50.7215934599731,25.4177706097374,45.4276708377348));
#3243=CARTESIAN_POINT('Ctrl Pts',(51.3304808301036,25.5184953202192,45.3558170996062));
#3244=CARTESIAN_POINT('Ctrl Pts',(51.5703713371284,25.5424001782329,45.3387145803906));
#3245=CARTESIAN_POINT('Ctrl Pts',(52.0318918806816,25.5580431026001,45.3275271491815));
#3246=CARTESIAN_POINT('Ctrl Pts',(52.2519474922479,25.5524071668053,45.3315622014045));
#3247=CARTESIAN_POINT('Ctrl Pts',(52.7476245392224,25.5102227216605,45.3617134425788));
#3248=CARTESIAN_POINT('Ctrl Pts',(53.0204711422699,25.4661105224337,45.3932355000454));
#3249=CARTESIAN_POINT('Ctrl Pts',(53.7696857886959,25.2875658279003,45.5202575298576));
#3250=CARTESIAN_POINT('Ctrl Pts',(54.2249261308919,25.110930854286,45.6454873996708));
#3251=CARTESIAN_POINT('Ctrl Pts',(55.263519015515,24.5485781478799,46.0383647781691));
#3252=CARTESIAN_POINT('Ctrl Pts',(55.7945421243074,24.1091502419948,46.3410721734545));
#3253=CARTESIAN_POINT('Ctrl Pts',(56.7627515693599,22.9744839640485,47.1002558930707));
#3254=CARTESIAN_POINT('Ctrl Pts',(57.1425228371217,22.2442414651034,47.5748075051396));
#3255=CARTESIAN_POINT('Ctrl Pts',(57.5674462261595,20.7009493777706,48.5401352632542));
#3256=CARTESIAN_POINT('Ctrl Pts',(57.6116123240633,19.8857788886223,49.0322116979357));
#3257=CARTESIAN_POINT('Ctrl Pts',(57.3646836031884,18.407189416914,49.8951798248498));
#3258=CARTESIAN_POINT('Ctrl Pts',(57.1242686210039,17.7420572719373,50.271912158653));
#3259=CARTESIAN_POINT('Ctrl Pts',(56.4429464907915,16.6135893009629,50.8969278663873));
#3260=CARTESIAN_POINT('Ctrl Pts',(56.0424134097827,16.1399217850494,51.1534780914755));
#3261=CARTESIAN_POINT('Ctrl Pts',(55.5587358837348,15.7362232199303,51.3693339354944));
#3262=CARTESIAN_POINT('Ctrl Pts',(55.4212816710073,15.6214978802994,51.4306770690997));
#3263=CARTESIAN_POINT('Ctrl Pts',(55.2774750345483,15.5127477379799,51.4885646370791));
#3264=CARTESIAN_POINT('Ctrl Pts',(54.6571178607253,15.089977962304,51.7128166035419));
#3265=CARTESIAN_POINT('Ctrl Pts',(54.1324443904573,14.8384087641632,51.8443296159836));
#3266=CARTESIAN_POINT('Ctrl Pts',(53.2542235931784,14.5797576120765,51.9791025157701));
#3267=CARTESIAN_POINT('Ctrl Pts',(52.9303297096214,14.5146977856053,52.0128561105847));
#3268=CARTESIAN_POINT('Ctrl Pts',(52.3390589560851,14.4503220402596,52.0462455038322));
#3269=CARTESIAN_POINT('Ctrl Pts',(52.0750924464677,14.4404648451026,52.0513495066821));
#3270=CARTESIAN_POINT('Ctrl Pts',(51.5278035640302,14.4590725624258,52.0417050843826));
#3271=CARTESIAN_POINT('Ctrl Pts',(51.2460962813781,14.4903948236714,52.0254773333168));
#3272=CARTESIAN_POINT('Ctrl Pts',(50.5592386187999,14.6202041211363,51.9580474864994));
#3273=CARTESIAN_POINT('Ctrl Pts',(50.1631950520909,14.7427673031738,51.8943013277167));
#3274=CARTESIAN_POINT('Ctrl Pts',(49.1402452323013,15.187113221283,51.6614705828453));
#3275=CARTESIAN_POINT('Ctrl Pts',(48.5673634463597,15.5822068029382,51.4530358625006));
#3276=CARTESIAN_POINT('Ctrl Pts',(47.5522338316098,16.5894305113717,50.9101635379992));
#3277=CARTESIAN_POINT('Ctrl Pts',(47.1443211788185,17.2104276314493,50.5695651018689));
#3278=CARTESIAN_POINT('Ctrl Pts',(46.585517126752,18.5585045625602,49.8082167391454));
#3279=CARTESIAN_POINT('Ctrl Pts',(46.4462270913872,19.2816508835241,49.388854960111));
#3280=CARTESIAN_POINT('Ctrl Pts',(46.4462270913872,19.9999999999996,48.9586410516605));
#3281=CARTESIAN_POINT('Ctrl Pts',(46.4462270913871,19.9999999999996,48.9586410516605));
#3282=CARTESIAN_POINT('Ctrl Pts',(46.4462270913871,20.0998169439273,48.8988614311503));
#3283=CARTESIAN_POINT('Ctrl Pts',(46.4489181264131,20.1995448692492,48.8388782969836));
#3284=CARTESIAN_POINT('Ctrl Pts',(46.4963053404576,21.078247415301,48.308072255897));
#3285=CARTESIAN_POINT('Ctrl Pts',(46.7022625339705,21.8441538766856,47.828696958976));
#3286=CARTESIAN_POINT('Ctrl Pts',(47.3579510690707,23.1156790274182,47.0065448994647));
#3287=CARTESIAN_POINT('Ctrl Pts',(47.7557033139031,23.6442835535953,46.6544084401706));
#3288=CARTESIAN_POINT('Ctrl Pts',(48.32632620631,24.1664105334341,46.2992924986399));
#3289=CARTESIAN_POINT('Ctrl Pts',(48.4039827704484,24.2336366128405,46.2534062248151));
#3290=CARTESIAN_POINT('Ctrl Pts',(48.4837714005996,24.2988986912,46.2087165413991));
#3291=CARTESIAN_POINT('Origin',(63.,40.0000003302706,23.8929146938787));
#3292=CARTESIAN_POINT('',(63.,40.0000002135031,25.6644944115552));
#3293=CARTESIAN_POINT('',(63.,40.0000003322988,25.6644944115553));
#3294=CARTESIAN_POINT('',(-63.,40.0000002135031,25.6644944115552));
#3295=CARTESIAN_POINT('',(63.,40.0000000956811,25.6644944115552));
#3296=CARTESIAN_POINT('',(-63.,40.0000003322988,25.6644944115553));
#3297=CARTESIAN_POINT('Origin',(63.,0.,-45.5));
#3298=CARTESIAN_POINT('',(63.,0.,-45.5));
#3299=CARTESIAN_POINT('',(63.,40.0000002508281,-45.5));
#3300=CARTESIAN_POINT('',(-63.,0.,-45.5));
#3301=CARTESIAN_POINT('',(-63.,40.0000002508281,-45.5));
#3302=CARTESIAN_POINT('',(31.5,0.,-45.5));
#3303=CARTESIAN_POINT('Ctrl Pts',(63.,0.,58.5));
#3304=CARTESIAN_POINT('Ctrl Pts',(-88.2,0.,58.5));
#3305=CARTESIAN_POINT('Ctrl Pts',(63.,1.21338132790504,58.0301191208242));
#3306=CARTESIAN_POINT('Ctrl Pts',(-88.2,1.21338132790504,58.0301191208242));
#3307=CARTESIAN_POINT('Ctrl Pts',(63.,3.61041367382916,57.0760450777528));
#3308=CARTESIAN_POINT('Ctrl Pts',(-88.2,3.61041367382916,57.0760450777528));
#3309=CARTESIAN_POINT('Ctrl Pts',(63.,7.11677717618497,55.6020000055889));
#3310=CARTESIAN_POINT('Ctrl Pts',(-88.2,7.11677717618497,55.6020000055889));
#3311=CARTESIAN_POINT('Ctrl Pts',(63.,11.6105728640119,53.5493012741776));
#3312=CARTESIAN_POINT('Ctrl Pts',(-88.2,11.6105728640119,53.5493012741776));
#3313=CARTESIAN_POINT('Ctrl Pts',(63.,16.9040439707649,50.8275620590575));
#3314=CARTESIAN_POINT('Ctrl Pts',(-88.2,16.9040439707649,50.8275620590575));
#3315=CARTESIAN_POINT('Ctrl Pts',(63.,21.8413269563294,47.9343525221083));
#3316=CARTESIAN_POINT('Ctrl Pts',(-88.2,21.8413269563294,47.9343525221083));
#3317=CARTESIAN_POINT('Ctrl Pts',(63.,26.3873389315374,44.8527836265027));
#3318=CARTESIAN_POINT('Ctrl Pts',(-88.2,26.3873389315374,44.8527836265027));
#3319=CARTESIAN_POINT('Ctrl Pts',(63.,30.5135633914099,41.5691274178385));
#3320=CARTESIAN_POINT('Ctrl Pts',(-88.2,30.5135633914099,41.5691274178385));
#3321=CARTESIAN_POINT('Ctrl Pts',(63.,34.2206705497205,38.0837065395839));
#3322=CARTESIAN_POINT('Ctrl Pts',(-88.2,34.2206705497205,38.0837065395839));
#3323=CARTESIAN_POINT('Ctrl Pts',(63.,37.5336616554135,34.4085566884581));
#3324=CARTESIAN_POINT('Ctrl Pts',(-88.2,37.5336616554135,34.4085566884581));
#3325=CARTESIAN_POINT('Ctrl Pts',(63.,39.8913114450193,31.3275091636519));
#3326=CARTESIAN_POINT('Ctrl Pts',(-88.2,39.8913114450193,31.3275091636519));
#3327=CARTESIAN_POINT('Ctrl Pts',(63.,41.5048502501731,28.94225105351));
#3328=CARTESIAN_POINT('Ctrl Pts',(-88.2,41.5048502501731,28.94225105351));
#3329=CARTESIAN_POINT('Ctrl Pts',(63.,42.5128915923831,27.319511436658));
#3330=CARTESIAN_POINT('Ctrl Pts',(-88.2,42.5128915923831,27.319511436658));
#3331=CARTESIAN_POINT('Ctrl Pts',(63.,43.,26.5));
#3332=CARTESIAN_POINT('Ctrl Pts',(-88.2,43.,26.5));
#3333=CARTESIAN_POINT('',(63.,0.,58.5));
#3334=CARTESIAN_POINT('Ctrl Pts',(63.,0.,58.5));
#3335=CARTESIAN_POINT('Ctrl Pts',(63.,1.21338132790504,58.0301191208242));
#3336=CARTESIAN_POINT('Ctrl Pts',(63.,3.61041367382916,57.0760450777528));
#3337=CARTESIAN_POINT('Ctrl Pts',(63.,7.11677717618497,55.6020000055889));
#3338=CARTESIAN_POINT('Ctrl Pts',(63.,11.6105728640119,53.5493012741776));
#3339=CARTESIAN_POINT('Ctrl Pts',(63.,16.9040439707649,50.8275620590575));
#3340=CARTESIAN_POINT('Ctrl Pts',(63.,21.8413269563294,47.9343525221083));
#3341=CARTESIAN_POINT('Ctrl Pts',(63.,26.3873389315374,44.8527836265027));
#3342=CARTESIAN_POINT('Ctrl Pts',(63.,30.5135633914099,41.5691274178385));
#3343=CARTESIAN_POINT('Ctrl Pts',(63.,34.2206705497205,38.0837065395839));
#3344=CARTESIAN_POINT('Ctrl Pts',(63.,37.5336616554135,34.4085566884581));
#3345=CARTESIAN_POINT('Ctrl Pts',(63.,39.8913114450193,31.3275091636519));
#3346=CARTESIAN_POINT('Ctrl Pts',(63.,41.5048502501731,28.94225105351));
#3347=CARTESIAN_POINT('Ctrl Pts',(63.,42.5128915923831,27.319511436658));
#3348=CARTESIAN_POINT('Ctrl Pts',(63.,43.,26.5));
#3349=CARTESIAN_POINT('',(-63.,0.,58.5));
#3350=CARTESIAN_POINT('Ctrl Pts',(-63.,0.,58.5));
#3351=CARTESIAN_POINT('Ctrl Pts',(-63.,1.21338132790504,58.0301191208242));
#3352=CARTESIAN_POINT('Ctrl Pts',(-63.,3.61041367382916,57.0760450777528));
#3353=CARTESIAN_POINT('Ctrl Pts',(-63.,7.11677717618497,55.6020000055889));
#3354=CARTESIAN_POINT('Ctrl Pts',(-63.,11.6105728640119,53.5493012741776));
#3355=CARTESIAN_POINT('Ctrl Pts',(-63.,16.9040439707649,50.8275620590575));
#3356=CARTESIAN_POINT('Ctrl Pts',(-63.,21.8413269563294,47.9343525221083));
#3357=CARTESIAN_POINT('Ctrl Pts',(-63.,26.3873389315374,44.8527836265027));
#3358=CARTESIAN_POINT('Ctrl Pts',(-63.,30.5135633914099,41.5691274178385));
#3359=CARTESIAN_POINT('Ctrl Pts',(-63.,34.2206705497205,38.0837065395839));
#3360=CARTESIAN_POINT('Ctrl Pts',(-63.,37.5336616554135,34.4085566884581));
#3361=CARTESIAN_POINT('Ctrl Pts',(-63.,39.8913114450193,31.3275091636519));
#3362=CARTESIAN_POINT('Ctrl Pts',(-63.,41.5048502501731,28.94225105351));
#3363=CARTESIAN_POINT('Ctrl Pts',(-63.,42.5128915923831,27.319511436658));
#3364=CARTESIAN_POINT('Ctrl Pts',(-63.,43.,26.5));
#3365=CARTESIAN_POINT('',(-63.,0.,58.5));
#3366=CARTESIAN_POINT('Ctrl Pts',(61.,20.9865925595746,48.359235311974));
#3367=CARTESIAN_POINT('Ctrl Pts',(61.,20.0207944580705,48.9545560452256));
#3368=CARTESIAN_POINT('Ctrl Pts',(61.,19.0316129485044,49.5386199165345));
#3369=CARTESIAN_POINT('Ctrl Pts',(61.,18.0202851558479,50.1120224825866));
#3370=CARTESIAN_POINT('Ctrl Pts',(61.,17.1362891505651,50.6132304801216));
#3371=CARTESIAN_POINT('Ctrl Pts',(61.,16.2353775192221,51.1062952306702));
#3372=CARTESIAN_POINT('Ctrl Pts',(61.,15.3183729593727,51.5916127839766));
#3373=CARTESIAN_POINT('Ctrl Pts',(61.,14.531700006621,52.0079533447524));
#3374=CARTESIAN_POINT('Ctrl Pts',(61.,13.7331847410909,52.4185929709307));
#3375=CARTESIAN_POINT('Ctrl Pts',(61.,12.9233097382468,52.823763976183));
#3376=CARTESIAN_POINT('Ctrl Pts',(61.,12.1989975790605,53.1861288900566));
#3377=CARTESIAN_POINT('Ctrl Pts',(61.,11.4655995492909,53.5441198311323));
#3378=CARTESIAN_POINT('Ctrl Pts',(61.,10.7234198562424,53.8978832459681));
#3379=CARTESIAN_POINT('Ctrl Pts',(61.,10.6357463245518,53.9396732440671));
#3380=CARTESIAN_POINT('Ctrl Pts',(61.,10.547950193291,53.9814042222648));
#3381=CARTESIAN_POINT('Ctrl Pts',(61.,10.4600319189327,54.0230764003089));
#3382=CARTESIAN_POINT('Ctrl Pts',(59.,10.4600319189326,54.0230764003089));
#3383=CARTESIAN_POINT('Ctrl Pts',(59.,11.2079748977166,53.6685606502426));
#3384=CARTESIAN_POINT('Ctrl Pts',(59.,11.9470820554464,53.3097913021767));
#3385=CARTESIAN_POINT('Ctrl Pts',(59.,12.6770501605624,52.9466223792803));
#3386=CARTESIAN_POINT('Ctrl Pts',(59.,13.4745487108404,52.5498561541726));
#3387=CARTESIAN_POINT('Ctrl Pts',(59.,14.2611384971982,52.1478384084528));
#3388=CARTESIAN_POINT('Ctrl Pts',(59.,15.0363678049065,51.7403516849254));
#3389=CARTESIAN_POINT('Ctrl Pts',(59.,16.0284210652506,51.2188949641811));
#3390=CARTESIAN_POINT('Ctrl Pts',(59.,17.0018694053405,50.6884817637739));
#3391=CARTESIAN_POINT('Ctrl Pts',(59.,17.9556856289423,50.1486175875139));
#3392=CARTESIAN_POINT('Ctrl Pts',(59.,18.989498551831,49.5634749277311));
#3393=CARTESIAN_POINT('Ctrl Pts',(59.,20.000240273738,48.9672257036865));
#3394=CARTESIAN_POINT('Ctrl Pts',(59.,20.9865925595747,48.3592353119739));
#3395=CARTESIAN_POINT('Ctrl Pts',(-59.,20.9865925595746,48.359235311974));
#3396=CARTESIAN_POINT('Ctrl Pts',(-59.,20.0207944580676,48.9545560452274));
#3397=CARTESIAN_POINT('Ctrl Pts',(-59.,19.0316129484983,49.5386199165381));
#3398=CARTESIAN_POINT('Ctrl Pts',(-59.,18.0202851558385,50.1120224825919));
#3399=CARTESIAN_POINT('Ctrl Pts',(-59.,17.1362891505525,50.6132304801286));
#3400=CARTESIAN_POINT('Ctrl Pts',(-59.,16.2353775192062,51.1062952306789));
#3401=CARTESIAN_POINT('Ctrl Pts',(-59.,15.3183729593532,51.5916127839868));
#3402=CARTESIAN_POINT('Ctrl Pts',(-59.,14.5317000066046,52.0079533447609));
#3403=CARTESIAN_POINT('Ctrl Pts',(-59.,13.7331847410777,52.4185929709375));
#3404=CARTESIAN_POINT('Ctrl Pts',(-59.,12.9233097382368,52.823763976188));
#3405=CARTESIAN_POINT('Ctrl Pts',(-59.,12.1989975790467,53.1861288900634));
#3406=CARTESIAN_POINT('Ctrl Pts',(-59.,11.4655995492733,53.5441198311408));
#3407=CARTESIAN_POINT('Ctrl Pts',(-59.,10.7234198562209,53.8978832459784));
#3408=CARTESIAN_POINT('Ctrl Pts',(-59.,10.6357463245374,53.9396732440739));
#3409=CARTESIAN_POINT('Ctrl Pts',(-59.,10.5479501932838,53.9814042222682));
#3410=CARTESIAN_POINT('Ctrl Pts',(-59.,10.4600319189327,54.0230764003089));
#3411=CARTESIAN_POINT('Ctrl Pts',(-61.,10.4600319189326,54.0230764003089));
#3412=CARTESIAN_POINT('Ctrl Pts',(-61.,11.2079748964832,53.6685606508273));
#3413=CARTESIAN_POINT('Ctrl Pts',(-61.,11.9470820530087,53.30979130336));
#3414=CARTESIAN_POINT('Ctrl Pts',(-61.,12.6770501569511,52.946622381077));
#3415=CARTESIAN_POINT('Ctrl Pts',(-61.,13.474548706753,52.5498561562384));
#3416=CARTESIAN_POINT('Ctrl Pts',(-61.,14.2611384926492,52.1478384107948));
#3417=CARTESIAN_POINT('Ctrl Pts',(-61.,15.0363677999113,51.740351687551));
#3418=CARTESIAN_POINT('Ctrl Pts',(-61.,16.0284210083183,51.2188949941695));
#3419=CARTESIAN_POINT('Ctrl Pts',(-61.,17.0018692984226,50.6884818220647));
#3420=CARTESIAN_POINT('Ctrl Pts',(-61.,17.9556854741534,50.1486176751251));
#3421=CARTESIAN_POINT('Ctrl Pts',(-61.,18.9894983282793,49.5634750566741));
#3422=CARTESIAN_POINT('Ctrl Pts',(-61.,20.0002399846631,48.9672258755209));
#3423=CARTESIAN_POINT('Ctrl Pts',(-61.,20.9865922084832,48.3592355283877));
#3424=CARTESIAN_POINT('Ctrl Pts',(-43.,20.9865925595746,48.359235311974));
#3425=CARTESIAN_POINT('Ctrl Pts',(-43.,20.0207944580707,48.9545560452255));
#3426=CARTESIAN_POINT('Ctrl Pts',(-43.,19.0316129485047,49.5386199165343));
#3427=CARTESIAN_POINT('Ctrl Pts',(-43.,18.0202851558483,50.1120224825863));
#3428=CARTESIAN_POINT('Ctrl Pts',(-43.,17.1362891505635,50.6132304801226));
#3429=CARTESIAN_POINT('Ctrl Pts',(-43.,16.2353775192183,51.1062952306723));
#3430=CARTESIAN_POINT('Ctrl Pts',(-43.,15.3183729593665,51.5916127839798));
#3431=CARTESIAN_POINT('Ctrl Pts',(-43.,14.5317000066158,52.0079533447551));
#3432=CARTESIAN_POINT('Ctrl Pts',(-43.,13.7331847410867,52.4185929709329));
#3433=CARTESIAN_POINT('Ctrl Pts',(-43.,12.9233097382436,52.8237639761846));
#3434=CARTESIAN_POINT('Ctrl Pts',(-43.,12.1989975790551,53.1861288900593));
#3435=CARTESIAN_POINT('Ctrl Pts',(-43.,11.4655995492832,53.544119831136));
#3436=CARTESIAN_POINT('Ctrl Pts',(-43.,10.7234198562323,53.8978832459729));
#3437=CARTESIAN_POINT('Ctrl Pts',(-43.,10.635746324545,53.9396732440703));
#3438=CARTESIAN_POINT('Ctrl Pts',(-43.,10.5479501932877,53.9814042222664));
#3439=CARTESIAN_POINT('Ctrl Pts',(-43.,10.4600319189327,54.0230764003089));
#3440=CARTESIAN_POINT('Ctrl Pts',(-45.,10.4600319189327,54.0230764003089));
#3441=CARTESIAN_POINT('Ctrl Pts',(-45.,11.2079748977156,53.6685606502431));
#3442=CARTESIAN_POINT('Ctrl Pts',(-45.,11.9470820554443,53.3097913021777));
#3443=CARTESIAN_POINT('Ctrl Pts',(-45.,12.6770501605593,52.9466223792818));
#3444=CARTESIAN_POINT('Ctrl Pts',(-45.,13.4745487108399,52.5498561541729));
#3445=CARTESIAN_POINT('Ctrl Pts',(-45.,14.2611384972001,52.1478384084519));
#3446=CARTESIAN_POINT('Ctrl Pts',(-45.,15.0363678049107,51.7403516849231));
#3447=CARTESIAN_POINT('Ctrl Pts',(-45.,16.028421065268,51.2188949641719));
#3448=CARTESIAN_POINT('Ctrl Pts',(-45.,17.0018694053705,50.6884817637575));
#3449=CARTESIAN_POINT('Ctrl Pts',(-45.,17.9556856289845,50.14861758749));
#3450=CARTESIAN_POINT('Ctrl Pts',(-45.,18.9894985518585,49.5634749277149));
#3451=CARTESIAN_POINT('Ctrl Pts',(-45.,20.0002402737514,48.9672257036782));
#3452=CARTESIAN_POINT('Ctrl Pts',(-45.,20.9865925595747,48.3592353119739));
#3453=CARTESIAN_POINT('Ctrl Pts',(45.,20.9865925595746,48.359235311974));
#3454=CARTESIAN_POINT('Ctrl Pts',(45.,20.0207944580742,48.9545560452233));
#3455=CARTESIAN_POINT('Ctrl Pts',(45.,19.0316129485119,49.5386199165301));
#3456=CARTESIAN_POINT('Ctrl Pts',(45.,18.0202851558593,50.1120224825801));
#3457=CARTESIAN_POINT('Ctrl Pts',(45.,17.1362891505712,50.6132304801183));
#3458=CARTESIAN_POINT('Ctrl Pts',(45.,16.2353775192227,51.10629523067));
#3459=CARTESIAN_POINT('Ctrl Pts',(45.,15.3183729593674,51.5916127839793));
#3460=CARTESIAN_POINT('Ctrl Pts',(45.,14.5317000066166,52.0079533447547));
#3461=CARTESIAN_POINT('Ctrl Pts',(45.,13.7331847410874,52.4185929709325));
#3462=CARTESIAN_POINT('Ctrl Pts',(45.,12.9233097382441,52.8237639761844));
#3463=CARTESIAN_POINT('Ctrl Pts',(45.,12.1989975790548,53.1861288900594));
#3464=CARTESIAN_POINT('Ctrl Pts',(45.,11.4655995492821,53.5441198311366));
#3465=CARTESIAN_POINT('Ctrl Pts',(45.,10.7234198562304,53.8978832459739));
#3466=CARTESIAN_POINT('Ctrl Pts',(45.,10.6357463245437,53.9396732440709));
#3467=CARTESIAN_POINT('Ctrl Pts',(45.,10.547950193287,53.9814042222667));
#3468=CARTESIAN_POINT('Ctrl Pts',(45.,10.4600319189327,54.0230764003089));
#3469=CARTESIAN_POINT('Ctrl Pts',(43.,10.4600319189327,54.0230764003089));
#3470=CARTESIAN_POINT('Ctrl Pts',(43.,11.2079748977164,53.6685606502427));
#3471=CARTESIAN_POINT('Ctrl Pts',(43.,11.947082055446,53.3097913021769));
#3472=CARTESIAN_POINT('Ctrl Pts',(43.,12.6770501605619,52.9466223792806));
#3473=CARTESIAN_POINT('Ctrl Pts',(43.,13.4745487108412,52.5498561541722));
#3474=CARTESIAN_POINT('Ctrl Pts',(43.,14.2611384972001,52.1478384084519));
#3475=CARTESIAN_POINT('Ctrl Pts',(43.,15.0363678049095,51.7403516849238));
#3476=CARTESIAN_POINT('Ctrl Pts',(43.,16.0284210652567,51.2188949641778));
#3477=CARTESIAN_POINT('Ctrl Pts',(43.,17.0018694053495,50.6884817637689));
#3478=CARTESIAN_POINT('Ctrl Pts',(43.,17.9556856289542,50.1486175875071));
#3479=CARTESIAN_POINT('Ctrl Pts',(43.,18.9894985518388,49.5634749277266));
#3480=CARTESIAN_POINT('Ctrl Pts',(43.,20.0002402737418,48.9672257036842));
#3481=CARTESIAN_POINT('Ctrl Pts',(43.,20.9865925595747,48.3592353119739));
#3482=CARTESIAN_POINT('Ctrl Pts',(63.,40.0000000956811,25.6644944115552));
#3483=CARTESIAN_POINT('Ctrl Pts',(-88.2000000000001,40.0000000956811,25.6644944115552));
#3484=CARTESIAN_POINT('Ctrl Pts',(63.,39.8634652571068,25.8870074094402));
#3485=CARTESIAN_POINT('Ctrl Pts',(-88.2000000000001,39.8634652571068,25.8870074094402));
#3486=CARTESIAN_POINT('Ctrl Pts',(63.,39.7253236036488,26.1087666544477));
#3487=CARTESIAN_POINT('Ctrl Pts',(-88.2000000000001,39.7253236036488,26.1087666544477));
#3488=CARTESIAN_POINT('Ctrl Pts',(63.,39.5855744090382,26.3297652011633));
#3489=CARTESIAN_POINT('Ctrl Pts',(-88.2000000000001,39.5855744090382,26.3297652011633));
#3490=CARTESIAN_POINT('Ctrl Pts',(63.,35.8218957166555,32.2816243416672));
#3491=CARTESIAN_POINT('Ctrl Pts',(-88.2000000000001,35.8218957166555,32.2816243416672));
#3492=CARTESIAN_POINT('Ctrl Pts',(63.,30.9397796806298,37.6606899772788));
#3493=CARTESIAN_POINT('Ctrl Pts',(-88.2000000000001,30.9397796806298,37.6606899772788));
#3494=CARTESIAN_POINT('Ctrl Pts',(63.,24.5070204259351,42.3842821336294));
#3495=CARTESIAN_POINT('Ctrl Pts',(-88.2000000000001,24.5070204259351,42.3842821336294));
#3496=CARTESIAN_POINT('Ctrl Pts',(63.,17.8393470180385,47.2803723747904));
#3497=CARTESIAN_POINT('Ctrl Pts',(-88.2000000000001,17.8393470180385,47.2803723747904));
#3498=CARTESIAN_POINT('Ctrl Pts',(62.9999999999999,9.48937724262476,51.5295205806749));
#3499=CARTESIAN_POINT('Ctrl Pts',(-88.2000000000002,9.48937724262476,51.5295205806749));
#3500=CARTESIAN_POINT('Ctrl Pts',(63.,3.60822483003176E-15,55.2786840869089));
#3501=CARTESIAN_POINT('Ctrl Pts',(-88.2000000000001,3.60822483003176E-15,
55.2786840869089));
#3502=CARTESIAN_POINT('',(63.,1.85962356624714E-14,55.2786840869089));
#3503=CARTESIAN_POINT('Ctrl Pts',(63.,-5.37392352839561E-11,55.2786840869301));
#3504=CARTESIAN_POINT('Ctrl Pts',(62.9999999999999,9.48937724259324,51.5295205806909));
#3505=CARTESIAN_POINT('Ctrl Pts',(63.,17.839347018026,47.2803723747996));
#3506=CARTESIAN_POINT('Ctrl Pts',(63.,30.9397796806298,37.6606899772788));
#3507=CARTESIAN_POINT('Ctrl Pts',(63.,35.8218957166555,32.2816243416672));
#3508=CARTESIAN_POINT('Ctrl Pts',(63.,39.7253236036488,26.1087666544477));
#3509=CARTESIAN_POINT('Ctrl Pts',(63.,39.8634652571068,25.8870074094402));
#3510=CARTESIAN_POINT('Ctrl Pts',(63.,40.0000000956811,25.6644944115552));
#3511=CARTESIAN_POINT('',(-63.,1.85962356624714E-14,55.2786840869089));
#3512=CARTESIAN_POINT('',(63.,1.85962356624714E-14,55.2786840869089));
#3513=CARTESIAN_POINT('Ctrl Pts',(-63.,40.0000000956811,25.6644944115552));
#3514=CARTESIAN_POINT('Ctrl Pts',(-63.,39.8634652571068,25.8870074094402));
#3515=CARTESIAN_POINT('Ctrl Pts',(-63.,39.7253236036488,26.1087666544477));
#3516=CARTESIAN_POINT('Ctrl Pts',(-63.,35.8218957166555,32.2816243416672));
#3517=CARTESIAN_POINT('Ctrl Pts',(-63.,30.9397796806298,37.6606899772788));
#3518=CARTESIAN_POINT('Ctrl Pts',(-63.,17.839347018026,47.2803723747996));
#3519=CARTESIAN_POINT('Ctrl Pts',(-63.0000000000001,9.48937724259324,51.5295205806909));
#3520=CARTESIAN_POINT('Ctrl Pts',(-63.,-5.37392352839561E-11,55.2786840869301));
#3521=CARTESIAN_POINT('Origin',(-63.,0.,58.5));
#3522=CARTESIAN_POINT('',(-63.,-3.,-48.5));
#3523=CARTESIAN_POINT('',(-63.,43.,-48.5));
#3524=CARTESIAN_POINT('',(-63.,-3.,58.5));
#3525=CARTESIAN_POINT('',(-63.,-3.,-48.5));
#3526=CARTESIAN_POINT('',(-63.,0.,58.5));
#3527=CARTESIAN_POINT('',(-63.,0.,-48.5));
#3528=CARTESIAN_POINT('Origin',(63.,0.,58.5));
#3529=CARTESIAN_POINT('',(63.,-3.,58.5));
#3530=CARTESIAN_POINT('',(-63.,-3.,58.5));
#3531=CARTESIAN_POINT('',(63.,0.,58.5));
#3532=CARTESIAN_POINT('Origin',(63.,0.,-48.5));
#3533=CARTESIAN_POINT('',(63.,-3.,-48.5));
#3534=CARTESIAN_POINT('',(63.,0.,-48.5));
#3535=CARTESIAN_POINT('',(63.,-3.,58.5));
#3536=CARTESIAN_POINT('',(63.,0.,58.5));
#3537=CARTESIAN_POINT('Origin',(-63.,0.,-48.5));
#3538=CARTESIAN_POINT('',(63.,-3.,-48.5));
#3539=CARTESIAN_POINT('Origin',(-8.88178419700125E-15,-3.,4.99999999999999));
#3540=CARTESIAN_POINT('Origin',(-8.88178419700125E-15,0.,4.99999999999999));
#3541=CARTESIAN_POINT('Origin',(43.,22.818663392851,54.8971453270561));
#3542=CARTESIAN_POINT('',(43.,22.818663392851,54.8971453270561));
#3543=CARTESIAN_POINT('',(43.,22.818663392851,54.8971453270561));
#3544=CARTESIAN_POINT('',(45.,22.818663392851,54.8971453270561));
#3545=CARTESIAN_POINT('',(43.,22.818663392851,54.8971453270561));
#3546=CARTESIAN_POINT('',(45.,22.818663392851,54.8971453270561));
#3547=CARTESIAN_POINT('Origin',(43.,19.9012427227094,55.5961851209381));
#3548=CARTESIAN_POINT('',(45.,21.2512427227094,55.5961851209381));
#3549=CARTESIAN_POINT('Origin',(45.,19.9012427227094,55.5961851209381));
#3550=CARTESIAN_POINT('',(43.,21.2512427227094,55.5961851209381));
#3551=CARTESIAN_POINT('',(43.,21.2512427227094,55.5961851209381));
#3552=CARTESIAN_POINT('Origin',(43.,19.9012427227094,55.5961851209381));
#3553=CARTESIAN_POINT('Origin',(43.,19.9012427227094,55.5961851209381));
#3554=CARTESIAN_POINT('',(43.,18.8514108349586,58.4064970266634));
#3555=CARTESIAN_POINT('Origin',(43.,19.9012427227094,55.5961851209381));
#3556=CARTESIAN_POINT('',(45.,18.8514108349586,58.4064970266634));
#3557=CARTESIAN_POINT('',(43.,18.8514108349586,58.4064970266634));
#3558=CARTESIAN_POINT('Origin',(45.,19.9012427227094,55.5961851209381));
#3559=CARTESIAN_POINT('Origin',(43.,11.5705299090165,55.6866206487432));
#3560=CARTESIAN_POINT('',(43.,18.8514108349586,58.4064970266634));
#3561=CARTESIAN_POINT('',(45.,18.8514108349586,58.4064970266634));
#3562=CARTESIAN_POINT('Origin',(43.,17.2320516006122,53.6514649847338));
#3563=CARTESIAN_POINT('Origin',(45.,17.2320516006122,53.6514649847338));
#3564=CARTESIAN_POINT('Origin',(-43.,22.818663392851,54.8971453270562));
#3565=CARTESIAN_POINT('',(-45.,22.818663392851,54.8971453270562));
#3566=CARTESIAN_POINT('',(-45.,22.818663392851,54.8971453270562));
#3567=CARTESIAN_POINT('',(-43.,22.818663392851,54.8971453270562));
#3568=CARTESIAN_POINT('',(-43.,22.818663392851,54.8971453270562));
#3569=CARTESIAN_POINT('',(-43.,22.818663392851,54.8971453270562));
#3570=CARTESIAN_POINT('Origin',(-43.,19.9012427227094,55.5961851209382));
#3571=CARTESIAN_POINT('',(-43.,21.2512427227094,55.5961851209382));
#3572=CARTESIAN_POINT('Origin',(-43.,19.9012427227094,55.5961851209382));
#3573=CARTESIAN_POINT('',(-45.,21.2512427227094,55.5961851209382));
#3574=CARTESIAN_POINT('',(-43.,21.2512427227094,55.5961851209382));
#3575=CARTESIAN_POINT('Origin',(-45.,19.9012427227094,55.5961851209382));
#3576=CARTESIAN_POINT('Origin',(-43.,19.9012427227094,55.5961851209382));
#3577=CARTESIAN_POINT('',(-43.,18.8514108349586,58.4064970266635));
#3578=CARTESIAN_POINT('Origin',(-43.,19.9012427227094,55.5961851209382));
#3579=CARTESIAN_POINT('',(-45.,18.8514108349586,58.4064970266635));
#3580=CARTESIAN_POINT('Origin',(-45.,19.9012427227094,55.5961851209382));
#3581=CARTESIAN_POINT('',(-43.,18.8514108349586,58.4064970266635));
#3582=CARTESIAN_POINT('Origin',(-43.,11.5705299090165,55.6866206487433));
#3583=CARTESIAN_POINT('',(-43.,18.8514108349586,58.4064970266635));
#3584=CARTESIAN_POINT('',(-45.,18.8514108349586,58.4064970266635));
#3585=CARTESIAN_POINT('Origin',(-43.,17.2320516006122,53.6514649847338));
#3586=CARTESIAN_POINT('Origin',(-45.,17.2320516006122,53.6514649847338));
#3587=CARTESIAN_POINT('Origin',(-61.,22.818663392851,54.8971453270562));
#3588=CARTESIAN_POINT('',(-61.,22.818663392851,54.8971453270562));
#3589=CARTESIAN_POINT('',(-61.,22.818663392851,54.8971453270562));
#3590=CARTESIAN_POINT('',(-59.,22.818663392851,54.8971453270562));
#3591=CARTESIAN_POINT('',(-61.,22.818663392851,54.8971453270562));
#3592=CARTESIAN_POINT('',(-59.,22.818663392851,54.8971453270562));
#3593=CARTESIAN_POINT('Origin',(-61.,19.9012427227094,55.5961851209382));
#3594=CARTESIAN_POINT('',(-59.,21.2512427227094,55.5961851209382));
#3595=CARTESIAN_POINT('Origin',(-59.,19.9012427227094,55.5961851209382));
#3596=CARTESIAN_POINT('',(-61.,21.2512427227094,55.5961851209382));
#3597=CARTESIAN_POINT('',(-61.,21.2512427227094,55.5961851209382));
#3598=CARTESIAN_POINT('Origin',(-61.,19.9012427227094,55.5961851209382));
#3599=CARTESIAN_POINT('Origin',(-61.,19.9012427227094,55.5961851209382));
#3600=CARTESIAN_POINT('',(-61.,18.8514108349586,58.4064970266635));
#3601=CARTESIAN_POINT('Origin',(-61.,19.9012427227094,55.5961851209382));
#3602=CARTESIAN_POINT('',(-59.,18.8514108349586,58.4064970266635));
#3603=CARTESIAN_POINT('',(-61.,18.8514108349586,58.4064970266635));
#3604=CARTESIAN_POINT('Origin',(-59.,19.9012427227094,55.5961851209382));
#3605=CARTESIAN_POINT('Origin',(-61.,11.5705299090165,55.6866206487433));
#3606=CARTESIAN_POINT('',(-61.,18.8514108349586,58.4064970266635));
#3607=CARTESIAN_POINT('',(-59.,18.8514108349586,58.4064970266635));
#3608=CARTESIAN_POINT('Origin',(-61.,17.2320516006122,53.6514649847338));
#3609=CARTESIAN_POINT('Origin',(-59.,17.2320516006122,53.6514649847338));
#3610=CARTESIAN_POINT('Origin',(61.,22.818663392851,54.8971453270561));
#3611=CARTESIAN_POINT('',(59.,22.818663392851,54.8971453270561));
#3612=CARTESIAN_POINT('',(59.,22.818663392851,54.8971453270561));
#3613=CARTESIAN_POINT('',(61.,22.818663392851,54.8971453270561));
#3614=CARTESIAN_POINT('',(61.,22.818663392851,54.8971453270561));
#3615=CARTESIAN_POINT('',(61.,22.818663392851,54.8971453270561));
#3616=CARTESIAN_POINT('Origin',(61.,19.9012427227094,55.5961851209381));
#3617=CARTESIAN_POINT('',(61.,21.2512427227094,55.5961851209381));
#3618=CARTESIAN_POINT('Origin',(61.,19.9012427227094,55.5961851209381));
#3619=CARTESIAN_POINT('',(59.,21.2512427227094,55.5961851209381));
#3620=CARTESIAN_POINT('',(61.,21.2512427227094,55.5961851209381));
#3621=CARTESIAN_POINT('Origin',(59.,19.9012427227094,55.5961851209381));
#3622=CARTESIAN_POINT('Origin',(61.,19.9012427227094,55.5961851209381));
#3623=CARTESIAN_POINT('',(61.,18.8514108349586,58.4064970266634));
#3624=CARTESIAN_POINT('Origin',(61.,19.9012427227094,55.5961851209381));
#3625=CARTESIAN_POINT('',(59.,18.8514108349586,58.4064970266634));
#3626=CARTESIAN_POINT('Origin',(59.,19.9012427227094,55.5961851209381));
#3627=CARTESIAN_POINT('',(61.,18.8514108349586,58.4064970266634));
#3628=CARTESIAN_POINT('Origin',(61.,11.5705299090165,55.6866206487432));
#3629=CARTESIAN_POINT('',(61.,18.8514108349586,58.4064970266634));
#3630=CARTESIAN_POINT('',(59.,18.8514108349586,58.4064970266634));
#3631=CARTESIAN_POINT('Origin',(61.,17.2320516006122,53.6514649847338));
#3632=CARTESIAN_POINT('Origin',(59.,17.2320516006122,53.6514649847338));
#3633=CARTESIAN_POINT('Origin',(59.0000007003546,-7.99999999999999,-22.5));
#3634=CARTESIAN_POINT('',(59.0000007003546,-6.65,-22.5));
#3635=CARTESIAN_POINT('Origin',(59.0000007003546,-7.99999999999999,-22.5));
#3636=CARTESIAN_POINT('',(61.0000007003546,-6.65,-22.5));
#3637=CARTESIAN_POINT('',(59.0000007003546,-6.64999999999999,-22.5));
#3638=CARTESIAN_POINT('Origin',(61.0000007003546,-7.99999999999999,-22.5));
#3639=CARTESIAN_POINT('Origin',(59.0000007003546,-3.,-19.5));
#3640=CARTESIAN_POINT('',(59.0000007003546,-7.99999999999999,-19.5));
#3641=CARTESIAN_POINT('',(59.0000007003546,-7.99999999999999,-25.5));
#3642=CARTESIAN_POINT('Origin',(59.0000007003546,-7.99999999999999,-22.5));
#3643=CARTESIAN_POINT('',(59.0000007003546,-3.,-19.5));
#3644=CARTESIAN_POINT('',(59.0000007003546,-3.,-19.5));
#3645=CARTESIAN_POINT('',(59.0000007003546,-3.,-25.5));
#3646=CARTESIAN_POINT('',(59.0000007003546,-3.,-25.5));
#3647=CARTESIAN_POINT('',(59.0000007003546,-3.,-25.5));
#3648=CARTESIAN_POINT('Origin',(60.5000007003546,-7.99999999999999,-22.5));
#3649=CARTESIAN_POINT('',(61.0000007003546,-7.99999999999999,-25.5));
#3650=CARTESIAN_POINT('',(59.5000007003546,-7.99999999999999,-25.5));
#3651=CARTESIAN_POINT('',(61.0000007003546,-7.99999999999999,-19.5));
#3652=CARTESIAN_POINT('Origin',(61.0000007003546,-7.99999999999999,-22.5));
#3653=CARTESIAN_POINT('',(60.5000007003546,-7.99999999999999,-19.5));
#3654=CARTESIAN_POINT('Origin',(61.0000007003546,-3.,-19.5));
#3655=CARTESIAN_POINT('',(61.0000007003546,-3.,-19.5));
#3656=CARTESIAN_POINT('',(61.0000007003546,-3.,-19.5));
#3657=CARTESIAN_POINT('',(59.0000007003546,-3.,-19.5));
#3658=CARTESIAN_POINT('Origin',(61.0000007003546,-3.,-25.5));
#3659=CARTESIAN_POINT('',(61.0000007003546,-3.,-25.5));
#3660=CARTESIAN_POINT('',(61.0000007003546,-3.,-25.5));
#3661=CARTESIAN_POINT('',(61.0000007003546,-3.,-19.5));
#3662=CARTESIAN_POINT('Origin',(59.0000007003546,-3.,-25.5));
#3663=CARTESIAN_POINT('',(61.0000007003546,-3.,-25.5));
#3664=CARTESIAN_POINT('Origin',(60.0000007003546,-3.,-22.5));
#3665=CARTESIAN_POINT('Origin',(59.0000007003546,-7.99999999999999,-25.5));
#3666=CARTESIAN_POINT('',(59.0000007003546,-3.,-33.9999998360873));
#3667=CARTESIAN_POINT('',(59.0000007003546,-7.99999999999999,-25.5));
#3668=CARTESIAN_POINT('',(59.0000007003546,-3.,-33.9999998360873));
#3669=CARTESIAN_POINT('',(61.0000007003546,-3.,-33.9999998360873));
#3670=CARTESIAN_POINT('',(59.0000007003546,-3.,-33.9999998360873));
#3671=CARTESIAN_POINT('',(61.0000007003546,-7.99999999999999,-25.5));
#3672=CARTESIAN_POINT('',(61.0000007003546,-3.,-33.9999998360873));
#3673=CARTESIAN_POINT('',(59.0000007003546,-7.99999999999999,-25.5));
#3674=CARTESIAN_POINT('Origin',(59.0000007003546,-3.,-25.5));
#3675=CARTESIAN_POINT('',(59.0000007003546,-3.,-25.5));
#3676=CARTESIAN_POINT('',(59.0000007003546,-3.,-25.5));
#3677=CARTESIAN_POINT('',(61.0000007003546,-3.,-25.5));
#3678=CARTESIAN_POINT('',(61.0000007003546,-3.,-25.5));
#3679=CARTESIAN_POINT('',(59.0000007003546,-3.,-25.5));
#3680=CARTESIAN_POINT('Origin',(59.0000007003546,-3.,-33.9999998360873));
#3681=CARTESIAN_POINT('',(59.0000007003546,-3.,-25.5));
#3682=CARTESIAN_POINT('',(61.0000007003546,-3.,-25.5));
#3683=CARTESIAN_POINT('Origin',(59.0000007003546,-5.5,-29.7499999180436));
#3684=CARTESIAN_POINT('Origin',(61.0000007003546,-5.5,-29.7499999180436));
#3685=CARTESIAN_POINT('Origin',(59.0000007003546,-3.,-19.5));
#3686=CARTESIAN_POINT('',(59.0000007003546,-3.,-19.5));
#3687=CARTESIAN_POINT('',(59.0000007003546,-3.,-11.0000001639128));
#3688=CARTESIAN_POINT('',(59.0000007003546,-3.,-14.565668894361));
#3689=CARTESIAN_POINT('',(61.0000007003546,-3.,-11.0000001639128));
#3690=CARTESIAN_POINT('',(59.0000007003546,-3.,-11.0000001639128));
#3691=CARTESIAN_POINT('',(61.0000007003546,-3.,-19.5));
#3692=CARTESIAN_POINT('',(61.0000007003546,-3.,-14.565668894361));
#3693=CARTESIAN_POINT('',(59.0000007003546,-3.,-19.5));
#3694=CARTESIAN_POINT('Origin',(59.0000007003546,-7.99999999999999,-19.5));
#3695=CARTESIAN_POINT('',(59.0000007003546,-7.99999999999999,-19.5));
#3696=CARTESIAN_POINT('',(59.0000007003546,-7.99999999999999,-19.5));
#3697=CARTESIAN_POINT('',(61.0000007003546,-7.99999999999999,-19.5));
#3698=CARTESIAN_POINT('',(61.0000007003546,-7.99999999999999,-19.5));
#3699=CARTESIAN_POINT('',(59.0000007003546,-7.99999999999999,-19.5));
#3700=CARTESIAN_POINT('Origin',(59.0000007003546,-3.,-11.0000001639128));
#3701=CARTESIAN_POINT('',(59.0000007003546,-3.,-11.0000001639128));
#3702=CARTESIAN_POINT('',(61.0000007003546,-3.,-11.0000001639128));
#3703=CARTESIAN_POINT('Origin',(59.0000007003546,-5.5,-15.2500000819564));
#3704=CARTESIAN_POINT('Origin',(61.0000007003546,-5.5,-15.2500000819564));
#3705=CARTESIAN_POINT('Origin',(45.0000021010638,-8.00000000000001,-22.5));
#3706=CARTESIAN_POINT('',(43.0000021010637,-6.65,-22.5));
#3707=CARTESIAN_POINT('Origin',(43.0000021010637,-8.00000000000001,-22.5));
#3708=CARTESIAN_POINT('',(45.0000021010638,-6.65,-22.5));
#3709=CARTESIAN_POINT('',(45.0000021010638,-6.65,-22.5));
#3710=CARTESIAN_POINT('Origin',(45.0000021010638,-8.00000000000001,-22.5));
#3711=CARTESIAN_POINT('Origin',(45.0000021010638,-3.,-19.5));
#3712=CARTESIAN_POINT('',(45.0000021010638,-8.00000000000001,-19.5));
#3713=CARTESIAN_POINT('',(45.0000021010638,-8.00000000000001,-25.5));
#3714=CARTESIAN_POINT('Origin',(45.0000021010637,-8.00000000000001,-22.5));
#3715=CARTESIAN_POINT('',(45.0000021010638,-3.,-25.5));
#3716=CARTESIAN_POINT('',(45.0000021010638,-3.,-25.5));
#3717=CARTESIAN_POINT('',(45.0000021010638,-3.,-19.5));
#3718=CARTESIAN_POINT('',(45.0000021010638,-3.,-25.5));
#3719=CARTESIAN_POINT('',(45.0000021010638,-3.,-19.5));
#3720=CARTESIAN_POINT('Origin',(43.5000021010637,-8.00000000000001,-22.5));
#3721=CARTESIAN_POINT('',(43.0000021010637,-8.00000000000001,-19.5));
#3722=CARTESIAN_POINT('',(43.5000021010637,-8.00000000000001,-19.5));
#3723=CARTESIAN_POINT('',(43.0000021010637,-8.00000000000001,-25.5));
#3724=CARTESIAN_POINT('Origin',(43.0000021010637,-8.00000000000001,-22.5));
#3725=CARTESIAN_POINT('',(44.5000021010637,-8.00000000000001,-25.5));
#3726=CARTESIAN_POINT('Origin',(43.0000021010637,-3.,-19.5));
#3727=CARTESIAN_POINT('',(43.0000021010637,-3.,-19.5));
#3728=CARTESIAN_POINT('',(45.0000021010638,-3.,-19.5));
#3729=CARTESIAN_POINT('',(43.0000021010637,-3.,-19.5));
#3730=CARTESIAN_POINT('Origin',(43.0000021010637,-3.,-25.5));
#3731=CARTESIAN_POINT('',(43.0000021010637,-3.,-25.5));
#3732=CARTESIAN_POINT('',(43.0000021010637,-3.,-19.5));
#3733=CARTESIAN_POINT('',(43.0000021010637,-3.,-25.5));
#3734=CARTESIAN_POINT('Origin',(45.0000021010638,-3.,-25.5));
#3735=CARTESIAN_POINT('',(43.0000021010637,-3.,-25.5));
#3736=CARTESIAN_POINT('Origin',(44.0000021010637,-3.,-22.5));
#3737=CARTESIAN_POINT('Origin',(45.0000021010638,-8.00000000000001,-25.5));
#3738=CARTESIAN_POINT('',(45.0000021010638,-3.,-33.9999998360873));
#3739=CARTESIAN_POINT('',(45.0000021010638,-8.00000000000001,-25.5));
#3740=CARTESIAN_POINT('',(45.0000021010638,-3.,-33.9999998360873));
#3741=CARTESIAN_POINT('',(43.0000021010637,-8.00000000000001,-25.5));
#3742=CARTESIAN_POINT('',(45.0000021010638,-8.00000000000001,-25.5));
#3743=CARTESIAN_POINT('',(43.0000021010637,-3.,-33.9999998360873));
#3744=CARTESIAN_POINT('',(43.0000021010637,-3.,-33.9999998360873));
#3745=CARTESIAN_POINT('',(45.0000021010638,-3.,-33.9999998360873));
#3746=CARTESIAN_POINT('Origin',(45.0000021010638,-3.,-25.5));
#3747=CARTESIAN_POINT('',(45.0000021010638,-3.,-25.5));
#3748=CARTESIAN_POINT('',(45.0000021010638,-3.,-25.5));
#3749=CARTESIAN_POINT('',(43.0000021010637,-3.,-25.5));
#3750=CARTESIAN_POINT('',(45.0000021010638,-3.,-25.5));
#3751=CARTESIAN_POINT('',(43.0000021010637,-3.,-25.5));
#3752=CARTESIAN_POINT('Origin',(45.0000021010638,-3.,-33.9999998360873));
#3753=CARTESIAN_POINT('',(45.0000021010638,-3.,-25.5));
#3754=CARTESIAN_POINT('',(43.0000021010637,-3.,-25.5));
#3755=CARTESIAN_POINT('Origin',(45.0000021010638,-5.5,-29.7499999180436));
#3756=CARTESIAN_POINT('Origin',(43.0000021010637,-5.5,-29.7499999180436));
#3757=CARTESIAN_POINT('Origin',(45.0000021010638,-3.,-19.5));
#3758=CARTESIAN_POINT('',(45.0000021010638,-3.,-19.5));
#3759=CARTESIAN_POINT('',(45.0000021010638,-3.,-11.0000001639128));
#3760=CARTESIAN_POINT('',(45.0000021010638,-3.,-14.565668894361));
#3761=CARTESIAN_POINT('',(43.0000021010637,-3.,-19.5));
#3762=CARTESIAN_POINT('',(45.0000021010638,-3.,-19.5));
#3763=CARTESIAN_POINT('',(43.0000021010637,-3.,-11.0000001639128));
#3764=CARTESIAN_POINT('',(43.0000021010637,-3.,-14.565668894361));
#3765=CARTESIAN_POINT('',(45.0000021010638,-3.,-11.0000001639128));
#3766=CARTESIAN_POINT('Origin',(45.0000021010638,-8.00000000000001,-19.5));
#3767=CARTESIAN_POINT('',(45.0000021010638,-8.00000000000001,-19.5));
#3768=CARTESIAN_POINT('',(45.0000021010638,-8.00000000000001,-19.5));
#3769=CARTESIAN_POINT('',(43.0000021010637,-8.00000000000001,-19.5));
#3770=CARTESIAN_POINT('',(45.0000021010638,-8.00000000000001,-19.5));
#3771=CARTESIAN_POINT('',(43.0000021010637,-8.00000000000001,-19.5));
#3772=CARTESIAN_POINT('Origin',(45.0000021010638,-3.,-11.0000001639128));
#3773=CARTESIAN_POINT('',(45.0000021010638,-3.,-11.0000001639128));
#3774=CARTESIAN_POINT('',(43.0000021010637,-3.,-11.0000001639128));
#3775=CARTESIAN_POINT('Origin',(45.0000021010638,-5.5,-15.2500000819564));
#3776=CARTESIAN_POINT('Origin',(43.0000021010637,-5.5,-15.2500000819564));
#3777=CARTESIAN_POINT('Origin',(-58.9999878555536,-7.95424882173539,-22.5));
#3778=CARTESIAN_POINT('',(-60.9999878555536,-6.60424882173539,-22.5));
#3779=CARTESIAN_POINT('Origin',(-60.9999878555536,-7.95424882173539,-22.5));
#3780=CARTESIAN_POINT('',(-58.9999878555536,-6.60424882173539,-22.5));
#3781=CARTESIAN_POINT('',(-58.9999878555536,-6.60424882173539,-22.5));
#3782=CARTESIAN_POINT('Origin',(-58.9999878555536,-7.95424882173539,-22.5));
#3783=CARTESIAN_POINT('Origin',(-58.9999878555536,-2.95424882173539,-19.5));
#3784=CARTESIAN_POINT('',(-58.9999878555536,-7.95424882173539,-19.5));
#3785=CARTESIAN_POINT('',(-58.9999878555536,-7.95424882173539,-25.5));
#3786=CARTESIAN_POINT('Origin',(-58.9999878555536,-7.95424882173539,-22.5));
#3787=CARTESIAN_POINT('',(-58.9999878555536,-2.95424882173539,-25.5));
#3788=CARTESIAN_POINT('',(-58.9999878555536,-2.95424882173539,-25.5));
#3789=CARTESIAN_POINT('',(-58.9999878555536,-2.95424882173539,-19.5));
#3790=CARTESIAN_POINT('',(-58.9999878555536,-2.95424882173539,-25.5));
#3791=CARTESIAN_POINT('',(-58.9999878555536,-2.95424882173539,-19.5));
#3792=CARTESIAN_POINT('Origin',(-60.4999878555536,-7.95424882173539,-22.5));
#3793=CARTESIAN_POINT('',(-60.9999878555536,-7.95424882173539,-19.5));
#3794=CARTESIAN_POINT('',(-60.4999878555536,-7.95424882173539,-19.5));
#3795=CARTESIAN_POINT('',(-60.9999878555536,-7.95424882173539,-25.5));
#3796=CARTESIAN_POINT('Origin',(-60.9999878555536,-7.95424882173539,-22.5));
#3797=CARTESIAN_POINT('',(-59.4999878555536,-7.95424882173539,-25.5));
#3798=CARTESIAN_POINT('Origin',(-60.9999878555536,-2.95424882173539,-19.5));
#3799=CARTESIAN_POINT('',(-60.9999878555536,-2.95424882173539,-19.5));
#3800=CARTESIAN_POINT('',(-58.9999878555536,-2.95424882173539,-19.5));
#3801=CARTESIAN_POINT('',(-60.9999878555536,-2.95424882173539,-19.5));
#3802=CARTESIAN_POINT('Origin',(-60.9999878555536,-2.95424882173539,-25.5));
#3803=CARTESIAN_POINT('',(-60.9999878555536,-2.95424882173539,-25.5));
#3804=CARTESIAN_POINT('',(-60.9999878555536,-2.95424882173539,-19.5));
#3805=CARTESIAN_POINT('',(-60.9999878555536,-2.95424882173539,-25.5));
#3806=CARTESIAN_POINT('Origin',(-58.9999878555536,-2.95424882173539,-25.5));
#3807=CARTESIAN_POINT('',(-60.9999878555536,-2.95424882173539,-25.5));
#3808=CARTESIAN_POINT('Origin',(-59.9999878555536,-2.95424882173539,-22.5));
#3809=CARTESIAN_POINT('Origin',(-58.9999878555536,-2.95424882173539,-19.5));
#3810=CARTESIAN_POINT('',(-58.9999878555536,-2.95424882173539,-19.5));
#3811=CARTESIAN_POINT('',(-58.9999878555536,-2.95424882173539,-11.0000001639128));
#3812=CARTESIAN_POINT('',(-58.9999878555536,-2.95424882173539,-14.565668894361));
#3813=CARTESIAN_POINT('',(-60.9999878555536,-2.95424882173539,-19.5));
#3814=CARTESIAN_POINT('',(-58.9999878555536,-2.95424882173539,-19.5));
#3815=CARTESIAN_POINT('',(-60.9999878555536,-2.95424882173539,-11.0000001639128));
#3816=CARTESIAN_POINT('',(-60.9999878555536,-2.95424882173539,-14.565668894361));
#3817=CARTESIAN_POINT('',(-58.9999878555536,-2.95424882173539,-11.0000001639128));
#3818=CARTESIAN_POINT('Origin',(-58.9999878555536,-7.95424882173539,-19.5));
#3819=CARTESIAN_POINT('',(-58.9999878555536,-7.95424882173539,-19.5));
#3820=CARTESIAN_POINT('',(-58.9999878555536,-7.95424882173539,-19.5));
#3821=CARTESIAN_POINT('',(-60.9999878555536,-7.95424882173539,-19.5));
#3822=CARTESIAN_POINT('',(-58.9999878555536,-7.95424882173539,-19.5));
#3823=CARTESIAN_POINT('',(-60.9999878555536,-7.95424882173539,-19.5));
#3824=CARTESIAN_POINT('Origin',(-58.9999878555536,-2.95424882173539,-11.0000001639128));
#3825=CARTESIAN_POINT('',(-58.9999878555536,-2.95424882173539,-11.0000001639128));
#3826=CARTESIAN_POINT('',(-60.9999878555536,-2.95424882173539,-11.0000001639128));
#3827=CARTESIAN_POINT('Origin',(-58.9999878555536,-5.45424882173539,-15.2500000819564));
#3828=CARTESIAN_POINT('Origin',(-60.9999878555536,-5.45424882173539,-15.2500000819564));
#3829=CARTESIAN_POINT('Origin',(-58.9999878555536,-7.95424882173539,-25.5));
#3830=CARTESIAN_POINT('',(-58.9999878555536,-2.95424882173539,-33.9999998360873));
#3831=CARTESIAN_POINT('',(-58.9999878555536,-7.95424882173539,-25.5));
#3832=CARTESIAN_POINT('',(-58.9999878555536,-2.95424882173539,-33.9999998360873));
#3833=CARTESIAN_POINT('',(-60.9999878555536,-7.95424882173539,-25.5));
#3834=CARTESIAN_POINT('',(-58.9999878555536,-7.95424882173539,-25.5));
#3835=CARTESIAN_POINT('',(-60.9999878555536,-2.95424882173539,-33.9999998360873));
#3836=CARTESIAN_POINT('',(-60.9999878555536,-2.95424882173539,-33.9999998360873));
#3837=CARTESIAN_POINT('',(-58.9999878555536,-2.95424882173539,-33.9999998360873));
#3838=CARTESIAN_POINT('Origin',(-58.9999878555536,-2.95424882173539,-25.5));
#3839=CARTESIAN_POINT('',(-58.9999878555536,-2.95424882173539,-25.5));
#3840=CARTESIAN_POINT('',(-58.9999878555536,-2.95424882173539,-25.5));
#3841=CARTESIAN_POINT('',(-60.9999878555536,-2.95424882173539,-25.5));
#3842=CARTESIAN_POINT('',(-58.9999878555536,-2.95424882173539,-25.5));
#3843=CARTESIAN_POINT('',(-60.9999878555536,-2.95424882173539,-25.5));
#3844=CARTESIAN_POINT('Origin',(-58.9999878555536,-2.95424882173539,-33.9999998360873));
#3845=CARTESIAN_POINT('',(-58.9999878555536,-2.95424882173539,-25.5));
#3846=CARTESIAN_POINT('',(-60.9999878555536,-2.95424882173539,-25.5));
#3847=CARTESIAN_POINT('Origin',(-58.9999878555536,-5.45424882173539,-29.7499999180436));
#3848=CARTESIAN_POINT('Origin',(-60.9999878555536,-5.45424882173539,-29.7499999180436));
#3849=CARTESIAN_POINT('Origin',(-44.9999892562628,-7.9542488217354,-22.5));
#3850=CARTESIAN_POINT('',(-44.9999892562628,-6.60424882173539,-22.5));
#3851=CARTESIAN_POINT('Origin',(-44.9999892562628,-7.9542488217354,-22.5));
#3852=CARTESIAN_POINT('',(-42.9999892562627,-6.60424882173539,-22.5));
#3853=CARTESIAN_POINT('',(-44.9999892562628,-6.6042488217354,-22.5));
#3854=CARTESIAN_POINT('Origin',(-42.9999892562627,-7.9542488217354,-22.5));
#3855=CARTESIAN_POINT('Origin',(-44.9999892562628,-2.9542488217354,-19.5));
#3856=CARTESIAN_POINT('',(-44.9999892562628,-7.9542488217354,-19.5));
#3857=CARTESIAN_POINT('',(-44.9999892562628,-7.9542488217354,-25.5));
#3858=CARTESIAN_POINT('Origin',(-44.9999892562627,-7.9542488217354,-22.5));
#3859=CARTESIAN_POINT('',(-44.9999892562628,-2.9542488217354,-19.5));
#3860=CARTESIAN_POINT('',(-44.9999892562628,-2.9542488217354,-19.5));
#3861=CARTESIAN_POINT('',(-44.9999892562628,-2.9542488217354,-25.5));
#3862=CARTESIAN_POINT('',(-44.9999892562628,-2.9542488217354,-25.5));
#3863=CARTESIAN_POINT('',(-44.9999892562628,-2.9542488217354,-25.5));
#3864=CARTESIAN_POINT('Origin',(-43.4999892562627,-7.9542488217354,-22.5));
#3865=CARTESIAN_POINT('',(-42.9999892562627,-7.9542488217354,-25.5));
#3866=CARTESIAN_POINT('',(-44.4999892562627,-7.9542488217354,-25.5));
#3867=CARTESIAN_POINT('',(-42.9999892562627,-7.9542488217354,-19.5));
#3868=CARTESIAN_POINT('Origin',(-42.9999892562627,-7.9542488217354,-22.5));
#3869=CARTESIAN_POINT('',(-43.4999892562627,-7.9542488217354,-19.5));
#3870=CARTESIAN_POINT('Origin',(-42.9999892562627,-2.9542488217354,-19.5));
#3871=CARTESIAN_POINT('',(-42.9999892562627,-2.9542488217354,-19.5));
#3872=CARTESIAN_POINT('',(-42.9999892562627,-2.9542488217354,-19.5));
#3873=CARTESIAN_POINT('',(-44.9999892562628,-2.9542488217354,-19.5));
#3874=CARTESIAN_POINT('Origin',(-42.9999892562627,-2.9542488217354,-25.5));
#3875=CARTESIAN_POINT('',(-42.9999892562627,-2.9542488217354,-25.5));
#3876=CARTESIAN_POINT('',(-42.9999892562627,-2.9542488217354,-25.5));
#3877=CARTESIAN_POINT('',(-42.9999892562627,-2.9542488217354,-19.5));
#3878=CARTESIAN_POINT('Origin',(-44.9999892562628,-2.9542488217354,-25.5));
#3879=CARTESIAN_POINT('',(-42.9999892562627,-2.9542488217354,-25.5));
#3880=CARTESIAN_POINT('Origin',(-43.9999892562627,-2.9542488217354,-22.5));
#3881=CARTESIAN_POINT('Origin',(-44.9999892562628,-7.9542488217354,-25.5));
#3882=CARTESIAN_POINT('',(-44.9999892562628,-2.9542488217354,-33.9999998360873));
#3883=CARTESIAN_POINT('',(-44.9999892562628,-7.9542488217354,-25.5));
#3884=CARTESIAN_POINT('',(-44.9999892562628,-2.9542488217354,-33.9999998360873));
#3885=CARTESIAN_POINT('',(-42.9999892562627,-2.9542488217354,-33.9999998360873));
#3886=CARTESIAN_POINT('',(-44.9999892562628,-2.9542488217354,-33.9999998360873));
#3887=CARTESIAN_POINT('',(-42.9999892562627,-7.9542488217354,-25.5));
#3888=CARTESIAN_POINT('',(-42.9999892562627,-2.9542488217354,-33.9999998360873));
#3889=CARTESIAN_POINT('',(-44.9999892562628,-7.9542488217354,-25.5));
#3890=CARTESIAN_POINT('Origin',(-44.9999892562628,-2.9542488217354,-25.5));
#3891=CARTESIAN_POINT('',(-44.9999892562628,-2.9542488217354,-25.5));
#3892=CARTESIAN_POINT('',(-44.9999892562628,-2.9542488217354,-25.5));
#3893=CARTESIAN_POINT('',(-42.9999892562627,-2.9542488217354,-25.5));
#3894=CARTESIAN_POINT('',(-42.9999892562627,-2.9542488217354,-25.5));
#3895=CARTESIAN_POINT('',(-44.9999892562628,-2.9542488217354,-25.5));
#3896=CARTESIAN_POINT('Origin',(-44.9999892562628,-2.9542488217354,-33.9999998360873));
#3897=CARTESIAN_POINT('',(-44.9999892562628,-2.9542488217354,-25.5));
#3898=CARTESIAN_POINT('',(-42.9999892562627,-2.9542488217354,-25.5));
#3899=CARTESIAN_POINT('Origin',(-44.9999892562628,-5.4542488217354,-29.7499999180436));
#3900=CARTESIAN_POINT('Origin',(-42.9999892562627,-5.4542488217354,-29.7499999180436));
#3901=CARTESIAN_POINT('Origin',(-44.9999892562628,-2.9542488217354,-19.5));
#3902=CARTESIAN_POINT('',(-44.9999892562628,-2.9542488217354,-19.5));
#3903=CARTESIAN_POINT('',(-44.9999892562628,-2.9542488217354,-11.0000001639128));
#3904=CARTESIAN_POINT('',(-44.9999892562628,-2.9542488217354,-14.565668894361));
#3905=CARTESIAN_POINT('',(-42.9999892562627,-2.9542488217354,-11.0000001639128));
#3906=CARTESIAN_POINT('',(-44.9999892562628,-2.9542488217354,-11.0000001639128));
#3907=CARTESIAN_POINT('',(-42.9999892562627,-2.9542488217354,-19.5));
#3908=CARTESIAN_POINT('',(-42.9999892562627,-2.9542488217354,-14.565668894361));
#3909=CARTESIAN_POINT('',(-44.9999892562628,-2.9542488217354,-19.5));
#3910=CARTESIAN_POINT('Origin',(-44.9999892562628,-7.9542488217354,-19.5));
#3911=CARTESIAN_POINT('',(-44.9999892562628,-7.9542488217354,-19.5));
#3912=CARTESIAN_POINT('',(-44.9999892562628,-7.9542488217354,-19.5));
#3913=CARTESIAN_POINT('',(-42.9999892562627,-7.9542488217354,-19.5));
#3914=CARTESIAN_POINT('',(-42.9999892562627,-7.9542488217354,-19.5));
#3915=CARTESIAN_POINT('',(-44.9999892562628,-7.9542488217354,-19.5));
#3916=CARTESIAN_POINT('Origin',(-44.9999892562628,-2.9542488217354,-11.0000001639128));
#3917=CARTESIAN_POINT('',(-44.9999892562628,-2.9542488217354,-11.0000001639128));
#3918=CARTESIAN_POINT('',(-42.9999892562627,-2.9542488217354,-11.0000001639128));
#3919=CARTESIAN_POINT('Origin',(-44.9999892562628,-5.4542488217354,-15.2500000819564));
#3920=CARTESIAN_POINT('Origin',(-42.9999892562627,-5.4542488217354,-15.2500000819564));
#3921=UNCERTAINTY_MEASURE_WITH_UNIT(LENGTH_MEASURE(0.01),#3925,
'DISTANCE_ACCURACY_VALUE',
'Maximum model space distance between geometric entities at asserted c
onnectivities');
#3922=UNCERTAINTY_MEASURE_WITH_UNIT(LENGTH_MEASURE(0.01),#3925,
'DISTANCE_ACCURACY_VALUE',
'Maximum model space distance between geometric entities at asserted c
onnectivities');
#3923=(
GEOMETRIC_REPRESENTATION_CONTEXT(3)
GLOBAL_UNCERTAINTY_ASSIGNED_CONTEXT((#3921))
GLOBAL_UNIT_ASSIGNED_CONTEXT((#3925,#3926,#3927))
REPRESENTATION_CONTEXT('','3D')
);
#3924=(
GEOMETRIC_REPRESENTATION_CONTEXT(3)
GLOBAL_UNCERTAINTY_ASSIGNED_CONTEXT((#3922))
GLOBAL_UNIT_ASSIGNED_CONTEXT((#3925,#3926,#3927))
REPRESENTATION_CONTEXT('','3D')
);
#3925=(
LENGTH_UNIT()
NAMED_UNIT(*)
SI_UNIT(.MILLI.,.METRE.)
);
#3926=(
NAMED_UNIT(*)
PLANE_ANGLE_UNIT()
SI_UNIT($,.RADIAN.)
);
#3927=(
NAMED_UNIT(*)
SI_UNIT($,.STERADIAN.)
SOLID_ANGLE_UNIT()
);
#3928=SHAPE_DEFINITION_REPRESENTATION(#3929,#3930);
#3929=PRODUCT_DEFINITION_SHAPE('',$,#3932);
#3930=SHAPE_REPRESENTATION('',(#2185),#3923);
#3931=PRODUCT_DEFINITION_CONTEXT('part definition',#3936,'design');
#3932=PRODUCT_DEFINITION('Base Hold','(Unsaved)',#3933,#3931);
#3933=PRODUCT_DEFINITION_FORMATION('',$,#3938);
#3934=PRODUCT_RELATED_PRODUCT_CATEGORY('(Unsaved)','(Unsaved)',(#3938));
#3935=APPLICATION_PROTOCOL_DEFINITION('international standard',
'automotive_design',2009,#3936);
#3936=APPLICATION_CONTEXT(
'Core Data for Automotive Mechanical Design Process');
#3937=PRODUCT_CONTEXT('part definition',#3936,'mechanical');
#3938=PRODUCT('Base Hold','(Unsaved)','STEP AP203',(#3937));
#3939=PRESENTATION_STYLE_ASSIGNMENT((#3941));
#3940=PRESENTATION_STYLE_ASSIGNMENT((#3942));
#3941=SURFACE_STYLE_USAGE(.BOTH.,#3943);
#3942=SURFACE_STYLE_USAGE(.BOTH.,#3944);
#3943=SURFACE_SIDE_STYLE('',(#3945));
#3944=SURFACE_SIDE_STYLE('',(#3946));
#3945=SURFACE_STYLE_FILL_AREA(#3947);
#3946=SURFACE_STYLE_FILL_AREA(#3948);
#3947=FILL_AREA_STYLE('Steel - Satin',(#3949));
#3948=FILL_AREA_STYLE('Opaque(160,160,160)',(#3950));
#3949=FILL_AREA_STYLE_COLOUR('Steel - Satin',#3951);
#3950=FILL_AREA_STYLE_COLOUR('Opaque(160,160,160)',#3952);
#3951=COLOUR_RGB('Steel - Satin',0.627450980392157,0.627450980392157,0.627450980392157);
#3952=COLOUR_RGB('Opaque(160,160,160)',0.627450980392157,0.627450980392157,
0.627450980392157);
ENDSEC;
END-ISO-10303-21;
