ISO-10303-21;
HEADER;
FILE_DESCRIPTION (( 'STEP AP203' ),
    '1' );
FILE_NAME ('Upper Main Body Cutted.STEP',
    '2026-03-01T13:10:08',
    ( '' ),
    ( '' ),
    'SwSTEP 2.0',
    'SolidWorks 2025',
    '' );
FILE_SCHEMA (( 'CONFIG_CONTROL_DESIGN' ));
ENDSEC;

DATA;
#1 = CYLINDRICAL_SURFACE ( 'NONE', #997, 1.000000000000000888 ) ;
#2 = LINE ( 'NONE', #736, #92 ) ;
#3 = ORIENTED_EDGE ( 'NONE', *, *, #1349, .T. ) ;
#4 = DIRECTION ( 'NONE',  ( 0.000000000000000000, 0.000000000000000000, 1.000000000000000000 ) ) ;
#5 = EDGE_LOOP ( 'NONE', ( #787, #560, #86, #663 ) ) ;
#6 = FACE_OUTER_BOUND ( 'NONE', #5, .T. ) ;
#7 = ORIENTED_EDGE ( 'NONE', *, *, #250, .T. ) ;
#8 = AXIS2_PLACEMENT_3D ( 'NONE', #41, #30, #411 ) ;
#9 = DIRECTION ( 'NONE',  ( 3.518789788921131289E-17, -1.000000000000000000, 0.000000000000000000 ) ) ;
#10 = DIRECTION ( 'NONE',  ( 3.518789788921131289E-17, -1.000000000000000000, 0.000000000000000000 ) ) ;
#11 = EDGE_CURVE ( 'NONE', #482, #1492, #317, .T. ) ;
#12 = PLANE ( 'NONE',  #666 ) ;
#13 = CARTESIAN_POINT ( 'NONE',  ( 36.00000000000002132, 21.00000000000000355, 0.000000000000000000 ) ) ;
#14 = ORIENTED_EDGE ( 'NONE', *, *, #305, .T. ) ;
#15 = ADVANCED_FACE ( 'NONE', ( #1431 ), #324, .T. ) ;
#16 = LINE ( 'NONE', #613, #786 ) ;
#17 = ORIENTED_EDGE ( 'NONE', *, *, #1105, .T. ) ;
#18 = PLANE ( 'NONE',  #1246 ) ;
#19 = ORIENTED_EDGE ( 'NONE', *, *, #305, .F. ) ;
#20 = DIRECTION ( 'NONE',  ( 1.000000000000000000, 0.000000000000000000, 0.000000000000000000 ) ) ;
#21 = VECTOR ( 'NONE', #1086, 1000.000000000000000 ) ;
#22 = CARTESIAN_POINT ( 'NONE',  ( 29.00000000000000355, 12.00000000000000178, 14.00000000000000000 ) ) ;
#23 = DIRECTION ( 'NONE',  ( 1.000000000000000000, 0.000000000000000000, 0.000000000000000000 ) ) ;
#24 = CARTESIAN_POINT ( 'NONE',  ( -10.00000000000000000, 16.00000000000000000, 1.999999999999999112 ) ) ;
#25 = ORIENTED_EDGE ( 'NONE', *, *, #849, .T. ) ;
#26 = CARTESIAN_POINT ( 'NONE',  ( 0.000000000000000000, 0.000000000000000000, 0.000000000000000000 ) ) ;
#27 = ORIENTED_EDGE ( 'NONE', *, *, #1282, .T. ) ;
#28 = ORIENTED_EDGE ( 'NONE', *, *, #1085, .F. ) ;
#29 = DIRECTION ( 'NONE',  ( 0.000000000000000000, 0.000000000000000000, 1.000000000000000000 ) ) ;
#30 = DIRECTION ( 'NONE',  ( 0.000000000000000000, -1.000000000000000000, 0.000000000000000000 ) ) ;
#31 = CC_DESIGN_DATE_AND_TIME_ASSIGNMENT ( #1201, #1576, ( #588 ) ) ;
#32 = VERTEX_POINT ( 'NONE', #1076 ) ;
#33 = CARTESIAN_POINT ( 'NONE',  ( 21.50000000000001066, 14.00000000000000533, 14.00000000000000000 ) ) ;
#34 = ORIENTED_EDGE ( 'NONE', *, *, #1430, .T. ) ;
#35 = CC_DESIGN_PERSON_AND_ORGANIZATION_ASSIGNMENT ( #1439, #457, ( #347 ) ) ;
#36 = VERTEX_POINT ( 'NONE', #202 ) ;
#37 = EDGE_CURVE ( 'NONE', #1072, #459, #1207, .T. ) ;
#38 = PLANE ( 'NONE',  #1558 ) ;
#39 = APPLICATION_CONTEXT ( 'configuration controlled 3d designs of mechanical parts and assemblies' ) ;
#40 = ADVANCED_FACE ( 'NONE', ( #465 ), #100, .F. ) ;
#41 = CARTESIAN_POINT ( 'NONE',  ( 0.000000000000000000, 13.00000000000000178, 0.000000000000000000 ) ) ;
#42 = ORIENTED_EDGE ( 'NONE', *, *, #1572, .F. ) ;
#43 = ORIENTED_EDGE ( 'NONE', *, *, #802, .T. ) ;
#44 = EDGE_CURVE ( 'NONE', #1535, #1190, #1324, .T. ) ;
#45 = ORIENTED_EDGE ( 'NONE', *, *, #1060, .T. ) ;
#46 = CARTESIAN_POINT ( 'NONE',  ( 58.00000000000000000, 19.00000000000000355, 14.00000000000000000 ) ) ;
#47 = LINE ( 'NONE', #1523, #289 ) ;
#48 = VERTEX_POINT ( 'NONE', #1064 ) ;
#49 = CIRCLE ( 'NONE', #863, 2.000000000000000000 ) ;
#50 = VERTEX_POINT ( 'NONE', #1457 ) ;
#51 = EDGE_CURVE ( 'NONE', #1583, #1114, #738, .T. ) ;
#52 = ORIENTED_EDGE ( 'NONE', *, *, #398, .T. ) ;
#53 = CC_DESIGN_APPROVAL ( #604, ( #347 ) ) ;
#54 = CARTESIAN_POINT ( 'NONE',  ( 57.99999999999998579, 21.00000000000000000, 14.00000000000000000 ) ) ;
#55 = CARTESIAN_POINT ( 'NONE',  ( 0.000000000000000000, 13.00000000000000178, 14.00000000000000000 ) ) ;
#56 = VECTOR ( 'NONE', #1390, 1000.000000000000000 ) ;
#57 = EDGE_LOOP ( 'NONE', ( #737, #127, #769, #1418 ) ) ;
#58 = VECTOR ( 'NONE', #1485, 1000.000000000000000 ) ;
#59 = ORIENTED_EDGE ( 'NONE', *, *, #733, .T. ) ;
#60 = ORIENTED_EDGE ( 'NONE', *, *, #834, .T. ) ;
#61 = CARTESIAN_POINT ( 'NONE',  ( -5.999999999999999112, 16.00000000000000000, 6.999999999999999112 ) ) ;
#62 = CARTESIAN_POINT ( 'NONE',  ( 65.00000000000000000, 16.00000000000000000, 2.000000000000000000 ) ) ;
#63 = CARTESIAN_POINT ( 'NONE',  ( 58.00000000000000711, 13.99999999999999645, 0.000000000000000000 ) ) ;
#64 = VECTOR ( 'NONE', #853, 1000.000000000000000 ) ;
#65 = EDGE_CURVE ( 'NONE', #50, #48, #1082, .T. ) ;
#66 = ORIENTED_EDGE ( 'NONE', *, *, #818, .T. ) ;
#67 = EDGE_CURVE ( 'NONE', #1018, #174, #49, .T. ) ;
#68 = EDGE_LOOP ( 'NONE', ( #884, #513 ) ) ;
#69 = ORIENTED_EDGE ( 'NONE', *, *, #1526, .F. ) ;
#70 = CARTESIAN_POINT ( 'NONE',  ( 7.000000000000013323, 14.00000000000000711, 0.000000000000000000 ) ) ;
#71 = DIRECTION ( 'NONE',  ( -3.518789788921131289E-17, 1.000000000000000000, 0.000000000000000000 ) ) ;
#72 = CARTESIAN_POINT ( 'NONE',  ( 21.50000000000001066, 14.00000000000000533, 14.00000000000000000 ) ) ;
#73 = EDGE_LOOP ( 'NONE', ( #1379, #421, #52, #996 ) ) ;
#74 = AXIS2_PLACEMENT_3D ( 'NONE', #82, #456, #575 ) ;
#75 = DATE_AND_TIME ( #710, #1104 ) ;
#76 = CIRCLE ( 'NONE', #1404, 2.000000000000001776 ) ;
#77 = ORIENTED_EDGE ( 'NONE', *, *, #1063, .F. ) ;
#78 = ORIENTED_EDGE ( 'NONE', *, *, #248, .T. ) ;
#79 = APPROVAL_PERSON_ORGANIZATION ( #1332, #604, #1424 ) ;
#80 = CARTESIAN_POINT ( 'NONE',  ( 65.00000000000000000, 16.00000000000000000, 12.00000000000000000 ) ) ;
#81 = DIRECTION ( 'NONE',  ( -0.000000000000000000, -0.000000000000000000, -1.000000000000000000 ) ) ;
#82 = CARTESIAN_POINT ( 'NONE',  ( 6.999999999999999112, 12.00000000000000711, 14.00000000000000000 ) ) ;
#83 = DATE_AND_TIME ( #1307, #99 ) ;
#84 = AXIS2_PLACEMENT_3D ( 'NONE', #164, #399, #654 ) ;
#85 = CIRCLE ( 'NONE', #400, 1.999999999999998224 ) ;
#86 = ORIENTED_EDGE ( 'NONE', *, *, #1572, .T. ) ;
#87 = ADVANCED_FACE ( 'NONE', ( #1438 ), #351, .F. ) ;
#88 = CARTESIAN_POINT ( 'NONE',  ( 31.50000000000000000, 13.00000000000000355, 7.000000000000000000 ) ) ;
#89 = EDGE_CURVE ( 'NONE', #281, #272, #843, .T. ) ;
#90 = CARTESIAN_POINT ( 'NONE',  ( 2.449293598294673874E-17, 13.00000000000000178, 0.000000000000000000 ) ) ;
#91 = DATE_TIME_ROLE ( 'creation_date' ) ;
#92 = VECTOR ( 'NONE', #1355, 1000.000000000000000 ) ;
#93 = ORIENTED_EDGE ( 'NONE', *, *, #455, .F. ) ;
#94 = CARTESIAN_POINT ( 'NONE',  ( -10.00000000000000178, 16.00000000000000000, 12.00000000000000000 ) ) ;
#95 = CARTESIAN_POINT ( 'NONE',  ( 0.000000000000000000, 0.000000000000000000, 14.00000000000000000 ) ) ;
#96 = CIRCLE ( 'NONE', #943, 2.000000000000001776 ) ;
#97 = PLANE ( 'NONE',  #1289 ) ;
#98 = CARTESIAN_POINT ( 'NONE',  ( 7.000000000000013323, 14.00000000000000711, 14.00000000000000000 ) ) ;
#99 = LOCAL_TIME ( 18, 40, 8.000000000000000000, #705 ) ;
#100 = PLANE ( 'NONE',  #612 ) ;
#101 = SHAPE_DEFINITION_REPRESENTATION ( #420, #1520 ) ;
#102 = ORIENTED_EDGE ( 'NONE', *, *, #845, .F. ) ;
#103 = EDGE_CURVE ( 'NONE', #676, #1528, #361, .T. ) ;
#104 = LINE ( 'NONE', #122, #645 ) ;
#105 = EDGE_LOOP ( 'NONE', ( #1479, #153, #1500, #581 ) ) ;
#106 = CARTESIAN_POINT ( 'NONE',  ( 50.50000000000000000, 13.99999999999999467, 0.000000000000000000 ) ) ;
#107 = CARTESIAN_POINT ( 'NONE',  ( 14.49999999999998579, 14.00000000000000533, 0.000000000000000000 ) ) ;
#108 = VECTOR ( 'NONE', #388, 1000.000000000000000 ) ;
#109 = DIRECTION ( 'NONE',  ( -0.8320502943378436100, -0.5547001962252292584, -0.000000000000000000 ) ) ;
#110 = DIRECTION ( 'NONE',  ( 3.518789788921131289E-17, -1.000000000000000000, 0.000000000000000000 ) ) ;
#111 = VERTEX_POINT ( 'NONE', #696 ) ;
#112 = LINE ( 'NONE', #602, #601 ) ;
#113 = DIRECTION ( 'NONE',  ( -0.000000000000000000, -0.000000000000000000, -1.000000000000000000 ) ) ;
#114 = ADVANCED_FACE ( 'NONE', ( #1331 ), #1069, .T. ) ;
#115 = VECTOR ( 'NONE', #514, 1000.000000000000000 ) ;
#116 = DIRECTION ( 'NONE',  ( -0.000000000000000000, -0.000000000000000000, -1.000000000000000000 ) ) ;
#117 = CARTESIAN_POINT ( 'NONE',  ( 65.00000000000000000, 26.00000000000000355, 14.00000000000000000 ) ) ;
#118 = LINE ( 'NONE', #370, #1182 ) ;
#119 = CARTESIAN_POINT ( 'NONE',  ( 0.000000000000000000, 0.000000000000000000, 14.00000000000000000 ) ) ;
#120 = ORIENTED_EDGE ( 'NONE', *, *, #570, .F. ) ;
#121 = DIRECTION ( 'NONE',  ( 0.000000000000000000, 0.000000000000000000, 1.000000000000000000 ) ) ;
#122 = CARTESIAN_POINT ( 'NONE',  ( 0.000000000000000000, 0.000000000000000000, 14.00000000000000000 ) ) ;
#123 = CARTESIAN_POINT ( 'NONE',  ( -4.574426725597470491E-16, 13.00000000000000178, 2.000000000000000444 ) ) ;
#124 = DIRECTION ( 'NONE',  ( -0.000000000000000000, -0.000000000000000000, -1.000000000000000000 ) ) ;
#125 = DIRECTION ( 'NONE',  ( 0.000000000000000000, 0.000000000000000000, 1.000000000000000000 ) ) ;
#126 = DIRECTION ( 'NONE',  ( -0.000000000000000000, -0.000000000000000000, -1.000000000000000000 ) ) ;
#127 = ORIENTED_EDGE ( 'NONE', *, *, #528, .F. ) ;
#128 = CC_DESIGN_PERSON_AND_ORGANIZATION_ASSIGNMENT ( #338, #1582, ( #1139 ) ) ;
#129 = LINE ( 'NONE', #364, #887 ) ;
#130 = FACE_OUTER_BOUND ( 'NONE', #150, .T. ) ;
#131 = EDGE_CURVE ( 'NONE', #412, #1565, #337, .T. ) ;
#132 = AXIS2_PLACEMENT_3D ( 'NONE', #1442, #831, #472 ) ;
#133 = CARTESIAN_POINT ( 'NONE',  ( 75.00000000000000000, 16.00000000000000355, 2.000000000000000000 ) ) ;
#134 = LINE ( 'NONE', #627, #906 ) ;
#135 = EDGE_CURVE ( 'NONE', #745, #1288, #332, .T. ) ;
#136 = AXIS2_PLACEMENT_3D ( 'NONE', #1115, #1605, #978 ) ;
#137 = EDGE_CURVE ( 'NONE', #111, #784, #354, .T. ) ;
#138 = CARTESIAN_POINT ( 'NONE',  ( 36.00000000000000711, 19.00000000000000711, 14.00000000000000000 ) ) ;
#139 = PLANE ( 'NONE',  #194 ) ;
#140 = ORIENTED_EDGE ( 'NONE', *, *, #1161, .F. ) ;
#141 = CARTESIAN_POINT ( 'NONE',  ( 32.50000000000000000, 13.00000000000000355, 7.000000000000000000 ) ) ;
#142 = EDGE_LOOP ( 'NONE', ( #679, #1546, #1146, #1101 ) ) ;
#143 = CARTESIAN_POINT ( 'NONE',  ( 65.00000000000000000, 13.00000000000000355, 12.00000000000000000 ) ) ;
#144 = ORIENTED_EDGE ( 'NONE', *, *, #1504, .T. ) ;
#145 = VECTOR ( 'NONE', #838, 1000.000000000000000 ) ;
#146 = CARTESIAN_POINT ( 'NONE',  ( 36.00000000000000711, 13.99999999999999467, 0.000000000000000000 ) ) ;
#147 = CARTESIAN_POINT ( 'NONE',  ( 31.50000000000000000, 26.00100000000000477, 7.000000000000000000 ) ) ;
#148 = FACE_OUTER_BOUND ( 'NONE', #555, .T. ) ;
#149 = FACE_OUTER_BOUND ( 'NONE', #1593, .T. ) ;
#150 = EDGE_LOOP ( 'NONE', ( #800, #933, #1117, #1533 ) ) ;
#151 = CARTESIAN_POINT ( 'NONE',  ( -1.787653165374733770E-15, 16.00000000000000000, 11.99999999999999822 ) ) ;
#152 = ORIENTED_EDGE ( 'NONE', *, *, #11, .F. ) ;
#153 = ORIENTED_EDGE ( 'NONE', *, *, #1284, .F. ) ;
#154 = VECTOR ( 'NONE', #1446, 1000.000000000000000 ) ;
#155 = CARTESIAN_POINT ( 'NONE',  ( 36.00000000000002132, 21.00000000000000355, 0.000000000000000000 ) ) ;
#156 = LINE ( 'NONE', #1277, #1015 ) ;
#157 = EDGE_LOOP ( 'NONE', ( #1174, #553, #1356, #1031 ) ) ;
#158 = CARTESIAN_POINT ( 'NONE',  ( 48.76794919243111792, 13.00000000000000533, 0.000000000000000000 ) ) ;
#159 = ORIENTED_EDGE ( 'NONE', *, *, #1308, .F. ) ;
#160 = ADVANCED_FACE ( 'NONE', ( #227 ), #214, .F. ) ;
#161 = VECTOR ( 'NONE', #185, 1000.000000000000000 ) ;
#162 = ADVANCED_FACE ( 'NONE', ( #480 ), #1467, .F. ) ;
#163 = VERTEX_POINT ( 'NONE', #938 ) ;
#164 = CARTESIAN_POINT ( 'NONE',  ( 58.00000000000000000, 19.00000000000000355, 0.000000000000000000 ) ) ;
#165 = DIRECTION ( 'NONE',  ( 0.000000000000000000, -0.000000000000000000, -1.000000000000000000 ) ) ;
#166 = ORIENTED_EDGE ( 'NONE', *, *, #1135, .T. ) ;
#167 = ORIENTED_EDGE ( 'NONE', *, *, #184, .T. ) ;
#168 = ORIENTED_EDGE ( 'NONE', *, *, #203, .T. ) ;
#169 = DIRECTION ( 'NONE',  ( -0.000000000000000000, -0.000000000000000000, -1.000000000000000000 ) ) ;
#170 = CIRCLE ( 'NONE', #1120, 2.000000000000001776 ) ;
#171 = EDGE_CURVE ( 'NONE', #745, #198, #1232, .T. ) ;
#172 = CYLINDRICAL_SURFACE ( 'NONE', #670, 2.000000000000001776 ) ;
#173 = ORIENTED_EDGE ( 'NONE', *, *, #1465, .T. ) ;
#174 = VERTEX_POINT ( 'NONE', #390 ) ;
#175 = EDGE_LOOP ( 'NONE', ( #611, #204, #869, #656 ) ) ;
#176 = CARTESIAN_POINT ( 'NONE',  ( -5.630063662273810062E-16, 16.00000000000000000, 2.000000000000000444 ) ) ;
#177 = CARTESIAN_POINT ( 'NONE',  ( 30.73205080756887853, 13.00000000000000355, 14.00000000000000000 ) ) ;
#178 = VECTOR ( 'NONE', #852, 1000.000000000000000 ) ;
#179 = VERTEX_POINT ( 'NONE', #1496 ) ;
#180 = EDGE_LOOP ( 'NONE', ( #1415, #1250, #1320, #166 ) ) ;
#181 = DIRECTION ( 'NONE',  ( -0.000000000000000000, -0.000000000000000000, -1.000000000000000000 ) ) ;
#182 = EDGE_CURVE ( 'NONE', #1426, #1190, #609, .T. ) ;
#183 = LINE ( 'NONE', #1387, #468 ) ;
#184 = EDGE_CURVE ( 'NONE', #1260, #1435, #96, .T. ) ;
#185 = DIRECTION ( 'NONE',  ( -0.000000000000000000, -0.000000000000000000, -1.000000000000000000 ) ) ;
#186 = CIRCLE ( 'NONE', #366, 2.000000000000001776 ) ;
#187 = VERTEX_POINT ( 'NONE', #381 ) ;
#188 = AXIS2_PLACEMENT_3D ( 'NONE', #499, #1590, #962 ) ;
#189 = EDGE_LOOP ( 'NONE', ( #862, #14, #302, #394 ) ) ;
#190 = ORIENTED_EDGE ( 'NONE', *, *, #789, .T. ) ;
#191 = DIRECTION ( 'NONE',  ( -1.000000000000000000, 0.000000000000000000, 0.000000000000000000 ) ) ;
#192 = UNCERTAINTY_MEASURE_WITH_UNIT (LENGTH_MEASURE( 1.000000000000000082E-05 ), #1062, 'distance_accuracy_value', 'NONE');
#193 = DIRECTION ( 'NONE',  ( -0.000000000000000000, -0.000000000000000000, -1.000000000000000000 ) ) ;
#194 = AXIS2_PLACEMENT_3D ( 'NONE', #629, #512, #391 ) ;
#195 = CARTESIAN_POINT ( 'NONE',  ( 65.00000000000000000, 26.00000000000000355, 14.00000000000000000 ) ) ;
#196 = APPROVAL_ROLE ( '' ) ;
#197 = ORIENTED_EDGE ( 'NONE', *, *, #1184, .T. ) ;
#198 = VERTEX_POINT ( 'NONE', #1254 ) ;
#199 = CARTESIAN_POINT ( 'NONE',  ( 2.449293598294673874E-17, 13.00000000000000178, 0.000000000000000000 ) ) ;
#200 = CARTESIAN_POINT ( 'NONE',  ( 65.00000000000000000, 26.00000000000000355, 0.000000000000000000 ) ) ;
#201 = VECTOR ( 'NONE', #1200, 1000.000000000000000 ) ;
#202 = CARTESIAN_POINT ( 'NONE',  ( 60.00000000000001421, 14.00000000000001421, 0.000000000000000000 ) ) ;
#203 = EDGE_CURVE ( 'NONE', #600, #1209, #118, .T. ) ;
#204 = ORIENTED_EDGE ( 'NONE', *, *, #1228, .F. ) ;
#205 = EDGE_CURVE ( 'NONE', #1034, #48, #1110, .T. ) ;
#206 = CC_DESIGN_APPROVAL ( #1298, ( #588 ) ) ;
#207 = DIRECTION ( 'NONE',  ( 0.000000000000000000, 0.000000000000000000, 1.000000000000000000 ) ) ;
#208 = CARTESIAN_POINT ( 'NONE',  ( 75.00000000000000000, 13.00000000000000533, 12.00000000000000000 ) ) ;
#209 = VECTOR ( 'NONE', #803, 1000.000000000000000 ) ;
#210 = AXIS2_PLACEMENT_3D ( 'NONE', #851, #842, #1252 ) ;
#211 = EDGE_LOOP ( 'NONE', ( #223, #635, #1245, #1315 ) ) ;
#212 = CYLINDRICAL_SURFACE ( 'NONE', #1274, 1.000000000000000888 ) ;
#213 = ADVANCED_FACE ( 'NONE', ( #243, #236 ), #12, .F. ) ;
#214 = PLANE ( 'NONE',  #1264 ) ;
#215 = COORDINATED_UNIVERSAL_TIME_OFFSET ( 5, 30, .AHEAD. ) ;
#216 = AXIS2_PLACEMENT_3D ( 'NONE', #228, #1214, #382 ) ;
#217 = CARTESIAN_POINT ( 'NONE',  ( 2.449293598294673874E-17, 13.00000000000000178, 0.000000000000000000 ) ) ;
#218 = CYLINDRICAL_SURFACE ( 'NONE', #551, 1.000000000000000000 ) ;
#219 = DIRECTION ( 'NONE',  ( -0.000000000000000000, -0.000000000000000000, -1.000000000000000000 ) ) ;
#220 = COORDINATED_UNIVERSAL_TIME_OFFSET ( 5, 30, .AHEAD. ) ;
#221 = AXIS2_PLACEMENT_3D ( 'NONE', #313, #1095, #681 ) ;
#222 = CARTESIAN_POINT ( 'NONE',  ( -4.574426725597470491E-16, 13.00000000000000178, 0.000000000000000000 ) ) ;
#223 = ORIENTED_EDGE ( 'NONE', *, *, #606, .F. ) ;
#224 = DIRECTION ( 'NONE',  ( -0.000000000000000000, -0.000000000000000000, -1.000000000000000000 ) ) ;
#225 = DIRECTION ( 'NONE',  ( 3.518789788921131289E-17, -1.000000000000000000, 0.000000000000000000 ) ) ;
#226 = AXIS2_PLACEMENT_3D ( 'NONE', #1516, #655, #1409 ) ;
#227 = FACE_OUTER_BOUND ( 'NONE', #665, .T. ) ;
#228 = CARTESIAN_POINT ( 'NONE',  ( 43.50000000000000711, 19.00000000000000711, 0.000000000000000000 ) ) ;
#229 = EDGE_CURVE ( 'NONE', #877, #1560, #1098, .T. ) ;
#230 = ORIENTED_EDGE ( 'NONE', *, *, #1060, .F. ) ;
#231 = DIRECTION ( 'NONE',  ( -0.000000000000000000, -0.000000000000000000, -1.000000000000000000 ) ) ;
#232 = DIRECTION ( 'NONE',  ( 1.000000000000000000, 3.518789788921131289E-17, 0.000000000000000000 ) ) ;
#233 = AXIS2_PLACEMENT_3D ( 'NONE', #106, #693, #1342 ) ;
#234 = CARTESIAN_POINT ( 'NONE',  ( 21.50000000000000000, 12.00000000000000533, 14.00000000000000000 ) ) ;
#235 = FACE_OUTER_BOUND ( 'NONE', #142, .T. ) ;
#236 = FACE_OUTER_BOUND ( 'NONE', #1359, .T. ) ;
#237 = DIRECTION ( 'NONE',  ( -0.000000000000000000, -0.000000000000000000, -1.000000000000000000 ) ) ;
#238 = EDGE_LOOP ( 'NONE', ( #453, #385, #502, #515 ) ) ;
#239 = DIRECTION ( 'NONE',  ( -1.000000000000000000, -4.625929269271502677E-16, -0.000000000000000000 ) ) ;
#240 = FACE_OUTER_BOUND ( 'NONE', #1380, .T. ) ;
#241 = PLANE ( 'NONE',  #1253 ) ;
#242 = CARTESIAN_POINT ( 'NONE',  ( -5.630063662273810062E-16, 16.00000000000000000, 2.000000000000000444 ) ) ;
#243 = FACE_BOUND ( 'NONE', #881, .T. ) ;
#244 = DIRECTION ( 'NONE',  ( 1.000000000000000000, 3.518789788921131289E-17, 0.000000000000000000 ) ) ;
#245 = ORIENTED_EDGE ( 'NONE', *, *, #678, .F. ) ;
#246 = CARTESIAN_POINT ( 'NONE',  ( 36.00000000000000711, 13.99999999999999467, 14.00000000000000000 ) ) ;
#247 = DIRECTION ( 'NONE',  ( -1.000000000000000000, -0.000000000000000000, -0.000000000000000000 ) ) ;
#248 = EDGE_CURVE ( 'NONE', #909, #1435, #1477, .T. ) ;
#249 = VECTOR ( 'NONE', #1345, 1000.000000000000000 ) ;
#250 = EDGE_CURVE ( 'NONE', #372, #1278, #1074, .T. ) ;
#251 = ORIENTED_EDGE ( 'NONE', *, *, #137, .F. ) ;
#252 = DIRECTION ( 'NONE',  ( 1.000000000000000000, 3.518789788921131289E-17, 0.000000000000000000 ) ) ;
#253 = DIRECTION ( 'NONE',  ( 0.000000000000000000, 0.000000000000000000, 1.000000000000000000 ) ) ;
#254 = CARTESIAN_POINT ( 'NONE',  ( 50.50000000000000000, 13.99999999999999467, 14.00000000000000000 ) ) ;
#255 = DIRECTION ( 'NONE',  ( -1.000000000000000000, 2.312964634635751339E-16, -0.000000000000000000 ) ) ;
#256 = ORIENTED_EDGE ( 'NONE', *, *, #936, .F. ) ;
#257 = ADVANCED_FACE ( 'NONE', ( #1099, #148 ), #1599, .T. ) ;
#258 = VECTOR ( 'NONE', #1016, 1000.000000000000000 ) ;
#259 = LINE ( 'NONE', #1237, #145 ) ;
#260 = ORIENTED_EDGE ( 'NONE', *, *, #348, .T. ) ;
#261 = DIRECTION ( 'NONE',  ( -1.000000000000000000, -3.518789788921131289E-17, 0.000000000000000000 ) ) ;
#262 = ORIENTED_EDGE ( 'NONE', *, *, #398, .F. ) ;
#263 = VECTOR ( 'NONE', #1008, 1000.000000000000000 ) ;
#264 = ORIENTED_EDGE ( 'NONE', *, *, #205, .F. ) ;
#265 = LINE ( 'NONE', #979, #108 ) ;
#266 = CARTESIAN_POINT ( 'NONE',  ( 65.00000000000000000, 26.00000000000000355, 14.00000000000000000 ) ) ;
#267 = CIRCLE ( 'NONE', #1192, 1.000000000000000000 ) ;
#268 = DIRECTION ( 'NONE',  ( 0.000000000000000000, 0.000000000000000000, 1.000000000000000000 ) ) ;
#269 = FACE_OUTER_BOUND ( 'NONE', #911, .T. ) ;
#270 = ORIENTED_EDGE ( 'NONE', *, *, #916, .T. ) ;
#271 = CARTESIAN_POINT ( 'NONE',  ( -4.999999999999999112, 16.00000000000000000, 6.999999999999999112 ) ) ;
#272 = VERTEX_POINT ( 'NONE', #735 ) ;
#273 = VERTEX_POINT ( 'NONE', #1243 ) ;
#274 = AXIS2_PLACEMENT_3D ( 'NONE', #141, #719, #959 ) ;
#275 = CARTESIAN_POINT ( 'NONE',  ( 43.50000000000000711, 13.99999999999999467, 14.00000000000000000 ) ) ;
#276 = CARTESIAN_POINT ( 'NONE',  ( 34.00000000000000000, 18.99999999999998934, 14.00000000000000000 ) ) ;
#277 = ORIENTED_EDGE ( 'NONE', *, *, #822, .F. ) ;
#278 = EDGE_CURVE ( 'NONE', #919, #518, #1525, .T. ) ;
#279 = ADVANCED_FACE ( 'NONE', ( #617 ), #1, .F. ) ;
#280 = DIRECTION ( 'NONE',  ( -0.000000000000000000, 1.000000000000000000, -0.000000000000000000 ) ) ;
#281 = VERTEX_POINT ( 'NONE', #1210 ) ;
#282 = EDGE_LOOP ( 'NONE', ( #819, #772, #1157, #1017, #896, #140, #1215, #1043, #747, #168, #1338, #762, #535, #924, #1469, #327, #1156, #632, #190, #1272, #17, #1057, #418, #1367, #25, #1291, #1513, #3, #1198 ) ) ;
#283 = VECTOR ( 'NONE', #756, 1000.000000000000000 ) ;
#284 = CARTESIAN_POINT ( 'NONE',  ( 65.00000000000000000, 13.00000000000000355, 2.000000000000000000 ) ) ;
#285 = LINE ( 'NONE', #1171, #1604 ) ;
#286 = VERTEX_POINT ( 'NONE', #446 ) ;
#287 = ORIENTED_EDGE ( 'NONE', *, *, #11, .T. ) ;
#288 = ADVANCED_FACE ( 'NONE', ( #485 ), #97, .T. ) ;
#289 = VECTOR ( 'NONE', #908, 1000.000000000000000 ) ;
#290 = ORIENTED_EDGE ( 'NONE', *, *, #700, .F. ) ;
#291 = EDGE_CURVE ( 'NONE', #1018, #1560, #721, .T. ) ;
#292 = CARTESIAN_POINT ( 'NONE',  ( 7.000000000000013323, 14.00000000000000711, 14.00000000000000000 ) ) ;
#293 = AXIS2_PLACEMENT_3D ( 'NONE', #949, #1589, #342 ) ;
#294 = VECTOR ( 'NONE', #660, 1000.000000000000000 ) ;
#295 = DIRECTION ( 'NONE',  ( 0.000000000000000000, -1.000000000000000000, 0.000000000000000000 ) ) ;
#296 = ORIENTED_EDGE ( 'NONE', *, *, #348, .F. ) ;
#297 = VERTEX_POINT ( 'NONE', #70 ) ;
#298 = ORIENTED_EDGE ( 'NONE', *, *, #1405, .T. ) ;
#299 = CARTESIAN_POINT ( 'NONE',  ( 43.50000000000000711, 13.99999999999999467, 0.000000000000000000 ) ) ;
#300 = AXIS2_PLACEMENT_3D ( 'NONE', #621, #484, #729 ) ;
#301 = CARTESIAN_POINT ( 'NONE',  ( 65.00000000000000000, 13.00000000000000355, 14.00000000000000000 ) ) ;
#302 = ORIENTED_EDGE ( 'NONE', *, *, #291, .F. ) ;
#303 = EDGE_CURVE ( 'NONE', #728, #1535, #1202, .T. ) ;
#304 = ORIENTED_EDGE ( 'NONE', *, *, #1136, .F. ) ;
#305 = EDGE_CURVE ( 'NONE', #686, #1560, #706, .T. ) ;
#306 = CARTESIAN_POINT ( 'NONE',  ( 75.00000000000000000, 16.00000000000000355, 12.00000000000000000 ) ) ;
#307 = VECTOR ( 'NONE', #232, 1000.000000000000000 ) ;
#308 = CARTESIAN_POINT ( 'NONE',  ( 32.50000000000000000, 26.00000000000000355, 7.000000000000000000 ) ) ;
#309 = DIRECTION ( 'NONE',  ( 1.734723475976808080E-16, -1.000000000000000000, 0.000000000000000000 ) ) ;
#310 = ORIENTED_EDGE ( 'NONE', *, *, #1282, .F. ) ;
#311 = VERTEX_POINT ( 'NONE', #1217 ) ;
#312 = ORIENTED_EDGE ( 'NONE', *, *, #527, .F. ) ;
#313 = CARTESIAN_POINT ( 'NONE',  ( 45.50000000000000711, 18.99999999999999289, 14.00000000000000000 ) ) ;
#314 = DIRECTION ( 'NONE',  ( 1.000000000000000000, 0.000000000000000000, 0.000000000000000000 ) ) ;
#315 = LINE ( 'NONE', #1186, #773 ) ;
#316 = AXIS2_PLACEMENT_3D ( 'NONE', #308, #329, #1436 ) ;
#317 = LINE ( 'NONE', #195, #1314 ) ;
#318 = ORIENTED_EDGE ( 'NONE', *, *, #429, .T. ) ;
#319 = ORIENTED_EDGE ( 'NONE', *, *, #51, .T. ) ;
#320 = CARTESIAN_POINT ( 'NONE',  ( 21.50000000000001066, 14.00000000000000533, 0.000000000000000000 ) ) ;
#321 = ADVANCED_FACE ( 'NONE', ( #848 ), #438, .F. ) ;
#322 = CARTESIAN_POINT ( 'NONE',  ( -1.682089471707099714E-15, 13.00000000000000178, 11.99999999999999822 ) ) ;
#323 = AXIS2_PLACEMENT_3D ( 'NONE', #246, #121, #746 ) ;
#324 = PLANE ( 'NONE',  #1073 ) ;
#325 = ADVANCED_FACE ( 'NONE', ( #365, #587 ), #1176, .F. ) ;
#326 = ADVANCED_FACE ( 'NONE', ( #603 ), #1419, .T. ) ;
#327 = ORIENTED_EDGE ( 'NONE', *, *, #822, .T. ) ;
#328 = EDGE_CURVE ( 'NONE', #927, #1490, #1416, .T. ) ;
#329 = DIRECTION ( 'NONE',  ( -0.000000000000000000, 1.000000000000000000, -0.000000000000000000 ) ) ;
#330 = LINE ( 'NONE', #1303, #1574 ) ;
#331 = VECTOR ( 'NONE', #704, 1000.000000000000000 ) ;
#332 = LINE ( 'NONE', #1336, #439 ) ;
#333 = COORDINATED_UNIVERSAL_TIME_OFFSET ( 5, 30, .AHEAD. ) ;
#334 = VERTEX_POINT ( 'NONE', #1227 ) ;
#335 = EDGE_CURVE ( 'NONE', #1266, #311, #1333, .T. ) ;
#336 = CARTESIAN_POINT ( 'NONE',  ( 69.00000000000000000, 16.00000000000000000, 7.000000000000000000 ) ) ;
#337 = LINE ( 'NONE', #1591, #1050 ) ;
#338 = PERSON_AND_ORGANIZATION ( #357, #1471 ) ;
#339 = VECTOR ( 'NONE', #1021, 1000.000000000000000 ) ;
#340 = DIRECTION ( 'NONE',  ( -1.000000000000000000, -3.518789788921131289E-17, 0.000000000000000000 ) ) ;
#341 = AXIS2_PLACEMENT_3D ( 'NONE', #1598, #350, #754 ) ;
#342 = DIRECTION ( 'NONE',  ( -1.000000000000000000, 0.000000000000000000, 0.000000000000000000 ) ) ;
#343 = CARTESIAN_POINT ( 'NONE',  ( -4.574426725597470491E-16, 13.00000000000000178, 0.000000000000000000 ) ) ;
#344 = CALENDAR_DATE ( 2026, 1, 3 ) ;
#345 = AXIS2_PLACEMENT_3D ( 'NONE', #393, #1603, #876 ) ;
#346 = CARTESIAN_POINT ( 'NONE',  ( 19.76794919243111792, 13.00000000000000178, 14.00000000000000000 ) ) ;
#347 = PRODUCT_DEFINITION ( 'UNKNOWN', '', #1139, #1552 ) ;
#348 = EDGE_CURVE ( 'NONE', #1034, #1527, #104, .T. ) ;
#349 = DIRECTION ( 'NONE',  ( 0.000000000000000000, -0.000000000000000000, 1.000000000000000000 ) ) ;
#350 = DIRECTION ( 'NONE',  ( 1.734723475976807094E-16, 6.104127253868959901E-33, 1.000000000000000000 ) ) ;
#351 = PLANE ( 'NONE',  #768 ) ;
#352 = FACE_OUTER_BOUND ( 'NONE', #567, .T. ) ;
#353 = ORIENTED_EDGE ( 'NONE', *, *, #426, .T. ) ;
#354 = CIRCLE ( 'NONE', #793, 0.9999999999999983347 ) ;
#355 = CARTESIAN_POINT ( 'NONE',  ( 50.50000000000000711, 21.00000000000000355, 0.000000000000000000 ) ) ;
#356 = DIRECTION ( 'NONE',  ( -1.000000000000000000, -3.518789788921131289E-17, -1.734723475976806848E-16 ) ) ;
#357 = PERSON ( 'UNSPECIFIED', 'UNSPECIFIED', 'UNSPECIFIED', ('UNSPECIFIED'), ('UNSPECIFIED'), ('UNSPECIFIED') ) ;
#358 = FACE_OUTER_BOUND ( 'NONE', #711, .T. ) ;
#359 = LINE ( 'NONE', #1090, #1081 ) ;
#360 = AXIS2_PLACEMENT_3D ( 'NONE', #1545, #689, #559 ) ;
#361 = LINE ( 'NONE', #343, #1494 ) ;
#362 = FACE_BOUND ( 'NONE', #445, .T. ) ;
#363 = ORIENTED_EDGE ( 'NONE', *, *, #564, .F. ) ;
#364 = CARTESIAN_POINT ( 'NONE',  ( -4.574426725597470491E-16, 13.00000000000000178, 0.000000000000000000 ) ) ;
#365 = FACE_BOUND ( 'NONE', #403, .T. ) ;
#366 = AXIS2_PLACEMENT_3D ( 'NONE', #1554, #1302, #1265 ) ;
#367 = DIRECTION ( 'NONE',  ( -1.000000000000000000, 0.000000000000000000, 0.000000000000000000 ) ) ;
#368 = CYLINDRICAL_SURFACE ( 'NONE', #188, 2.000000000000000000 ) ;
#369 = EDGE_CURVE ( 'NONE', #1028, #813, #1052, .T. ) ;
#370 = CARTESIAN_POINT ( 'NONE',  ( 50.50000000000000711, 21.00000000000000000, 0.000000000000000000 ) ) ;
#371 = LINE ( 'NONE', #1234, #475 ) ;
#372 = VERTEX_POINT ( 'NONE', #1326 ) ;
#373 = LINE ( 'NONE', #967, #506 ) ;
#374 = LINE ( 'NONE', #856, #1168 ) ;
#375 = AXIS2_PLACEMENT_3D ( 'NONE', #640, #1122, #861 ) ;
#376 = EDGE_CURVE ( 'NONE', #1209, #1072, #76, .T. ) ;
#377 = ORIENTED_EDGE ( 'NONE', *, *, #606, .T. ) ;
#378 = DIRECTION ( 'NONE',  ( 1.387778780781452578E-15, -1.000000000000000000, 0.000000000000000000 ) ) ;
#379 = DIRECTION ( 'NONE',  ( -0.000000000000000000, -0.000000000000000000, -1.000000000000000000 ) ) ;
#380 = ADVANCED_FACE ( 'NONE', ( #469 ), #953, .F. ) ;
#381 = CARTESIAN_POINT ( 'NONE',  ( 34.00000000000000000, 14.00000000000000888, 14.00000000000000000 ) ) ;
#382 = DIRECTION ( 'NONE',  ( -1.000000000000000000, 0.000000000000000000, 0.000000000000000000 ) ) ;
#383 = EDGE_LOOP ( 'NONE', ( #1559, #846, #1040, #698 ) ) ;
#384 = DIRECTION ( 'NONE',  ( -1.000000000000000000, 0.000000000000000000, 0.000000000000000000 ) ) ;
#385 = ORIENTED_EDGE ( 'NONE', *, *, #892, .F. ) ;
#386 = CARTESIAN_POINT ( 'NONE',  ( 21.50000000000001066, 14.00000000000000533, 14.00000000000000000 ) ) ;
#387 = ORIENTED_EDGE ( 'NONE', *, *, #303, .F. ) ;
#388 = DIRECTION ( 'NONE',  ( 0.000000000000000000, 0.000000000000000000, 1.000000000000000000 ) ) ;
#389 = CARTESIAN_POINT ( 'NONE',  ( 28.99999999999998934, 14.00000000000000178, 14.00000000000000000 ) ) ;
#390 = CARTESIAN_POINT ( 'NONE',  ( 14.49999999999998579, 14.00000000000000533, 14.00000000000000000 ) ) ;
#391 = DIRECTION ( 'NONE',  ( -1.387778780781452184E-15, 1.000000000000000000, 0.000000000000000000 ) ) ;
#392 = EDGE_LOOP ( 'NONE', ( #427, #159, #1248, #319 ) ) ;
#393 = CARTESIAN_POINT ( 'NONE',  ( 36.00000000000000711, 13.99999999999999467, 14.00000000000000000 ) ) ;
#394 = ORIENTED_EDGE ( 'NONE', *, *, #1229, .T. ) ;
#395 = DIRECTION ( 'NONE',  ( -3.518789788921131289E-17, 1.000000000000000000, 0.000000000000000000 ) ) ;
#396 = ORIENTED_EDGE ( 'NONE', *, *, #1290, .F. ) ;
#397 = CIRCLE ( 'NONE', #316, 0.9999999999999983347 ) ;
#398 = EDGE_CURVE ( 'NONE', #891, #32, #1350, .T. ) ;
#399 = DIRECTION ( 'NONE',  ( 0.000000000000000000, 0.000000000000000000, 1.000000000000000000 ) ) ;
#400 = AXIS2_PLACEMENT_3D ( 'NONE', #1335, #1495, #608 ) ;
#401 = ADVANCED_FACE ( 'NONE', ( #240 ), #960, .T. ) ;
#402 = LINE ( 'NONE', #301, #925 ) ;
#403 = EDGE_LOOP ( 'NONE', ( #870, #42 ) ) ;
#404 = VECTOR ( 'NONE', #1371, 1000.000000000000000 ) ;
#405 = CARTESIAN_POINT ( 'NONE',  ( 57.99999999999998579, 21.00000000000000000, 14.00000000000000000 ) ) ;
#406 = ORIENTED_EDGE ( 'NONE', *, *, #1567, .T. ) ;
#407 = EDGE_LOOP ( 'NONE', ( #93, #563, #1175, #173 ) ) ;
#408 = VECTOR ( 'NONE', #239, 1000.000000000000000 ) ;
#409 = FACE_OUTER_BOUND ( 'NONE', #1268, .T. ) ;
#410 = ADVANCED_FACE ( 'NONE', ( #1368 ), #18, .F. ) ;
#411 = DIRECTION ( 'NONE',  ( 0.000000000000000000, -0.000000000000000000, -1.000000000000000000 ) ) ;
#412 = VERTEX_POINT ( 'NONE', #633 ) ;
#413 = ORIENTED_EDGE ( 'NONE', *, *, #67, .F. ) ;
#414 = ORIENTED_EDGE ( 'NONE', *, *, #1205, .F. ) ;
#415 = AXIS2_PLACEMENT_3D ( 'NONE', #1354, #639, #1130 ) ;
#416 = LINE ( 'NONE', #306, #1373 ) ;
#417 = DIRECTION ( 'NONE',  ( -0.000000000000000000, -0.000000000000000000, -1.000000000000000000 ) ) ;
#418 = ORIENTED_EDGE ( 'NONE', *, *, #564, .T. ) ;
#419 = ORIENTED_EDGE ( 'NONE', *, *, #67, .T. ) ;
#420 = PRODUCT_DEFINITION_SHAPE ( 'NONE', 'NONE',  #347 ) ;
#421 = ORIENTED_EDGE ( 'NONE', *, *, #731, .F. ) ;
#422 = LINE ( 'NONE', #763, #1059 ) ;
#423 = CIRCLE ( 'NONE', #1321, 1.000000000000000888 ) ;
#424 = VECTOR ( 'NONE', #622, 1000.000000000000000 ) ;
#425 = CARTESIAN_POINT ( 'NONE',  ( 75.00000000000000000, 16.00000000000000355, 12.00000000000000000 ) ) ;
#426 = EDGE_CURVE ( 'NONE', #545, #1425, #516, .T. ) ;
#427 = ORIENTED_EDGE ( 'NONE', *, *, #458, .F. ) ;
#428 = EDGE_CURVE ( 'NONE', #1527, #286, #1501, .T. ) ;
#429 = EDGE_CURVE ( 'NONE', #1492, #50, #1000, .T. ) ;
#430 = ORIENTED_EDGE ( 'NONE', *, *, #849, .F. ) ;
#431 = LINE ( 'NONE', #292, #1402 ) ;
#432 = CIRCLE ( 'NONE', #1515, 1.000000000000000888 ) ;
#433 = LINE ( 'NONE', #525, #530 ) ;
#434 = LINE ( 'NONE', #544, #1553 ) ;
#435 = ORIENTED_EDGE ( 'NONE', *, *, #507, .T. ) ;
#436 = ORIENTED_EDGE ( 'NONE', *, *, #250, .F. ) ;
#437 = ORIENTED_EDGE ( 'NONE', *, *, #549, .F. ) ;
#438 = CYLINDRICAL_SURFACE ( 'NONE', #918, 2.000000000000001776 ) ;
#439 = VECTOR ( 'NONE', #219, 1000.000000000000000 ) ;
#440 = DIRECTION ( 'NONE',  ( -0.000000000000000000, 0.000000000000000000, 1.000000000000000000 ) ) ;
#441 = DIRECTION ( 'NONE',  ( 1.000000000000000000, 0.000000000000000000, 0.000000000000000000 ) ) ;
#442 = ORIENTED_EDGE ( 'NONE', *, *, #703, .F. ) ;
#443 = VERTEX_POINT ( 'NONE', #740 ) ;
#444 = VECTOR ( 'NONE', #1038, 1000.000000000000000 ) ;
#445 = EDGE_LOOP ( 'NONE', ( #436, #630 ) ) ;
#446 = CARTESIAN_POINT ( 'NONE',  ( 5.267949192431118810, 13.00000000000000178, 14.00000000000000000 ) ) ;
#447 = ADVANCED_FACE ( 'NONE', ( #6 ), #1103, .F. ) ;
#448 = DIRECTION ( 'NONE',  ( -0.000000000000000000, -0.000000000000000000, -1.000000000000000000 ) ) ;
#449 = AXIS2_PLACEMENT_3D ( 'NONE', #1427, #193, #1421 ) ;
#450 = ORIENTED_EDGE ( 'NONE', *, *, #490, .F. ) ;
#451 = CALENDAR_DATE ( 2026, 1, 3 ) ;
#452 = VERTEX_POINT ( 'NONE', #1249 ) ;
#453 = ORIENTED_EDGE ( 'NONE', *, *, #893, .F. ) ;
#454 = LINE ( 'NONE', #62, #928 ) ;
#455 = EDGE_CURVE ( 'NONE', #1190, #999, #989, .T. ) ;
#456 = DIRECTION ( 'NONE',  ( -0.000000000000000000, -0.000000000000000000, -1.000000000000000000 ) ) ;
#457 = PERSON_AND_ORGANIZATION_ROLE ( 'creator' ) ;
#458 = EDGE_CURVE ( 'NONE', #927, #1114, #374, .T. ) ;
#459 = VERTEX_POINT ( 'NONE', #1238 ) ;
#460 = DIRECTION ( 'NONE',  ( -1.224646799147352961E-16, 0.000000000000000000, 1.000000000000000000 ) ) ;
#461 = DIRECTION ( 'NONE',  ( -2.312964634635751339E-16, -1.000000000000000000, 0.000000000000000000 ) ) ;
#462 =( NAMED_UNIT ( * ) SI_UNIT ( $, .STERADIAN. ) SOLID_ANGLE_UNIT ( ) );
#463 = CC_DESIGN_SECURITY_CLASSIFICATION ( #588, ( #1139 ) ) ;
#464 = CARTESIAN_POINT ( 'NONE',  ( 0.000000000000000000, 13.00000000000000178, 14.00000000000000000 ) ) ;
#465 = FACE_OUTER_BOUND ( 'NONE', #894, .T. ) ;
#466 = PERSON_AND_ORGANIZATION ( #357, #1471 ) ;
#467 = ADVANCED_FACE ( 'NONE', ( #130 ), #505, .T. ) ;
#468 = VECTOR ( 'NONE', #280, 1000.000000000000000 ) ;
#469 = FACE_OUTER_BOUND ( 'NONE', #888, .T. ) ;
#470 = ADVANCED_FACE ( 'NONE', ( #1212 ), #368, .F. ) ;
#471 = AXIS2_PLACEMENT_3D ( 'NONE', #1461, #356, #495 ) ;
#472 = DIRECTION ( 'NONE',  ( 0.000000000000000000, -0.000000000000000000, -1.000000000000000000 ) ) ;
#473 = DIRECTION ( 'NONE',  ( 1.000000000000000000, 0.000000000000000000, 0.000000000000000000 ) ) ;
#474 = ORIENTED_EDGE ( 'NONE', *, *, #573, .T. ) ;
#475 = VECTOR ( 'NONE', #481, 1000.000000000000000 ) ;
#476 = DIRECTION ( 'NONE',  ( 1.000000000000000000, 0.000000000000000000, 0.000000000000000000 ) ) ;
#477 = DIRECTION ( 'NONE',  ( -1.000000000000000000, -3.518789788921131289E-17, 0.000000000000000000 ) ) ;
#478 = CARTESIAN_POINT ( 'NONE',  ( 70.00000000000000000, 16.00000000000000000, 7.000000000000000000 ) ) ;
#479 = FACE_OUTER_BOUND ( 'NONE', #211, .T. ) ;
#480 = FACE_OUTER_BOUND ( 'NONE', #886, .T. ) ;
#481 = DIRECTION ( 'NONE',  ( -0.000000000000000000, -0.000000000000000000, -1.000000000000000000 ) ) ;
#482 = VERTEX_POINT ( 'NONE', #266 ) ;
#483 = AXIS2_PLACEMENT_3D ( 'NONE', #1374, #1004, #511 ) ;
#484 = DIRECTION ( 'NONE',  ( 0.000000000000000000, 0.000000000000000000, 1.000000000000000000 ) ) ;
#485 = FACE_OUTER_BOUND ( 'NONE', #282, .T. ) ;
#486 = ADVANCED_FACE ( 'NONE', ( #479 ), #1119, .T. ) ;
#487 = DIRECTION ( 'NONE',  ( 1.734723475976806848E-16, -0.000000000000000000, -1.000000000000000000 ) ) ;
#488 = LINE ( 'NONE', #859, #1579 ) ;
#489 = LOCAL_TIME ( 18, 40, 8.000000000000000000, #333 ) ;
#490 = EDGE_CURVE ( 'NONE', #1425, #482, #1002, .T. ) ;
#491 = DIRECTION ( 'NONE',  ( 0.000000000000000000, -1.000000000000000000, 0.000000000000000000 ) ) ;
#492 = CARTESIAN_POINT ( 'NONE',  ( 45.50000000000000711, 14.00000000000000888, 14.00000000000000000 ) ) ;
#493 = VERTEX_POINT ( 'NONE', #1343 ) ;
#494 = CARTESIAN_POINT ( 'NONE',  ( 36.00000000000002132, 21.00000000000000355, 14.00000000000000000 ) ) ;
#495 = DIRECTION ( 'NONE',  ( -1.734723475976806848E-16, 0.000000000000000000, 1.000000000000000000 ) ) ;
#496 = ADVANCED_FACE ( 'NONE', ( #235 ), #742, .F. ) ;
#497 = VECTOR ( 'NONE', #1107, 1000.000000000000000 ) ;
#498 = DIRECTION ( 'NONE',  ( -1.000000000000000000, -1.387778780781452578E-15, 0.000000000000000000 ) ) ;
#499 = CARTESIAN_POINT ( 'NONE',  ( 14.49999999999999645, 12.00000000000000533, 14.00000000000000000 ) ) ;
#500 = CARTESIAN_POINT ( 'NONE',  ( 32.50000000000000000, 26.00100000000000477, 7.000000000000000000 ) ) ;
#501 = LINE ( 'NONE', #974, #1483 ) ;
#502 = ORIENTED_EDGE ( 'NONE', *, *, #583, .T. ) ;
#503 = LINE ( 'NONE', #1226, #1327 ) ;
#504 = ORIENTED_EDGE ( 'NONE', *, *, #1116, .T. ) ;
#505 = PLANE ( 'NONE',  #780 ) ;
#506 = VECTOR ( 'NONE', #1339, 1000.000000000000000 ) ;
#507 = EDGE_CURVE ( 'NONE', #875, #1260, #832, .T. ) ;
#508 = EDGE_LOOP ( 'NONE', ( #260, #561, #442, #245, #413, #1541, #1056, #1305, #120, #1311, #1155, #652, #644, #837, #414, #651, #304, #78, #1417, #1296, #526, #262, #1137, #619, #312, #353, #1365, #779, #1259 ) ) ;
#509 = CARTESIAN_POINT ( 'NONE',  ( 48.49999999999999289, 18.99999999999998224, 0.000000000000000000 ) ) ;
#510 = DIRECTION ( 'NONE',  ( -5.337610695313252371E-16, 1.000000000000000000, -0.000000000000000000 ) ) ;
#511 = DIRECTION ( 'NONE',  ( 1.000000000000000000, 0.000000000000000000, 0.000000000000000000 ) ) ;
#512 = DIRECTION ( 'NONE',  ( 1.000000000000000000, 1.387778780781452184E-15, -0.000000000000000000 ) ) ;
#513 = ORIENTED_EDGE ( 'NONE', *, *, #328, .T. ) ;
#514 = DIRECTION ( 'NONE',  ( -1.000000000000000000, -1.734723475976808080E-16, -0.000000000000000000 ) ) ;
#515 = ORIENTED_EDGE ( 'NONE', *, *, #1290, .T. ) ;
#516 = LINE ( 'NONE', #748, #424 ) ;
#517 = AXIS2_PLACEMENT_3D ( 'NONE', #217, #594, #340 ) ;
#518 = VERTEX_POINT ( 'NONE', #107 ) ;
#519 = FACE_OUTER_BOUND ( 'NONE', #238, .T. ) ;
#520 = CARTESIAN_POINT ( 'NONE',  ( 58.00000000000000711, 13.99999999999999645, 14.00000000000000000 ) ) ;
#521 = DIRECTION ( 'NONE',  ( 0.000000000000000000, -0.000000000000000000, -1.000000000000000000 ) ) ;
#522 = CARTESIAN_POINT ( 'NONE',  ( 45.50000000000000711, 14.00000000000000888, 14.00000000000000000 ) ) ;
#523 = ORIENTED_EDGE ( 'NONE', *, *, #1361, .F. ) ;
#524 = AXIS2_PLACEMENT_3D ( 'NONE', #1262, #930, #1562 ) ;
#525 = CARTESIAN_POINT ( 'NONE',  ( 60.00000000000001421, 14.00000000000001421, 14.00000000000000000 ) ) ;
#526 = ORIENTED_EDGE ( 'NONE', *, *, #1316, .F. ) ;
#527 = EDGE_CURVE ( 'NONE', #545, #179, #1322, .T. ) ;
#528 = EDGE_CURVE ( 'NONE', #1434, #758, #872, .T. ) ;
#529 = ORIENTED_EDGE ( 'NONE', *, *, #205, .T. ) ;
#530 = VECTOR ( 'NONE', #913, 1000.000000000000000 ) ;
#531 = DIRECTION ( 'NONE',  ( -1.000000000000000000, 0.000000000000000000, 0.000000000000000000 ) ) ;
#532 = DIRECTION ( 'NONE',  ( -0.000000000000000000, -0.000000000000000000, -1.000000000000000000 ) ) ;
#533 = VERTEX_POINT ( 'NONE', #389 ) ;
#534 = CARTESIAN_POINT ( 'NONE',  ( 48.50000000000000000, 14.00000000000000533, 14.00000000000000000 ) ) ;
#535 = ORIENTED_EDGE ( 'NONE', *, *, #936, .T. ) ;
#536 = ORIENTED_EDGE ( 'NONE', *, *, #182, .T. ) ;
#537 = DIRECTION ( 'NONE',  ( -0.000000000000000000, -0.000000000000000000, -1.000000000000000000 ) ) ;
#538 = CARTESIAN_POINT ( 'NONE',  ( 36.00000000000000711, 19.00000000000000711, 14.00000000000000000 ) ) ;
#539 = EDGE_LOOP ( 'NONE', ( #975, #264, #523, #548 ) ) ;
#540 = ORIENTED_EDGE ( 'NONE', *, *, #990, .T. ) ;
#541 = ORIENTED_EDGE ( 'NONE', *, *, #1353, .T. ) ;
#542 = FACE_OUTER_BOUND ( 'NONE', #1281, .T. ) ;
#543 = EDGE_CURVE ( 'NONE', #625, #1125, #267, .T. ) ;
#544 = CARTESIAN_POINT ( 'NONE',  ( 14.99999999999999822, 26.00000000000000355, 14.00000000000000000 ) ) ;
#545 = VERTEX_POINT ( 'NONE', #1241 ) ;
#546 = ADVANCED_FACE ( 'NONE', ( #637 ), #1097, .T. ) ;
#547 = ORIENTED_EDGE ( 'NONE', *, *, #1116, .F. ) ;
#548 = ORIENTED_EDGE ( 'NONE', *, *, #700, .T. ) ;
#549 = EDGE_CURVE ( 'NONE', #452, #664, #359, .T. ) ;
#550 = LINE ( 'NONE', #61, #572 ) ;
#551 = AXIS2_PLACEMENT_3D ( 'NONE', #826, #1096, #707 ) ;
#552 = CARTESIAN_POINT ( 'NONE',  ( -5.630063662273810062E-16, 16.00000000000000000, 2.000000000000000444 ) ) ;
#553 = ORIENTED_EDGE ( 'NONE', *, *, #1504, .F. ) ;
#554 = VERTEX_POINT ( 'NONE', #1222 ) ;
#555 = EDGE_LOOP ( 'NONE', ( #1172, #1181, #799, #1347 ) ) ;
#556 = CARTESIAN_POINT ( 'NONE',  ( 58.00000000000000000, 19.00000000000000355, 14.00000000000000000 ) ) ;
#557 = CIRCLE ( 'NONE', #300, 2.000000000000001776 ) ;
#558 = CARTESIAN_POINT ( 'NONE',  ( -10.00000000000000000, 13.00000000000000178, 1.999999999999999112 ) ) ;
#559 = DIRECTION ( 'NONE',  ( 1.000000000000000000, 0.000000000000000000, 0.000000000000000000 ) ) ;
#560 = ORIENTED_EDGE ( 'NONE', *, *, #562, .T. ) ;
#561 = ORIENTED_EDGE ( 'NONE', *, *, #428, .T. ) ;
#562 = EDGE_CURVE ( 'NONE', #784, #1001, #1231, .T. ) ;
#563 = ORIENTED_EDGE ( 'NONE', *, *, #182, .F. ) ;
#564 = EDGE_CURVE ( 'NONE', #281, #273, #85, .T. ) ;
#565 = DIRECTION ( 'NONE',  ( 1.000000000000000000, 0.000000000000000000, 0.000000000000000000 ) ) ;
#566 = DIRECTION ( 'NONE',  ( 1.000000000000000000, 0.000000000000000000, 0.000000000000000000 ) ) ;
#567 = EDGE_LOOP ( 'NONE', ( #387, #1152, #298, #45 ) ) ;
#568 = ORIENTED_EDGE ( 'NONE', *, *, #1401, .F. ) ;
#569 = ORIENTED_EDGE ( 'NONE', *, *, #720, .F. ) ;
#570 = EDGE_CURVE ( 'NONE', #163, #533, #674, .T. ) ;
#571 = DIRECTION ( 'NONE',  ( -1.000000000000000000, -3.518789788921131289E-17, 0.000000000000000000 ) ) ;
#572 = VECTOR ( 'NONE', #1269, 1000.000000000000000 ) ;
#573 = EDGE_CURVE ( 'NONE', #533, #273, #488, .T. ) ;
#574 = CIRCLE ( 'NONE', #821, 2.000000000000000000 ) ;
#575 = DIRECTION ( 'NONE',  ( -1.000000000000000000, 0.000000000000000000, 0.000000000000000000 ) ) ;
#576 = ORIENTED_EDGE ( 'NONE', *, *, #426, .F. ) ;
#577 = DIRECTION ( 'NONE',  ( -1.000000000000000000, 4.625929269271498733E-16, -0.000000000000000000 ) ) ;
#578 = AXIS2_PLACEMENT_3D ( 'NONE', #119, #1364, #610 ) ;
#579 = DIRECTION ( 'NONE',  ( -3.518789788921131289E-17, 1.000000000000000000, 0.000000000000000000 ) ) ;
#580 = APPLICATION_PROTOCOL_DEFINITION ( 'international standard', 'config_control_design', 1994, #1280 ) ;
#581 = ORIENTED_EDGE ( 'NONE', *, *, #1085, .T. ) ;
#582 = FACE_OUTER_BOUND ( 'NONE', #1054, .T. ) ;
#583 = EDGE_CURVE ( 'NONE', #179, #958, #597, .T. ) ;
#584 = VECTOR ( 'NONE', #830, 1000.000000000000000 ) ;
#585 = EDGE_CURVE ( 'NONE', #1490, #1583, #134, .T. ) ;
#586 = CARTESIAN_POINT ( 'NONE',  ( 48.49999999999999289, 18.99999999999998224, 0.000000000000000000 ) ) ;
#587 = FACE_OUTER_BOUND ( 'NONE', #1300, .T. ) ;
#588 = SECURITY_CLASSIFICATION ( '', '', #1564 ) ;
#589 = DIRECTION ( 'NONE',  ( 3.518789788921131289E-17, -1.000000000000000000, 0.000000000000000000 ) ) ;
#590 = DIRECTION ( 'NONE',  ( -1.000000000000000000, -3.518789788921131289E-17, 0.000000000000000000 ) ) ;
#591 = DATE_AND_TIME ( #1083, #489 ) ;
#592 = ORIENTED_EDGE ( 'NONE', *, *, #1159, .T. ) ;
#593 = VECTOR ( 'NONE', #1312, 1000.000000000000000 ) ;
#594 = DIRECTION ( 'NONE',  ( -3.518789788921131289E-17, 1.000000000000000000, 0.000000000000000000 ) ) ;
#595 = AXIS2_PLACEMENT_3D ( 'NONE', #234, #116, #367 ) ;
#596 = CARTESIAN_POINT ( 'NONE',  ( -4.999999999999999112, 16.00000000000000000, 6.999999999999999112 ) ) ;
#597 = LINE ( 'NONE', #993, #976 ) ;
#598 = DIRECTION ( 'NONE',  ( 0.8320502943378436100, 0.5547001962252292584, 0.000000000000000000 ) ) ;
#599 = LINE ( 'NONE', #618, #64 ) ;
#600 = VERTEX_POINT ( 'NONE', #714 ) ;
#601 = VECTOR ( 'NONE', #126, 1000.000000000000000 ) ;
#602 = CARTESIAN_POINT ( 'NONE',  ( 34.00000000000000000, 18.99999999999998934, 14.00000000000000000 ) ) ;
#603 = FACE_OUTER_BOUND ( 'NONE', #926, .T. ) ;
#604 = APPROVAL ( #1444, 'UNSPECIFIED' ) ;
#605 = ADVANCED_FACE ( 'NONE', ( #542 ), #667, .F. ) ;
#606 = EDGE_CURVE ( 'NONE', #1565, #334, #1521, .T. ) ;
#607 = CARTESIAN_POINT ( 'NONE',  ( 0.000000000000000000, 16.00000000000000000, 14.00000000000000000 ) ) ;
#608 = DIRECTION ( 'NONE',  ( -1.000000000000000000, 0.000000000000000000, 0.000000000000000000 ) ) ;
#609 = LINE ( 'NONE', #973, #283 ) ;
#610 = DIRECTION ( 'NONE',  ( -1.000000000000000000, 0.000000000000000000, -0.000000000000000000 ) ) ;
#611 = ORIENTED_EDGE ( 'NONE', *, *, #1041, .F. ) ;
#612 = AXIS2_PLACEMENT_3D ( 'NONE', #90, #579, #590 ) ;
#613 = CARTESIAN_POINT ( 'NONE',  ( 48.76794919243111792, 13.00000000000000355, 14.00000000000000000 ) ) ;
#614 = CARTESIAN_POINT ( 'NONE',  ( 14.99999999999999822, 26.00000000000000355, 0.000000000000000000 ) ) ;
#615 = CARTESIAN_POINT ( 'NONE',  ( 69.00000000000000000, 13.00000000000000355, 7.000000000000000000 ) ) ;
#616 = DIRECTION ( 'NONE',  ( -1.000000000000000000, 0.000000000000000000, -1.301042606982605321E-16 ) ) ;
#617 = FACE_OUTER_BOUND ( 'NONE', #180, .T. ) ;
#618 = CARTESIAN_POINT ( 'NONE',  ( -5.630063662273810062E-16, 16.00000000000000000, 2.000000000000000444 ) ) ;
#619 = ORIENTED_EDGE ( 'NONE', *, *, #583, .F. ) ;
#620 = ADVANCED_FACE ( 'NONE', ( #1158 ), #770, .F. ) ;
#621 = CARTESIAN_POINT ( 'NONE',  ( 43.50000000000000711, 13.99999999999999467, 14.00000000000000000 ) ) ;
#622 = DIRECTION ( 'NONE',  ( 1.000000000000000000, 3.518789788921131289E-17, 0.000000000000000000 ) ) ;
#623 = AXIS2_PLACEMENT_3D ( 'NONE', #929, #207, #314 ) ;
#624 = VECTOR ( 'NONE', #510, 1000.000000000000000 ) ;
#625 = VERTEX_POINT ( 'NONE', #672 ) ;
#626 = LINE ( 'NONE', #1106, #404 ) ;
#627 = CARTESIAN_POINT ( 'NONE',  ( 71.00000000000001421, 16.00000000000000000, 7.000000000000000000 ) ) ;
#628 = CARTESIAN_POINT ( 'NONE',  ( 21.50000000000000000, 12.00000000000000533, 14.00000000000000000 ) ) ;
#629 = CARTESIAN_POINT ( 'NONE',  ( 48.49999999999999289, 18.99999999999998224, 14.00000000000000000 ) ) ;
#630 = ORIENTED_EDGE ( 'NONE', *, *, #1204, .F. ) ;
#631 = CARTESIAN_POINT ( 'NONE',  ( -4.999999999999999112, 13.00000000000000178, 6.999999999999999112 ) ) ;
#632 = ORIENTED_EDGE ( 'NONE', *, *, #720, .T. ) ;
#633 = CARTESIAN_POINT ( 'NONE',  ( -1.787653165374733770E-15, 16.00000000000000000, 11.99999999999999822 ) ) ;
#634 = VECTOR ( 'NONE', #1489, 1000.000000000000000 ) ;
#635 = ORIENTED_EDGE ( 'NONE', *, *, #131, .F. ) ;
#636 = DIRECTION ( 'NONE',  ( 0.000000000000000000, 0.000000000000000000, -1.000000000000000000 ) ) ;
#637 = FACE_OUTER_BOUND ( 'NONE', #792, .T. ) ;
#638 = CC_DESIGN_PERSON_AND_ORGANIZATION_ASSIGNMENT ( #817, #1432, ( #898 ) ) ;
#639 = DIRECTION ( 'NONE',  ( 1.734723475976808080E-16, -1.000000000000000000, 0.000000000000000000 ) ) ;
#640 = CARTESIAN_POINT ( 'NONE',  ( 50.49999999999999289, 19.00000000000000355, 14.00000000000000000 ) ) ;
#641 = ORIENTED_EDGE ( 'NONE', *, *, #1465, .F. ) ;
#642 = EDGE_CURVE ( 'NONE', #1009, #1426, #416, .T. ) ;
#643 = DIRECTION ( 'NONE',  ( 3.518789788921131289E-17, -1.000000000000000000, 0.000000000000000000 ) ) ;
#644 = ORIENTED_EDGE ( 'NONE', *, *, #171, .F. ) ;
#645 = VECTOR ( 'NONE', #825, 1000.000000000000000 ) ;
#646 = ORIENTED_EDGE ( 'NONE', *, *, #1286, .F. ) ;
#647 = LINE ( 'NONE', #1412, #879 ) ;
#648 = PLANE ( 'NONE',  #947 ) ;
#649 = ORIENTED_EDGE ( 'NONE', *, *, #1349, .F. ) ;
#650 = CARTESIAN_POINT ( 'NONE',  ( 65.00000000000000000, 16.00000000000000000, 12.00000000000000000 ) ) ;
#651 = ORIENTED_EDGE ( 'NONE', *, *, #802, .F. ) ;
#652 = ORIENTED_EDGE ( 'NONE', *, *, #1445, .F. ) ;
#653 = AXIS2_PLACEMENT_3D ( 'NONE', #46, #29, #531 ) ;
#654 = DIRECTION ( 'NONE',  ( -1.000000000000000000, 0.000000000000000000, 0.000000000000000000 ) ) ;
#655 = DIRECTION ( 'NONE',  ( 1.000000000000000000, 0.000000000000000000, -0.000000000000000000 ) ) ;
#656 = ORIENTED_EDGE ( 'NONE', *, *, #1405, .F. ) ;
#657 = ORIENTED_EDGE ( 'NONE', *, *, #703, .T. ) ;
#658 = EDGE_CURVE ( 'NONE', #272, #554, #1036, .T. ) ;
#659 = ORIENTED_EDGE ( 'NONE', *, *, #1022, .F. ) ;
#660 = DIRECTION ( 'NONE',  ( -1.000000000000000000, 0.000000000000000000, 1.734723475976807094E-16 ) ) ;
#661 = ADVANCED_FACE ( 'NONE', ( #409 ), #897, .F. ) ;
#662 = CARTESIAN_POINT ( 'NONE',  ( -3.999999999999999112, 16.00000000000000000, 6.999999999999999112 ) ) ;
#663 = ORIENTED_EDGE ( 'NONE', *, *, #1145, .F. ) ;
#664 = VERTEX_POINT ( 'NONE', #1506 ) ;
#665 = EDGE_LOOP ( 'NONE', ( #1048, #809, #296, #529 ) ) ;
#666 = AXIS2_PLACEMENT_3D ( 'NONE', #1223, #491, #521 ) ;
#667 = CYLINDRICAL_SURFACE ( 'NONE', #778, 2.000000000000001776 ) ;
#668 = LINE ( 'NONE', #662, #258 ) ;
#669 = ORIENTED_EDGE ( 'NONE', *, *, #335, .T. ) ;
#670 = AXIS2_PLACEMENT_3D ( 'NONE', #538, #532, #1391 ) ;
#671 = ORIENTED_EDGE ( 'NONE', *, *, #1401, .T. ) ;
#672 = CARTESIAN_POINT ( 'NONE',  ( -5.999999999999999112, 16.00000000000000000, 6.999999999999999112 ) ) ;
#673 = LINE ( 'NONE', #1510, #209 ) ;
#674 = CIRCLE ( 'NONE', #1608, 1.999999999999998224 ) ;
#675 = CARTESIAN_POINT ( 'NONE',  ( 75.00000000000000000, 13.00000000000000533, 2.000000000000000000 ) ) ;
#676 = VERTEX_POINT ( 'NONE', #1397 ) ;
#677 = MANIFOLD_SOLID_BREP ( 'Cut-Extrude1', #1027 ) ;
#678 = EDGE_CURVE ( 'NONE', #174, #985, #431, .T. ) ;
#679 = ORIENTED_EDGE ( 'NONE', *, *, #1430, .F. ) ;
#680 = ORIENTED_EDGE ( 'NONE', *, *, #1257, .T. ) ;
#681 = DIRECTION ( 'NONE',  ( 0.000000000000000000, 0.000000000000000000, 1.000000000000000000 ) ) ;
#682 = CARTESIAN_POINT ( 'NONE',  ( 48.49999999999999289, 18.99999999999998224, 14.00000000000000000 ) ) ;
#683 = CARTESIAN_POINT ( 'NONE',  ( 19.76794919243111792, 13.00000000000000178, 14.00000000000000000 ) ) ;
#684 = DIRECTION ( 'NONE',  ( -0.000000000000000000, -0.000000000000000000, -1.000000000000000000 ) ) ;
#685 = APPROVAL_DATE_TIME ( #1188, #604 ) ;
#686 = VERTEX_POINT ( 'NONE', #1261 ) ;
#687 = ORIENTED_EDGE ( 'NONE', *, *, #278, .F. ) ;
#688 = LINE ( 'NONE', #885, #1473 ) ;
#689 = DIRECTION ( 'NONE',  ( 0.000000000000000000, 0.000000000000000000, 1.000000000000000000 ) ) ;
#690 = DIRECTION ( 'NONE',  ( 0.5547001962252292584, -0.8320502943378436100, 0.000000000000000000 ) ) ;
#691 = VECTOR ( 'NONE', #295, 1000.000000000000000 ) ;
#692 = ORIENTED_EDGE ( 'NONE', *, *, #1136, .T. ) ;
#693 = DIRECTION ( 'NONE',  ( 0.000000000000000000, 0.000000000000000000, 1.000000000000000000 ) ) ;
#694 = AXIS2_PLACEMENT_3D ( 'NONE', #299, #788, #1285 ) ;
#695 = VECTOR ( 'NONE', #878, 1000.000000000000000 ) ;
#696 = CARTESIAN_POINT ( 'NONE',  ( 33.50000000000000000, 26.00000000000000355, 7.000000000000000000 ) ) ;
#697 = COORDINATED_UNIVERSAL_TIME_OFFSET ( 5, 30, .AHEAD. ) ;
#698 = ORIENTED_EDGE ( 'NONE', *, *, #1284, .T. ) ;
#699 = EDGE_CURVE ( 'NONE', #958, #891, #749, .T. ) ;
#700 = EDGE_CURVE ( 'NONE', #443, #50, #422, .T. ) ;
#701 = CARTESIAN_POINT ( 'NONE',  ( 45.50000000000000711, 14.00000000000000888, 0.000000000000000000 ) ) ;
#702 = VECTOR ( 'NONE', #1458, 1000.000000000000000 ) ;
#703 = EDGE_CURVE ( 'NONE', #985, #286, #574, .T. ) ;
#704 = DIRECTION ( 'NONE',  ( -0.000000000000000000, -0.000000000000000000, 1.000000000000000000 ) ) ;
#705 = COORDINATED_UNIVERSAL_TIME_OFFSET ( 5, 30, .AHEAD. ) ;
#706 = LINE ( 'NONE', #346, #154 ) ;
#707 = DIRECTION ( 'NONE',  ( 1.000000000000000000, 0.000000000000000000, 0.000000000000000000 ) ) ;
#708 = AXIS2_PLACEMENT_3D ( 'NONE', #801, #839, #565 ) ;
#709 = DIRECTION ( 'NONE',  ( 0.000000000000000000, 0.000000000000000000, -1.000000000000000000 ) ) ;
#710 = CALENDAR_DATE ( 2026, 1, 3 ) ;
#711 = EDGE_LOOP ( 'NONE', ( #1132, #1256, #1093, #751 ) ) ;
#712 = CARTESIAN_POINT ( 'NONE',  ( 50.50000000000000711, 21.00000000000000000, 14.00000000000000000 ) ) ;
#713 = DIRECTION ( 'NONE',  ( 1.000000000000000000, 0.000000000000000000, 0.000000000000000000 ) ) ;
#714 = CARTESIAN_POINT ( 'NONE',  ( 57.99999999999998579, 21.00000000000000000, 0.000000000000000000 ) ) ;
#715 = CARTESIAN_POINT ( 'NONE',  ( -5.630063662273810062E-16, 16.00000000000000000, 2.000000000000000444 ) ) ;
#716 = DIRECTION ( 'NONE',  ( 0.000000000000000000, 0.000000000000000000, -1.000000000000000000 ) ) ;
#717 = EDGE_LOOP ( 'NONE', ( #1519, #419, #59, #687 ) ) ;
#718 = CIRCLE ( 'NONE', #233, 2.000000000000001776 ) ;
#719 = DIRECTION ( 'NONE',  ( 3.518789788921131289E-17, -1.000000000000000000, 0.000000000000000000 ) ) ;
#720 = EDGE_CURVE ( 'NONE', #311, #1288, #1276, .T. ) ;
#721 = LINE ( 'NONE', #1341, #307 ) ;
#722 = EDGE_CURVE ( 'NONE', #1028, #934, #1578, .T. ) ;
#723 = VECTOR ( 'NONE', #753, 1000.000000000000000 ) ;
#724 = CARTESIAN_POINT ( 'NONE',  ( 65.00000000000000000, 16.00000000000000000, 2.000000000000000000 ) ) ;
#725 = DIRECTION ( 'NONE',  ( 1.301042606982605321E-16, 4.578095440401720781E-33, -1.000000000000000000 ) ) ;
#726 = DIRECTION ( 'NONE',  ( -1.000000000000000000, -0.000000000000000000, -0.000000000000000000 ) ) ;
#727 = FACE_OUTER_BOUND ( 'NONE', #1044, .T. ) ;
#728 = VERTEX_POINT ( 'NONE', #284 ) ;
#729 = DIRECTION ( 'NONE',  ( 1.000000000000000000, 0.000000000000000000, 0.000000000000000000 ) ) ;
#730 = CARTESIAN_POINT ( 'NONE',  ( 0.000000000000000000, 0.000000000000000000, 0.000000000000000000 ) ) ;
#731 = EDGE_CURVE ( 'NONE', #891, #600, #794, .T. ) ;
#732 = LINE ( 'NONE', #123, #1384 ) ;
#733 = EDGE_CURVE ( 'NONE', #174, #518, #647, .T. ) ;
#734 = CARTESIAN_POINT ( 'NONE',  ( -5.630063662273810062E-16, 16.00000000000000000, 2.000000000000000444 ) ) ;
#735 = CARTESIAN_POINT ( 'NONE',  ( 34.26794919243111792, 13.00000000000000533, 0.000000000000000000 ) ) ;
#736 = CARTESIAN_POINT ( 'NONE',  ( 0.000000000000000000, 16.00000000000000000, 14.00000000000000000 ) ) ;
#737 = ORIENTED_EDGE ( 'NONE', *, *, #1306, .F. ) ;
#738 = CIRCLE ( 'NONE', #1547, 1.000000000000000888 ) ;
#739 = DIRECTION ( 'NONE',  ( -1.000000000000000000, 0.000000000000000000, 1.734723475976807094E-16 ) ) ;
#740 = CARTESIAN_POINT ( 'NONE',  ( 14.99999999999999822, 26.00000000000000355, 14.00000000000000000 ) ) ;
#741 = CARTESIAN_POINT ( 'NONE',  ( -10.00000000000000178, 16.00000000000000000, 12.00000000000000000 ) ) ;
#742 = CYLINDRICAL_SURFACE ( 'NONE', #210, 2.000000000000001776 ) ;
#743 = DIRECTION ( 'NONE',  ( -1.000000000000000000, 0.000000000000000000, 0.000000000000000000 ) ) ;
#744 = LINE ( 'NONE', #492, #761 ) ;
#745 = VERTEX_POINT ( 'NONE', #1169 ) ;
#746 = DIRECTION ( 'NONE',  ( 1.000000000000000000, 0.000000000000000000, 0.000000000000000000 ) ) ;
#747 = ORIENTED_EDGE ( 'NONE', *, *, #755, .T. ) ;
#748 = CARTESIAN_POINT ( 'NONE',  ( -4.574426725597470491E-16, 13.00000000000000178, 14.00000000000000000 ) ) ;
#749 = CIRCLE ( 'NONE', #653, 2.000000000000001776 ) ;
#750 = AXIS2_PLACEMENT_3D ( 'NONE', #520, #253, #1352 ) ;
#751 = ORIENTED_EDGE ( 'NONE', *, *, #1482, .F. ) ;
#752 = EDGE_CURVE ( 'NONE', #625, #1278, #550, .T. ) ;
#753 = DIRECTION ( 'NONE',  ( 3.518789788921131289E-17, -1.000000000000000000, 0.000000000000000000 ) ) ;
#754 = DIRECTION ( 'NONE',  ( 1.000000000000000000, 0.000000000000000000, -1.734723475976807094E-16 ) ) ;
#755 = EDGE_CURVE ( 'NONE', #775, #600, #950, .T. ) ;
#756 = DIRECTION ( 'NONE',  ( 3.518789788921131289E-17, -1.000000000000000000, 0.000000000000000000 ) ) ;
#757 = PLANE ( 'NONE',  #578 ) ;
#758 = VERTEX_POINT ( 'NONE', #176 ) ;
#759 = FACE_OUTER_BOUND ( 'NONE', #1518, .T. ) ;
#760 = EDGE_LOOP ( 'NONE', ( #69, #576, #34, #917 ) ) ;
#761 = VECTOR ( 'NONE', #237, 1000.000000000000000 ) ;
#762 = ORIENTED_EDGE ( 'NONE', *, *, #37, .T. ) ;
#763 = CARTESIAN_POINT ( 'NONE',  ( 14.99999999999999822, 26.00000000000000355, 14.00000000000000000 ) ) ;
#764 = PLANE ( 'NONE',  #524 ) ;
#765 = ORIENTED_EDGE ( 'NONE', *, *, #103, .T. ) ;
#766 = LINE ( 'NONE', #534, #263 ) ;
#767 = ORIENTED_EDGE ( 'NONE', *, *, #549, .T. ) ;
#768 = AXIS2_PLACEMENT_3D ( 'NONE', #1443, #690, #598 ) ;
#769 = ORIENTED_EDGE ( 'NONE', *, *, #1184, .F. ) ;
#770 = CYLINDRICAL_SURFACE ( 'NONE', #1449, 2.000000000000001776 ) ;
#771 = CARTESIAN_POINT ( 'NONE',  ( 71.00000000000001421, 16.00000000000000000, 7.000000000000000000 ) ) ;
#772 = ORIENTED_EDGE ( 'NONE', *, *, #868, .F. ) ;
#773 = VECTOR ( 'NONE', #81, 1000.000000000000000 ) ;
#774 = CC_DESIGN_PERSON_AND_ORGANIZATION_ASSIGNMENT ( #1196, #932, ( #1139 ) ) ;
#775 = VERTEX_POINT ( 'NONE', #1147 ) ;
#776 = ADVANCED_FACE ( 'NONE', ( #1382 ), #38, .T. ) ;
#777 = EDGE_CURVE ( 'NONE', #1260, #459, #766, .T. ) ;
#778 = AXIS2_PLACEMENT_3D ( 'NONE', #556, #537, #1153 ) ;
#779 = ORIENTED_EDGE ( 'NONE', *, *, #1502, .T. ) ;
#780 = AXIS2_PLACEMENT_3D ( 'NONE', #386, #866, #980 ) ;
#781 = DIRECTION ( 'NONE',  ( -1.000000000000000000, -5.337610695313252371E-16, 0.000000000000000000 ) ) ;
#782 = ADVANCED_FACE ( 'NONE', ( #1317 ), #1177, .F. ) ;
#783 = DIRECTION ( 'NONE',  ( 0.000000000000000000, -1.000000000000000000, 0.000000000000000000 ) ) ;
#784 = VERTEX_POINT ( 'NONE', #815 ) ;
#785 = ORIENTED_EDGE ( 'NONE', *, *, #528, .T. ) ;
#786 = VECTOR ( 'NONE', #4, 1000.000000000000000 ) ;
#787 = ORIENTED_EDGE ( 'NONE', *, *, #137, .T. ) ;
#788 = DIRECTION ( 'NONE',  ( 0.000000000000000000, 0.000000000000000000, 1.000000000000000000 ) ) ;
#789 = EDGE_CURVE ( 'NONE', #1288, #493, #186, .T. ) ;
#790 = DIRECTION ( 'NONE',  ( -1.000000000000000000, -0.000000000000000000, -0.000000000000000000 ) ) ;
#791 = ORIENTED_EDGE ( 'NONE', *, *, #1159, .F. ) ;
#792 = EDGE_LOOP ( 'NONE', ( #547, #568, #785, #144 ) ) ;
#793 = AXIS2_PLACEMENT_3D ( 'NONE', #1187, #823, #709 ) ;
#794 = LINE ( 'NONE', #54, #1242 ) ;
#795 = CARTESIAN_POINT ( 'NONE',  ( 65.00000000000000000, 13.00000000000000355, 0.000000000000000000 ) ) ;
#796 = CARTESIAN_POINT ( 'NONE',  ( 5.267949192431118810, 13.00000000000000178, 0.000000000000000000 ) ) ;
#797 = VERTEX_POINT ( 'NONE', #320 ) ;
#798 = LOCAL_TIME ( 18, 40, 8.000000000000000000, #215 ) ;
#799 = ORIENTED_EDGE ( 'NONE', *, *, #44, .T. ) ;
#800 = ORIENTED_EDGE ( 'NONE', *, *, #1466, .F. ) ;
#801 = CARTESIAN_POINT ( 'NONE',  ( 70.00000000000000000, 16.00000000000000000, 7.000000000000000000 ) ) ;
#802 = EDGE_CURVE ( 'NONE', #1549, #452, #811, .T. ) ;
#803 = DIRECTION ( 'NONE',  ( -0.000000000000000000, -0.000000000000000000, -1.000000000000000000 ) ) ;
#804 = CARTESIAN_POINT ( 'NONE',  ( 32.50000000000000000, 13.00000000000000355, 7.000000000000000000 ) ) ;
#805 = EDGE_CURVE ( 'NONE', #32, #1209, #673, .T. ) ;
#806 = ORIENTED_EDGE ( 'NONE', *, *, #1502, .F. ) ;
#807 = PERSON_AND_ORGANIZATION ( #357, #1471 ) ;
#808 = ORIENTED_EDGE ( 'NONE', *, *, #1012, .F. ) ;
#809 = ORIENTED_EDGE ( 'NONE', *, *, #940, .T. ) ;
#810 = CIRCLE ( 'NONE', #827, 2.000000000000001776 ) ;
#811 = LINE ( 'NONE', #1046, #1165 ) ;
#812 = LINE ( 'NONE', #200, #1270 ) ;
#813 = VERTEX_POINT ( 'NONE', #158 ) ;
#814 = AXIS2_PLACEMENT_3D ( 'NONE', #1233, #125, #743 ) ;
#815 = CARTESIAN_POINT ( 'NONE',  ( 31.50000000000000000, 26.00000000000000355, 7.000000000000000000 ) ) ;
#816 = CARTESIAN_POINT ( 'NONE',  ( 7.000000000000013323, 14.00000000000000711, 14.00000000000000000 ) ) ;
#817 = PERSON_AND_ORGANIZATION ( #357, #1471 ) ;
#818 = EDGE_CURVE ( 'NONE', #909, #1028, #1053, .T. ) ;
#819 = ORIENTED_EDGE ( 'NONE', *, *, #103, .F. ) ;
#820 = FACE_OUTER_BOUND ( 'NONE', #1275, .T. ) ;
#821 = AXIS2_PLACEMENT_3D ( 'NONE', #889, #1407, #882 ) ;
#822 = EDGE_CURVE ( 'NONE', #934, #664, #183, .T. ) ;
#823 = DIRECTION ( 'NONE',  ( -0.000000000000000000, 1.000000000000000000, -0.000000000000000000 ) ) ;
#824 = PERSON_AND_ORGANIZATION ( #357, #1471 ) ;
#825 = DIRECTION ( 'NONE',  ( -0.000000000000000000, -1.000000000000000000, -0.000000000000000000 ) ) ;
#826 = CARTESIAN_POINT ( 'NONE',  ( -4.999999999999999112, 16.00000000000000000, 6.999999999999999112 ) ) ;
#827 = AXIS2_PLACEMENT_3D ( 'NONE', #1094, #855, #384 ) ;
#828 = DIRECTION ( 'NONE',  ( 1.000000000000000000, 3.518789788921131289E-17, 0.000000000000000000 ) ) ;
#829 = APPROVAL_STATUS ( 'not_yet_approved' ) ;
#830 = DIRECTION ( 'NONE',  ( 1.000000000000000000, 1.734723475976808080E-16, 0.000000000000000000 ) ) ;
#831 = DIRECTION ( 'NONE',  ( 0.000000000000000000, -1.000000000000000000, 0.000000000000000000 ) ) ;
#832 = LINE ( 'NONE', #1475, #880 ) ;
#833 = VECTOR ( 'NONE', #1550, 1000.000000000000000 ) ;
#834 = EDGE_CURVE ( 'NONE', #1020, #728, #454, .T. ) ;
#835 = DIRECTION ( 'NONE',  ( 3.518789788921131289E-17, -1.000000000000000000, 0.000000000000000000 ) ) ;
#836 = PLANE ( 'NONE',  #1309 ) ;
#837 = ORIENTED_EDGE ( 'NONE', *, *, #1257, .F. ) ;
#838 = DIRECTION ( 'NONE',  ( 3.518789788921131289E-17, -1.000000000000000000, -0.000000000000000000 ) ) ;
#839 = DIRECTION ( 'NONE',  ( 3.518789788921131289E-17, -1.000000000000000000, 0.000000000000000000 ) ) ;
#840 = CIRCLE ( 'NONE', #1055, 2.000000000000001776 ) ;
#841 = CARTESIAN_POINT ( 'NONE',  ( 7.000000000000013323, 14.00000000000000711, 14.00000000000000000 ) ) ;
#842 = DIRECTION ( 'NONE',  ( -0.000000000000000000, -0.000000000000000000, -1.000000000000000000 ) ) ;
#843 = LINE ( 'NONE', #1569, #1393 ) ;
#844 = FACE_OUTER_BOUND ( 'NONE', #1556, .T. ) ;
#845 = EDGE_CURVE ( 'NONE', #784, #111, #397, .T. ) ;
#846 = ORIENTED_EDGE ( 'NONE', *, *, #135, .F. ) ;
#847 = LINE ( 'NONE', #1113, #634 ) ;
#848 = FACE_OUTER_BOUND ( 'NONE', #1112, .T. ) ;
#849 = EDGE_CURVE ( 'NONE', #797, #686, #1297, .T. ) ;
#850 = CARTESIAN_POINT ( 'NONE',  ( 21.50000000000001066, 14.00000000000000533, 14.00000000000000000 ) ) ;
#851 = CARTESIAN_POINT ( 'NONE',  ( 58.00000000000000711, 13.99999999999999645, 14.00000000000000000 ) ) ;
#852 = DIRECTION ( 'NONE',  ( 1.000000000000000000, 3.518789788921131289E-17, 0.000000000000000000 ) ) ;
#853 = DIRECTION ( 'NONE',  ( -1.224646799147352961E-16, 0.000000000000000000, 1.000000000000000000 ) ) ;
#854 = ORIENTED_EDGE ( 'NONE', *, *, #1148, .F. ) ;
#855 = DIRECTION ( 'NONE',  ( 0.000000000000000000, 0.000000000000000000, 1.000000000000000000 ) ) ;
#856 = CARTESIAN_POINT ( 'NONE',  ( 69.00000000000000000, 16.00000000000000000, 7.000000000000000000 ) ) ;
#857 = ORIENTED_EDGE ( 'NONE', *, *, #1482, .T. ) ;
#858 = LINE ( 'NONE', #1251, #1304 ) ;
#859 = CARTESIAN_POINT ( 'NONE',  ( 28.99999999999998934, 14.00000000000000178, 14.00000000000000000 ) ) ;
#860 = DIRECTION ( 'NONE',  ( 1.000000000000000000, 0.000000000000000000, 0.000000000000000000 ) ) ;
#861 = DIRECTION ( 'NONE',  ( 1.000000000000000000, 0.000000000000000000, 0.000000000000000000 ) ) ;
#862 = ORIENTED_EDGE ( 'NONE', *, *, #1065, .T. ) ;
#863 = AXIS2_PLACEMENT_3D ( 'NONE', #964, #1195, #1575 ) ;
#864 = CARTESIAN_POINT ( 'NONE',  ( 65.00000000000000000, 16.00000000000000000, 12.00000000000000000 ) ) ;
#865 = VERTEX_POINT ( 'NONE', #795 ) ;
#866 = DIRECTION ( 'NONE',  ( -4.625929269271498733E-16, -1.000000000000000000, 0.000000000000000000 ) ) ;
#867 = ADVANCED_FACE ( 'NONE', ( #1544 ), #1537, .F. ) ;
#868 = EDGE_CURVE ( 'NONE', #48, #676, #1142, .T. ) ;
#869 = ORIENTED_EDGE ( 'NONE', *, *, #642, .F. ) ;
#870 = ORIENTED_EDGE ( 'NONE', *, *, #1135, .F. ) ;
#871 = CYLINDRICAL_SURFACE ( 'NONE', #955, 1.000000000000000888 ) ;
#872 = LINE ( 'NONE', #242, #58 ) ;
#873 = DIRECTION ( 'NONE',  ( 1.000000000000000000, 0.000000000000000000, 0.000000000000000000 ) ) ;
#874 = CARTESIAN_POINT ( 'NONE',  ( 34.00000000000000000, 14.00000000000000888, 0.000000000000000000 ) ) ;
#875 = VERTEX_POINT ( 'NONE', #682 ) ;
#876 = DIRECTION ( 'NONE',  ( -1.000000000000000000, 0.000000000000000000, 0.000000000000000000 ) ) ;
#877 = VERTEX_POINT ( 'NONE', #33 ) ;
#878 = DIRECTION ( 'NONE',  ( 1.000000000000000000, 3.518789788921131289E-17, 0.000000000000000000 ) ) ;
#879 = VECTOR ( 'NONE', #181, 1000.000000000000000 ) ;
#880 = VECTOR ( 'NONE', #1129, 1000.000000000000000 ) ;
#881 = EDGE_LOOP ( 'NONE', ( #251, #102 ) ) ;
#882 = DIRECTION ( 'NONE',  ( 1.000000000000000000, 0.000000000000000000, 0.000000000000000000 ) ) ;
#883 = FACE_OUTER_BOUND ( 'NONE', #383, .T. ) ;
#884 = ORIENTED_EDGE ( 'NONE', *, *, #1308, .T. ) ;
#885 = CARTESIAN_POINT ( 'NONE',  ( 60.00000000000000711, 18.99999999999998934, 0.000000000000000000 ) ) ;
#886 = EDGE_LOOP ( 'NONE', ( #1273, #1406, #659, #657 ) ) ;
#887 = VECTOR ( 'NONE', #1247, 1000.000000000000000 ) ;
#888 = EDGE_LOOP ( 'NONE', ( #1392, #592, #988, #66 ) ) ;
#889 = CARTESIAN_POINT ( 'NONE',  ( 6.999999999999999112, 12.00000000000000711, 14.00000000000000000 ) ) ;
#890 = CARTESIAN_POINT ( 'NONE',  ( 50.50000000000000711, 21.00000000000000000, 14.00000000000000000 ) ) ;
#891 = VERTEX_POINT ( 'NONE', #405 ) ;
#892 = EDGE_CURVE ( 'NONE', #179, #36, #433, .T. ) ;
#893 = EDGE_CURVE ( 'NONE', #36, #775, #688, .T. ) ;
#894 = EDGE_LOOP ( 'NONE', ( #1283, #765, #1143, #1127 ) ) ;
#895 = VECTOR ( 'NONE', #109, 1000.000000000000000 ) ;
#896 = ORIENTED_EDGE ( 'NONE', *, *, #1602, .F. ) ;
#897 = PLANE ( 'NONE',  #1191 ) ;
#898 = PRODUCT ( 'Upper Main Body Cutted', 'Upper Main Body Cutted', '', ( #946 ) ) ;
#899 = FACE_OUTER_BOUND ( 'NONE', #175, .T. ) ;
#900 = ORIENTED_EDGE ( 'NONE', *, *, #229, .T. ) ;
#901 =( GEOMETRIC_REPRESENTATION_CONTEXT ( 3 ) GLOBAL_UNCERTAINTY_ASSIGNED_CONTEXT ( ( #192 ) ) GLOBAL_UNIT_ASSIGNED_CONTEXT ( ( #1062, #1555, #462 ) ) REPRESENTATION_CONTEXT ( 'NONE', 'WORKASPACE' ) );
#902 = EDGE_LOOP ( 'NONE', ( #941, #1505, #1310, #1441 ) ) ;
#903 = VECTOR ( 'NONE', #460, 1000.000000000000000 ) ;
#904 = ORIENTED_EDGE ( 'NONE', *, *, #51, .F. ) ;
#905 = ADVANCED_FACE ( 'NONE', ( #1294 ), #1185, .T. ) ;
#906 = VECTOR ( 'NONE', #225, 1000.000000000000000 ) ;
#907 = CARTESIAN_POINT ( 'NONE',  ( 34.26794919243111792, 13.00000000000000355, 14.00000000000000000 ) ) ;
#908 = DIRECTION ( 'NONE',  ( -1.000000000000000000, 4.625929269271498733E-16, -0.000000000000000000 ) ) ;
#909 = VERTEX_POINT ( 'NONE', #1061 ) ;
#910 = CIRCLE ( 'NONE', #216, 2.000000000000001776 ) ;
#911 = EDGE_LOOP ( 'NONE', ( #1386, #230, #1123, #536 ) ) ;
#912 = DIRECTION ( 'NONE',  ( -0.000000000000000000, -0.000000000000000000, -1.000000000000000000 ) ) ;
#913 = DIRECTION ( 'NONE',  ( -0.000000000000000000, -0.000000000000000000, -1.000000000000000000 ) ) ;
#914 = DIRECTION ( 'NONE',  ( 0.000000000000000000, 0.000000000000000000, -1.000000000000000000 ) ) ;
#915 = ORIENTED_EDGE ( 'NONE', *, *, #658, .T. ) ;
#916 = EDGE_CURVE ( 'NONE', #334, #1400, #1561, .T. ) ;
#917 = ORIENTED_EDGE ( 'NONE', *, *, #1161, .T. ) ;
#918 = AXIS2_PLACEMENT_3D ( 'NONE', #921, #113, #191 ) ;
#919 = VERTEX_POINT ( 'NONE', #1330 ) ;
#920 = ADVANCED_FACE ( 'NONE', ( #1456 ), #1203, .F. ) ;
#921 = CARTESIAN_POINT ( 'NONE',  ( 50.50000000000000000, 13.99999999999999467, 14.00000000000000000 ) ) ;
#922 = DIRECTION ( 'NONE',  ( 3.518789788921131289E-17, -1.000000000000000000, 0.000000000000000000 ) ) ;
#923 = DIRECTION ( 'NONE',  ( 0.000000000000000000, -1.000000000000000000, 0.000000000000000000 ) ) ;
#924 = ORIENTED_EDGE ( 'NONE', *, *, #369, .F. ) ;
#925 = VECTOR ( 'NONE', #914, 1000.000000000000000 ) ;
#926 = EDGE_LOOP ( 'NONE', ( #277, #1532, #43, #767 ) ) ;
#927 = VERTEX_POINT ( 'NONE', #336 ) ;
#928 = VECTOR ( 'NONE', #922, 1000.000000000000000 ) ;
#929 = CARTESIAN_POINT ( 'NONE',  ( 21.50000000000000000, 12.00000000000000533, 0.000000000000000000 ) ) ;
#930 = DIRECTION ( 'NONE',  ( 4.625929269271502677E-16, -1.000000000000000000, 0.000000000000000000 ) ) ;
#931 = VERTEX_POINT ( 'NONE', #94 ) ;
#932 = PERSON_AND_ORGANIZATION_ROLE ( 'creator' ) ;
#933 = ORIENTED_EDGE ( 'NONE', *, *, #573, .F. ) ;
#934 = VERTEX_POINT ( 'NONE', #701 ) ;
#935 = CARTESIAN_POINT ( 'NONE',  ( 45.23205080756888918, 13.00000000000000355, 14.00000000000000000 ) ) ;
#936 = EDGE_CURVE ( 'NONE', #459, #813, #718, .T. ) ;
#937 = CARTESIAN_POINT ( 'NONE',  ( 71.00000000000001421, 13.00000000000000355, 7.000000000000000000 ) ) ;
#938 = CARTESIAN_POINT ( 'NONE',  ( 30.73205080756887853, 13.00000000000000355, 14.00000000000000000 ) ) ;
#939 = CARTESIAN_POINT ( 'NONE',  ( 0.000000000000000000, 0.000000000000000000, 0.000000000000000000 ) ) ;
#940 = EDGE_CURVE ( 'NONE', #676, #1527, #1351, .T. ) ;
#941 = ORIENTED_EDGE ( 'NONE', *, *, #328, .F. ) ;
#942 = ADVANCED_FACE ( 'NONE', ( #358 ), #218, .F. ) ;
#943 = AXIS2_PLACEMENT_3D ( 'NONE', #254, #1363, #23 ) ;
#944 = CYLINDRICAL_SURFACE ( 'NONE', #1109, 1.000000000000000000 ) ;
#945 = DIRECTION ( 'NONE',  ( 1.000000000000000000, -2.312964634635751339E-16, 0.000000000000000000 ) ) ;
#946 = MECHANICAL_CONTEXT ( 'NONE', #1280, 'mechanical' ) ;
#947 = AXIS2_PLACEMENT_3D ( 'NONE', #890, #783, #165 ) ;
#948 = CARTESIAN_POINT ( 'NONE',  ( 65.00000000000000000, 13.00000000000000355, 2.000000000000000000 ) ) ;
#949 = CARTESIAN_POINT ( 'NONE',  ( 50.49999999999999289, 19.00000000000000355, 14.00000000000000000 ) ) ;
#950 = CIRCLE ( 'NONE', #84, 2.000000000000001776 ) ;
#951 = CARTESIAN_POINT ( 'NONE',  ( 70.00000000000000000, 13.00000000000000355, 7.000000000000000000 ) ) ;
#952 = APPROVAL_STATUS ( 'not_yet_approved' ) ;
#953 = PLANE ( 'NONE',  #1534 ) ;
#954 = CARTESIAN_POINT ( 'NONE',  ( 16.23205080756887853, 13.00000000000000178, 14.00000000000000000 ) ) ;
#955 = AXIS2_PLACEMENT_3D ( 'NONE', #992, #1118, #1493 ) ;
#956 = DIRECTION ( 'NONE',  ( 1.000000000000000000, 3.518789788921131289E-17, 1.224646799147352961E-16 ) ) ;
#957 = CARTESIAN_POINT ( 'NONE',  ( 65.00000000000000000, 16.00000000000000000, 2.000000000000000000 ) ) ;
#958 = VERTEX_POINT ( 'NONE', #1451 ) ;
#959 = DIRECTION ( 'NONE',  ( 1.000000000000000000, 0.000000000000000000, 0.000000000000000000 ) ) ;
#960 = PLANE ( 'NONE',  #471 ) ;
#961 = FACE_OUTER_BOUND ( 'NONE', #57, .T. ) ;
#962 = DIRECTION ( 'NONE',  ( -1.000000000000000000, 0.000000000000000000, 0.000000000000000000 ) ) ;
#963 = AXIS2_PLACEMENT_3D ( 'NONE', #138, #268, #860 ) ;
#964 = CARTESIAN_POINT ( 'NONE',  ( 14.49999999999999645, 12.00000000000000533, 14.00000000000000000 ) ) ;
#965 = LINE ( 'NONE', #957, #702 ) ;
#966 = ORIENTED_EDGE ( 'NONE', *, *, #1526, .T. ) ;
#967 = CARTESIAN_POINT ( 'NONE',  ( 65.00000000000000000, 13.00000000000000355, 12.00000000000000000 ) ) ;
#968 = CARTESIAN_POINT ( 'NONE',  ( 50.49999999999999289, 19.00000000000000355, 0.000000000000000000 ) ) ;
#969 = APPROVAL_PERSON_ORGANIZATION ( #466, #1298, #196 ) ;
#970 = DIRECTION ( 'NONE',  ( 3.518789788921131289E-17, -1.000000000000000000, 0.000000000000000000 ) ) ;
#971 = DIRECTION ( 'NONE',  ( -1.000000000000000000, 0.000000000000000000, 0.000000000000000000 ) ) ;
#972 = AXIS2_PLACEMENT_3D ( 'NONE', #80, #571, #1170 ) ;
#973 = CARTESIAN_POINT ( 'NONE',  ( 75.00000000000000000, 16.00000000000000355, 12.00000000000000000 ) ) ;
#974 = CARTESIAN_POINT ( 'NONE',  ( 7.000000000000013323, 14.00000000000000711, 0.000000000000000000 ) ) ;
#975 = ORIENTED_EDGE ( 'NONE', *, *, #65, .T. ) ;
#976 = VECTOR ( 'NONE', #1362, 1000.000000000000000 ) ;
#977 = DIRECTION ( 'NONE',  ( 1.000000000000000000, 0.000000000000000000, 0.000000000000000000 ) ) ;
#978 = DIRECTION ( 'NONE',  ( 1.000000000000000000, 0.000000000000000000, 0.000000000000000000 ) ) ;
#979 = CARTESIAN_POINT ( 'NONE',  ( 5.267949192431118810, 13.00000000000000178, 14.00000000000000000 ) ) ;
#980 = DIRECTION ( 'NONE',  ( 1.000000000000000000, -4.625929269271498733E-16, 0.000000000000000000 ) ) ;
#981 = VECTOR ( 'NONE', #739, 1000.000000000000000 ) ;
#982 = ADVANCED_FACE ( 'NONE', ( #1088 ), #212, .F. ) ;
#983 = DIRECTION ( 'NONE',  ( 3.518789788921131289E-17, -1.000000000000000000, -0.000000000000000000 ) ) ;
#984 = FACE_OUTER_BOUND ( 'NONE', #508, .T. ) ;
#985 = VERTEX_POINT ( 'NONE', #98 ) ;
#986 = ADVANCED_FACE ( 'NONE', ( #820 ), #944, .F. ) ;
#987 = CARTESIAN_POINT ( 'NONE',  ( 65.00000000000000000, 16.00000000000000000, 12.00000000000000000 ) ) ;
#988 = ORIENTED_EDGE ( 'NONE', *, *, #248, .F. ) ;
#989 = LINE ( 'NONE', #143, #1450 ) ;
#990 = EDGE_CURVE ( 'NONE', #1394, #1565, #1323, .T. ) ;
#991 = ORIENTED_EDGE ( 'NONE', *, *, #916, .F. ) ;
#992 = CARTESIAN_POINT ( 'NONE',  ( 70.00000000000000000, 16.00000000000000000, 7.000000000000000000 ) ) ;
#993 = CARTESIAN_POINT ( 'NONE',  ( 60.00000000000000711, 18.99999999999998934, 14.00000000000000000 ) ) ;
#994 = DIRECTION ( 'NONE',  ( 0.000000000000000000, 0.000000000000000000, 1.000000000000000000 ) ) ;
#995 = DIRECTION ( 'NONE',  ( -3.518789788921131289E-17, 1.000000000000000000, 0.000000000000000000 ) ) ;
#996 = ORIENTED_EDGE ( 'NONE', *, *, #805, .T. ) ;
#997 = AXIS2_PLACEMENT_3D ( 'NONE', #500, #983, #1301 ) ;
#998 = CARTESIAN_POINT ( 'NONE',  ( 75.00000000000000000, 13.00000000000000533, 12.00000000000000000 ) ) ;
#999 = VERTEX_POINT ( 'NONE', #1199 ) ;
#1000 = LINE ( 'NONE', #614, #1476 ) ;
#1001 = VERTEX_POINT ( 'NONE', #88 ) ;
#1002 = LINE ( 'NONE', #117, #624 ) ;
#1003 = VECTOR ( 'NONE', #1428, 1000.000000000000000 ) ;
#1004 = DIRECTION ( 'NONE',  ( 3.518789788921131289E-17, -1.000000000000000000, 0.000000000000000000 ) ) ;
#1005 = FACE_OUTER_BOUND ( 'NONE', #105, .T. ) ;
#1006 = CC_DESIGN_PERSON_AND_ORGANIZATION_ASSIGNMENT ( #824, #1325, ( #588 ) ) ;
#1007 = ORIENTED_EDGE ( 'NONE', *, *, #752, .F. ) ;
#1008 = DIRECTION ( 'NONE',  ( -0.000000000000000000, -0.000000000000000000, -1.000000000000000000 ) ) ;
#1009 = VERTEX_POINT ( 'NONE', #1573 ) ;
#1010 = VECTOR ( 'NONE', #448, 1000.000000000000000 ) ;
#1011 = ORIENTED_EDGE ( 'NONE', *, *, #777, .T. ) ;
#1012 = EDGE_CURVE ( 'NONE', #1114, #1583, #423, .T. ) ;
#1013 = CARTESIAN_POINT ( 'NONE',  ( 65.00000000000000000, 26.00000000000000355, 14.00000000000000000 ) ) ;
#1014 = ADVANCED_FACE ( 'NONE', ( #1580, #961 ), #1463, .F. ) ;
#1015 = VECTOR ( 'NONE', #417, 1000.000000000000000 ) ;
#1016 = DIRECTION ( 'NONE',  ( 3.518789788921131289E-17, -1.000000000000000000, 0.000000000000000000 ) ) ;
#1017 = ORIENTED_EDGE ( 'NONE', *, *, #429, .F. ) ;
#1018 = VERTEX_POINT ( 'NONE', #954 ) ;
#1019 = AXIS2_PLACEMENT_3D ( 'NONE', #631, #1102, #977 ) ;
#1020 = VERTEX_POINT ( 'NONE', #724 ) ;
#1021 = DIRECTION ( 'NONE',  ( 0.000000000000000000, 0.000000000000000000, 1.000000000000000000 ) ) ;
#1022 = EDGE_CURVE ( 'NONE', #985, #297, #1597, .T. ) ;
#1023 = DIRECTION ( 'NONE',  ( 3.518789788921131289E-17, -1.000000000000000000, 0.000000000000000000 ) ) ;
#1024 = ORIENTED_EDGE ( 'NONE', *, *, #731, .T. ) ;
#1025 = ORIENTED_EDGE ( 'NONE', *, *, #777, .F. ) ;
#1026 = ADVANCED_FACE ( 'NONE', ( #582 ), #1211, .F. ) ;
#1027 = CLOSED_SHELL ( 'NONE', ( #447, #1328, #288, #661, #213, #87, #160, #496, #1108, #605, #1447, #920, #1383, #321, #620, #326, #1329, #1551, #1448, #1522, #1236, #867, #467, #1026, #470, #114, #162, #40, #410, #325, #380, #782, #279 ) ) ;
#1028 = VERTEX_POINT ( 'NONE', #1220 ) ;
#1029 = DIRECTION ( 'NONE',  ( 5.337610695313252371E-16, -1.000000000000000000, 0.000000000000000000 ) ) ;
#1030 = PLANE ( 'NONE',  #226 ) ;
#1031 = ORIENTED_EDGE ( 'NONE', *, *, #131, .T. ) ;
#1032 = ORIENTED_EDGE ( 'NONE', *, *, #570, .T. ) ;
#1033 = VECTOR ( 'NONE', #224, 1000.000000000000000 ) ;
#1034 = VERTEX_POINT ( 'NONE', #607 ) ;
#1035 = VECTOR ( 'NONE', #1472, 1000.000000000000000 ) ;
#1036 = LINE ( 'NONE', #907, #339 ) ;
#1037 = DIRECTION ( 'NONE',  ( -1.000000000000000000, -3.518789788921131289E-17, 0.000000000000000000 ) ) ;
#1038 = DIRECTION ( 'NONE',  ( 3.518789788921131289E-17, -1.000000000000000000, 0.000000000000000000 ) ) ;
#1039 = EDGE_CURVE ( 'NONE', #533, #877, #1474, .T. ) ;
#1040 = ORIENTED_EDGE ( 'NONE', *, *, #171, .T. ) ;
#1041 = EDGE_CURVE ( 'NONE', #1179, #1020, #1566, .T. ) ;
#1042 = CIRCLE ( 'NONE', #1066, 1.000000000000000000 ) ;
#1043 = ORIENTED_EDGE ( 'NONE', *, *, #893, .T. ) ;
#1044 = EDGE_LOOP ( 'NONE', ( #540, #377, #270, #504 ) ) ;
#1045 = DIRECTION ( 'NONE',  ( -1.000000000000000000, 0.000000000000000000, -0.000000000000000000 ) ) ;
#1046 = CARTESIAN_POINT ( 'NONE',  ( 45.50000000000000711, 18.99999999999999289, 14.00000000000000000 ) ) ;
#1047 = LINE ( 'NONE', #72, #1003 ) ;
#1048 = ORIENTED_EDGE ( 'NONE', *, *, #868, .T. ) ;
#1049 = ORIENTED_EDGE ( 'NONE', *, *, #1022, .T. ) ;
#1050 = VECTOR ( 'NONE', #835, 1000.000000000000000 ) ;
#1051 = ORIENTED_EDGE ( 'NONE', *, *, #658, .F. ) ;
#1052 = LINE ( 'NONE', #222, #833 ) ;
#1053 = LINE ( 'NONE', #935, #1010 ) ;
#1054 = EDGE_LOOP ( 'NONE', ( #19, #430, #1423, #900 ) ) ;
#1055 = AXIS2_PLACEMENT_3D ( 'NONE', #63, #1178, #1437 ) ;
#1056 = ORIENTED_EDGE ( 'NONE', *, *, #229, .F. ) ;
#1057 = ORIENTED_EDGE ( 'NONE', *, *, #89, .F. ) ;
#1058 = APPROVAL ( #829, 'UNSPECIFIED' ) ;
#1059 = VECTOR ( 'NONE', #912, 1000.000000000000000 ) ;
#1060 = EDGE_CURVE ( 'NONE', #1009, #1535, #1128, .T. ) ;
#1061 = CARTESIAN_POINT ( 'NONE',  ( 45.23205080756888918, 13.00000000000000533, 14.00000000000000000 ) ) ;
#1062 =( LENGTH_UNIT ( ) NAMED_UNIT ( * ) SI_UNIT ( .MILLI., .METRE. ) );
#1063 = EDGE_CURVE ( 'NONE', #931, #334, #1230, .T. ) ;
#1064 = CARTESIAN_POINT ( 'NONE',  ( 0.000000000000000000, 16.00000000000000000, 0.000000000000000000 ) ) ;
#1065 = EDGE_CURVE ( 'NONE', #919, #686, #858, .T. ) ;
#1066 = AXIS2_PLACEMENT_3D ( 'NONE', #271, #643, #476 ) ;
#1067 = EDGE_LOOP ( 'NONE', ( #854, #641, #1134, #60 ) ) ;
#1068 = CARTESIAN_POINT ( 'NONE',  ( 70.00000000000000000, 13.00000000000000355, 7.000000000000000000 ) ) ;
#1069 = PLANE ( 'NONE',  #1462 ) ;
#1070 = DIRECTION ( 'NONE',  ( 1.000000000000000000, 0.000000000000000000, 0.000000000000000000 ) ) ;
#1071 = EDGE_CURVE ( 'NONE', #1528, #286, #265, .T. ) ;
#1072 = VERTEX_POINT ( 'NONE', #509 ) ;
#1073 = AXIS2_PLACEMENT_3D ( 'NONE', #715, #956, #1318 ) ;
#1074 = CIRCLE ( 'NONE', #483, 1.000000000000000000 ) ;
#1075 = DIRECTION ( 'NONE',  ( 1.000000000000000000, 0.000000000000000000, 0.000000000000000000 ) ) ;
#1076 = CARTESIAN_POINT ( 'NONE',  ( 50.50000000000000711, 21.00000000000000355, 14.00000000000000000 ) ) ;
#1077 = CIRCLE ( 'NONE', #1160, 1.000000000000000888 ) ;
#1078 = DIRECTION ( 'NONE',  ( 0.000000000000000000, 0.000000000000000000, 1.000000000000000000 ) ) ;
#1079 = DIRECTION ( 'NONE',  ( 3.518789788921131289E-17, -1.000000000000000000, 0.000000000000000000 ) ) ;
#1080 = AXIS2_PLACEMENT_3D ( 'NONE', #199, #71, #1037 ) ;
#1081 = VECTOR ( 'NONE', #379, 1000.000000000000000 ) ;
#1082 = LINE ( 'NONE', #1581, #895 ) ;
#1083 = CALENDAR_DATE ( 2026, 1, 3 ) ;
#1084 = EDGE_LOOP ( 'NONE', ( #649, #1167, #1235, #1049 ) ) ;
#1085 = EDGE_CURVE ( 'NONE', #187, #1395, #626, .T. ) ;
#1086 = DIRECTION ( 'NONE',  ( -0.000000000000000000, -0.000000000000000000, -1.000000000000000000 ) ) ;
#1087 = ADVANCED_FACE ( 'NONE', ( #1240 ), #871, .F. ) ;
#1088 = FACE_OUTER_BOUND ( 'NONE', #392, .T. ) ;
#1089 = VECTOR ( 'NONE', #1592, 1000.000000000000000 ) ;
#1090 = CARTESIAN_POINT ( 'NONE',  ( 45.50000000000000711, 18.99999999999999289, 14.00000000000000000 ) ) ;
#1091 = DIRECTION ( 'NONE',  ( 1.000000000000000000, 0.000000000000000000, 0.000000000000000000 ) ) ;
#1092 = CARTESIAN_POINT ( 'NONE',  ( 59.73205080756888918, 13.00000000000000355, 0.000000000000000000 ) ) ;
#1093 = ORIENTED_EDGE ( 'NONE', *, *, #1204, .T. ) ;
#1094 = CARTESIAN_POINT ( 'NONE',  ( 43.50000000000000711, 19.00000000000000711, 14.00000000000000000 ) ) ;
#1095 = DIRECTION ( 'NONE',  ( -1.000000000000000000, 0.000000000000000000, 0.000000000000000000 ) ) ;
#1096 = DIRECTION ( 'NONE',  ( 3.518789788921131289E-17, -1.000000000000000000, 0.000000000000000000 ) ) ;
#1097 = PLANE ( 'NONE',  #1377 ) ;
#1098 = CIRCLE ( 'NONE', #1571, 1.999999999999998224 ) ;
#1099 = FACE_BOUND ( 'NONE', #1219, .T. ) ;
#1100 = LINE ( 'NONE', #24, #1089 ) ;
#1101 = ORIENTED_EDGE ( 'NONE', *, *, #1568, .F. ) ;
#1102 = DIRECTION ( 'NONE',  ( 3.518789788921131289E-17, -1.000000000000000000, 0.000000000000000000 ) ) ;
#1103 = CYLINDRICAL_SURFACE ( 'NONE', #136, 1.000000000000000888 ) ;
#1104 = LOCAL_TIME ( 18, 40, 8.000000000000000000, #220 ) ;
#1105 = EDGE_CURVE ( 'NONE', #1395, #272, #170, .T. ) ;
#1106 = CARTESIAN_POINT ( 'NONE',  ( 34.00000000000000000, 14.00000000000000888, 14.00000000000000000 ) ) ;
#1107 = DIRECTION ( 'NONE',  ( 3.518789788921131289E-17, -1.000000000000000000, -0.000000000000000000 ) ) ;
#1108 = ADVANCED_FACE ( 'NONE', ( #519 ), #241, .T. ) ;
#1109 = AXIS2_PLACEMENT_3D ( 'NONE', #596, #589, #1075 ) ;
#1110 = LINE ( 'NONE', #1486, #249 ) ;
#1111 = CYLINDRICAL_SURFACE ( 'NONE', #1455, 2.000000000000001776 ) ;
#1112 = EDGE_LOOP ( 'NONE', ( #791, #256, #1025, #167 ) ) ;
#1113 = CARTESIAN_POINT ( 'NONE',  ( -10.00000000000000000, 16.00000000000000000, 1.999999999999999112 ) ) ;
#1114 = VERTEX_POINT ( 'NONE', #615 ) ;
#1115 = CARTESIAN_POINT ( 'NONE',  ( 32.50000000000000000, 26.00100000000000477, 7.000000000000000000 ) ) ;
#1116 = EDGE_CURVE ( 'NONE', #1400, #1394, #732, .T. ) ;
#1117 = ORIENTED_EDGE ( 'NONE', *, *, #1039, .T. ) ;
#1118 = DIRECTION ( 'NONE',  ( 3.518789788921131289E-17, -1.000000000000000000, 0.000000000000000000 ) ) ;
#1119 = PLANE ( 'NONE',  #341 ) ;
#1120 = AXIS2_PLACEMENT_3D ( 'NONE', #146, #1606, #20 ) ;
#1121 = CARTESIAN_POINT ( 'NONE',  ( -4.574426725597470491E-16, 13.00000000000000178, 14.00000000000000000 ) ) ;
#1122 = DIRECTION ( 'NONE',  ( 0.000000000000000000, 0.000000000000000000, 1.000000000000000000 ) ) ;
#1123 = ORIENTED_EDGE ( 'NONE', *, *, #642, .T. ) ;
#1124 = LINE ( 'NONE', #864, #115 ) ;
#1125 = VERTEX_POINT ( 'NONE', #1594 ) ;
#1126 = CARTESIAN_POINT ( 'NONE',  ( 2.449293598294673874E-17, 13.00000000000000178, 0.000000000000000000 ) ) ;
#1127 = ORIENTED_EDGE ( 'NONE', *, *, #428, .F. ) ;
#1128 = LINE ( 'NONE', #133, #723 ) ;
#1129 = DIRECTION ( 'NONE',  ( 1.387778780781452184E-15, -1.000000000000000000, 0.000000000000000000 ) ) ;
#1130 = DIRECTION ( 'NONE',  ( 1.000000000000000000, 1.734723475976808080E-16, 0.000000000000000000 ) ) ;
#1131 = CARTESIAN_POINT ( 'NONE',  ( -10.00000000000000000, 13.00000000000000178, 1.999999999999999112 ) ) ;
#1132 = ORIENTED_EDGE ( 'NONE', *, *, #543, .F. ) ;
#1133 = DIRECTION ( 'NONE',  ( -0.000000000000000000, 1.000000000000000000, -0.000000000000000000 ) ) ;
#1134 = ORIENTED_EDGE ( 'NONE', *, *, #1041, .T. ) ;
#1135 = EDGE_CURVE ( 'NONE', #1263, #1001, #1539, .T. ) ;
#1136 = EDGE_CURVE ( 'NONE', #909, #1549, #557, .T. ) ;
#1137 = ORIENTED_EDGE ( 'NONE', *, *, #699, .F. ) ;
#1138 = DIRECTION ( 'NONE',  ( -0.000000000000000000, -0.000000000000000000, 1.000000000000000000 ) ) ;
#1139 = PRODUCT_DEFINITION_FORMATION_WITH_SPECIFIED_SOURCE ( 'ANY', '', #898, .NOT_KNOWN. ) ;
#1140 = CARTESIAN_POINT ( 'NONE',  ( 48.76794919243111792, 13.00000000000000533, 14.00000000000000000 ) ) ;
#1141 = ORIENTED_EDGE ( 'NONE', *, *, #335, .F. ) ;
#1142 = LINE ( 'NONE', #26, #593 ) ;
#1143 = ORIENTED_EDGE ( 'NONE', *, *, #1071, .T. ) ;
#1144 = VECTOR ( 'NONE', #349, 1000.000000000000000 ) ;
#1145 = EDGE_CURVE ( 'NONE', #111, #1263, #259, .T. ) ;
#1146 = ORIENTED_EDGE ( 'NONE', *, *, #892, .T. ) ;
#1147 = CARTESIAN_POINT ( 'NONE',  ( 60.00000000000000711, 18.99999999999998934, 0.000000000000000000 ) ) ;
#1148 = EDGE_CURVE ( 'NONE', #999, #728, #373, .T. ) ;
#1149 = CARTESIAN_POINT ( 'NONE',  ( -2.360704212437482687E-15, 15.99999999999998934, 0.000000000000000000 ) ) ;
#1150 = ORIENTED_EDGE ( 'NONE', *, *, #1529, .F. ) ;
#1151 = ORIENTED_EDGE ( 'NONE', *, *, #1602, .T. ) ;
#1152 = ORIENTED_EDGE ( 'NONE', *, *, #834, .F. ) ;
#1153 = DIRECTION ( 'NONE',  ( -1.000000000000000000, 0.000000000000000000, 0.000000000000000000 ) ) ;
#1154 = CARTESIAN_POINT ( 'NONE',  ( 65.00000000000000000, 26.00000000000000355, 0.000000000000000000 ) ) ;
#1155 = ORIENTED_EDGE ( 'NONE', *, *, #1194, .F. ) ;
#1156 = ORIENTED_EDGE ( 'NONE', *, *, #1286, .T. ) ;
#1157 = ORIENTED_EDGE ( 'NONE', *, *, #65, .F. ) ;
#1158 = FACE_OUTER_BOUND ( 'NONE', #1459, .T. ) ;
#1159 = EDGE_CURVE ( 'NONE', #813, #1435, #16, .T. ) ;
#1160 = AXIS2_PLACEMENT_3D ( 'NONE', #804, #1313, #441 ) ;
#1161 = EDGE_CURVE ( 'NONE', #1370, #865, #129, .T. ) ;
#1162 = LINE ( 'NONE', #177, #161 ) ;
#1163 = EDGE_CURVE ( 'NONE', #163, #554, #503, .T. ) ;
#1164 = ORIENTED_EDGE ( 'NONE', *, *, #805, .F. ) ;
#1165 = VECTOR ( 'NONE', #1133, 1000.000000000000000 ) ;
#1166 = ORIENTED_EDGE ( 'NONE', *, *, #135, .T. ) ;
#1167 = ORIENTED_EDGE ( 'NONE', *, *, #733, .F. ) ;
#1168 = VECTOR ( 'NONE', #1491, 1000.000000000000000 ) ;
#1169 = CARTESIAN_POINT ( 'NONE',  ( 36.00000000000002132, 21.00000000000000355, 14.00000000000000000 ) ) ;
#1170 = DIRECTION ( 'NONE',  ( 3.518789788921131289E-17, -1.000000000000000000, 0.000000000000000000 ) ) ;
#1171 = CARTESIAN_POINT ( 'NONE',  ( 65.00000000000000000, 16.00000000000000000, 12.00000000000000000 ) ) ;
#1172 = ORIENTED_EDGE ( 'NONE', *, *, #1148, .T. ) ;
#1173 = VECTOR ( 'NONE', #231, 1000.000000000000000 ) ;
#1174 = ORIENTED_EDGE ( 'NONE', *, *, #990, .F. ) ;
#1175 = ORIENTED_EDGE ( 'NONE', *, *, #1228, .T. ) ;
#1176 = PLANE ( 'NONE',  #517 ) ;
#1177 = PLANE ( 'NONE',  #1080 ) ;
#1178 = DIRECTION ( 'NONE',  ( 0.000000000000000000, 0.000000000000000000, 1.000000000000000000 ) ) ;
#1179 = VERTEX_POINT ( 'NONE', #987 ) ;
#1180 = APPROVAL_ROLE ( '' ) ;
#1181 = ORIENTED_EDGE ( 'NONE', *, *, #303, .T. ) ;
#1182 = VECTOR ( 'NONE', #726, 1000.000000000000000 ) ;
#1183 = ORIENTED_EDGE ( 'NONE', *, *, #1316, .T. ) ;
#1184 = EDGE_CURVE ( 'NONE', #931, #1434, #847, .T. ) ;
#1185 = PLANE ( 'NONE',  #972 ) ;
#1186 = CARTESIAN_POINT ( 'NONE',  ( 48.49999999999999289, 18.99999999999998224, 14.00000000000000000 ) ) ;
#1187 = CARTESIAN_POINT ( 'NONE',  ( 32.50000000000000000, 26.00000000000000355, 7.000000000000000000 ) ) ;
#1188 = DATE_AND_TIME ( #344, #1340 ) ;
#1189 = CIRCLE ( 'NONE', #360, 2.000000000000000000 ) ;
#1190 = VERTEX_POINT ( 'NONE', #998 ) ;
#1191 = AXIS2_PLACEMENT_3D ( 'NONE', #1013, #781, #1029 ) ;
#1192 = AXIS2_PLACEMENT_3D ( 'NONE', #1372, #10, #1464 ) ;
#1193 = DIRECTION ( 'NONE',  ( 1.000000000000000000, 0.000000000000000000, 0.000000000000000000 ) ) ;
#1194 = EDGE_CURVE ( 'NONE', #187, #554, #1221, .T. ) ;
#1195 = DIRECTION ( 'NONE',  ( 0.000000000000000000, 0.000000000000000000, 1.000000000000000000 ) ) ;
#1196 = PERSON_AND_ORGANIZATION ( #357, #1471 ) ;
#1197 = AXIS2_PLACEMENT_3D ( 'NONE', #1244, #244, #995 ) ;
#1198 = ORIENTED_EDGE ( 'NONE', *, *, #1570, .T. ) ;
#1199 = CARTESIAN_POINT ( 'NONE',  ( 65.00000000000000000, 13.00000000000000355, 12.00000000000000000 ) ) ;
#1200 = DIRECTION ( 'NONE',  ( 1.387778780781452184E-15, -1.000000000000000000, 0.000000000000000000 ) ) ;
#1201 = DATE_AND_TIME ( #451, #798 ) ;
#1202 = LINE ( 'NONE', #948, #584 ) ;
#1203 = CYLINDRICAL_SURFACE ( 'NONE', #293, 2.000000000000001776 ) ;
#1204 = EDGE_CURVE ( 'NONE', #1278, #372, #1279, .T. ) ;
#1205 = EDGE_CURVE ( 'NONE', #452, #1266, #810, .T. ) ;
#1206 = MANIFOLD_SOLID_BREP ( 'Boss-Extrude2[2]', #1596 ) ;
#1207 = LINE ( 'NONE', #586, #201 ) ;
#1208 = APPROVAL_DATE_TIME ( #75, #1298 ) ;
#1209 = VERTEX_POINT ( 'NONE', #355 ) ;
#1210 = CARTESIAN_POINT ( 'NONE',  ( 30.73205080756887853, 13.00000000000000355, 0.000000000000000000 ) ) ;
#1211 = CYLINDRICAL_SURFACE ( 'NONE', #595, 1.999999999999998224 ) ;
#1212 = FACE_OUTER_BOUND ( 'NONE', #717, .T. ) ;
#1213 = DIRECTION ( 'NONE',  ( 0.000000000000000000, 0.000000000000000000, -1.000000000000000000 ) ) ;
#1214 = DIRECTION ( 'NONE',  ( 0.000000000000000000, 0.000000000000000000, 1.000000000000000000 ) ) ;
#1215 = ORIENTED_EDGE ( 'NONE', *, *, #1568, .T. ) ;
#1216 = CYLINDRICAL_SURFACE ( 'NONE', #345, 2.000000000000001776 ) ;
#1217 = CARTESIAN_POINT ( 'NONE',  ( 43.49999999999999289, 21.00000000000000711, 0.000000000000000000 ) ) ;
#1218 = VECTOR ( 'NONE', #577, 1000.000000000000000 ) ;
#1219 = EDGE_LOOP ( 'NONE', ( #904, #808 ) ) ;
#1220 = CARTESIAN_POINT ( 'NONE',  ( 45.23205080756888918, 13.00000000000000355, 0.000000000000000000 ) ) ;
#1221 = CIRCLE ( 'NONE', #323, 2.000000000000001776 ) ;
#1222 = CARTESIAN_POINT ( 'NONE',  ( 34.26794919243111792, 13.00000000000000533, 14.00000000000000000 ) ) ;
#1223 = CARTESIAN_POINT ( 'NONE',  ( 14.99999999999999822, 26.00000000000000355, 14.00000000000000000 ) ) ;
#1224 = PLANE ( 'NONE',  #8 ) ;
#1225 = EDGE_LOOP ( 'NONE', ( #1150, #1032, #474, #363 ) ) ;
#1226 = CARTESIAN_POINT ( 'NONE',  ( -4.574426725597470491E-16, 13.00000000000000178, 14.00000000000000000 ) ) ;
#1227 = CARTESIAN_POINT ( 'NONE',  ( -10.00000000000000178, 13.00000000000000178, 12.00000000000000000 ) ) ;
#1228 = EDGE_CURVE ( 'NONE', #1426, #1179, #1124, .T. ) ;
#1229 = EDGE_CURVE ( 'NONE', #1018, #919, #1366, .T. ) ;
#1230 = LINE ( 'NONE', #741, #1429 ) ;
#1231 = LINE ( 'NONE', #147, #497 ) ;
#1232 = CIRCLE ( 'NONE', #963, 2.000000000000001776 ) ;
#1233 = CARTESIAN_POINT ( 'NONE',  ( 14.49999999999999645, 12.00000000000000533, 0.000000000000000000 ) ) ;
#1234 = CARTESIAN_POINT ( 'NONE',  ( 60.00000000000000711, 18.99999999999998934, 14.00000000000000000 ) ) ;
#1235 = ORIENTED_EDGE ( 'NONE', *, *, #678, .T. ) ;
#1236 = ADVANCED_FACE ( 'NONE', ( #759 ), #1216, .F. ) ;
#1237 = CARTESIAN_POINT ( 'NONE',  ( 33.50000000000000000, 26.00100000000000477, 7.000000000000000000 ) ) ;
#1238 = CARTESIAN_POINT ( 'NONE',  ( 48.50000000000000000, 14.00000000000000533, 0.000000000000000000 ) ) ;
#1239 = MANIFOLD_SOLID_BREP ( 'Boss-Extrude2[1]', #1440 ) ;
#1240 = FACE_OUTER_BOUND ( 'NONE', #902, .T. ) ;
#1241 = CARTESIAN_POINT ( 'NONE',  ( 59.73205080756888918, 13.00000000000000178, 14.00000000000000000 ) ) ;
#1242 = VECTOR ( 'NONE', #169, 1000.000000000000000 ) ;
#1243 = CARTESIAN_POINT ( 'NONE',  ( 28.99999999999998934, 14.00000000000000178, 0.000000000000000000 ) ) ;
#1244 = CARTESIAN_POINT ( 'NONE',  ( 75.00000000000000000, 16.00000000000000355, 12.00000000000000000 ) ) ;
#1245 = ORIENTED_EDGE ( 'NONE', *, *, #1267, .T. ) ;
#1246 = AXIS2_PLACEMENT_3D ( 'NONE', #1126, #395, #261 ) ;
#1247 = DIRECTION ( 'NONE',  ( 1.000000000000000000, 3.518789788921131289E-17, 0.000000000000000000 ) ) ;
#1248 = ORIENTED_EDGE ( 'NONE', *, *, #585, .T. ) ;
#1249 = CARTESIAN_POINT ( 'NONE',  ( 45.50000000000000711, 18.99999999999999289, 14.00000000000000000 ) ) ;
#1250 = ORIENTED_EDGE ( 'NONE', *, *, #845, .T. ) ;
#1251 = CARTESIAN_POINT ( 'NONE',  ( -4.574426725597470491E-16, 13.00000000000000178, 0.000000000000000000 ) ) ;
#1252 = DIRECTION ( 'NONE',  ( -1.000000000000000000, 0.000000000000000000, 0.000000000000000000 ) ) ;
#1253 = AXIS2_PLACEMENT_3D ( 'NONE', #1484, #498, #378 ) ;
#1254 = CARTESIAN_POINT ( 'NONE',  ( 34.00000000000000000, 18.99999999999998934, 14.00000000000000000 ) ) ;
#1255 = DIRECTION ( 'NONE',  ( -0.000000000000000000, -0.000000000000000000, -1.000000000000000000 ) ) ;
#1256 = ORIENTED_EDGE ( 'NONE', *, *, #752, .T. ) ;
#1257 = EDGE_CURVE ( 'NONE', #1266, #745, #1348, .T. ) ;
#1258 = LINE ( 'NONE', #151, #981 ) ;
#1259 = ORIENTED_EDGE ( 'NONE', *, *, #1361, .T. ) ;
#1260 = VERTEX_POINT ( 'NONE', #1378 ) ;
#1261 = CARTESIAN_POINT ( 'NONE',  ( 19.76794919243111792, 13.00000000000000178, 0.000000000000000000 ) ) ;
#1262 = CARTESIAN_POINT ( 'NONE',  ( 36.00000000000002132, 21.00000000000000355, 14.00000000000000000 ) ) ;
#1263 = VERTEX_POINT ( 'NONE', #1480 ) ;
#1264 = AXIS2_PLACEMENT_3D ( 'NONE', #95, #473, #1213 ) ;
#1265 = DIRECTION ( 'NONE',  ( 1.000000000000000000, 0.000000000000000000, 0.000000000000000000 ) ) ;
#1266 = VERTEX_POINT ( 'NONE', #1357 ) ;
#1267 = EDGE_CURVE ( 'NONE', #412, #931, #1258, .T. ) ;
#1268 = EDGE_LOOP ( 'NONE', ( #450, #966, #1151, #152 ) ) ;
#1269 = DIRECTION ( 'NONE',  ( 3.518789788921131289E-17, -1.000000000000000000, 0.000000000000000000 ) ) ;
#1270 = VECTOR ( 'NONE', #1422, 1000.000000000000000 ) ;
#1271 = DIRECTION ( 'NONE',  ( 1.000000000000000000, 1.734723475976808080E-16, 0.000000000000000000 ) ) ;
#1272 = ORIENTED_EDGE ( 'NONE', *, *, #1587, .T. ) ;
#1273 = ORIENTED_EDGE ( 'NONE', *, *, #1071, .F. ) ;
#1274 = AXIS2_PLACEMENT_3D ( 'NONE', #478, #970, #1193 ) ;
#1275 = EDGE_LOOP ( 'NONE', ( #1007, #310, #857, #7 ) ) ;
#1276 = LINE ( 'NONE', #155, #56 ) ;
#1277 = CARTESIAN_POINT ( 'NONE',  ( 59.73205080756888918, 13.00000000000000355, 14.00000000000000000 ) ) ;
#1278 = VERTEX_POINT ( 'NONE', #1584 ) ;
#1279 = CIRCLE ( 'NONE', #1019, 1.000000000000000000 ) ;
#1280 = APPLICATION_CONTEXT ( 'configuration controlled 3d designs of mechanical parts and assemblies' ) ;
#1281 = EDGE_LOOP ( 'NONE', ( #1498, #396, #1517, #1024 ) ) ;
#1282 = EDGE_CURVE ( 'NONE', #1125, #625, #1042, .T. ) ;
#1283 = ORIENTED_EDGE ( 'NONE', *, *, #940, .F. ) ;
#1284 = EDGE_CURVE ( 'NONE', #198, #493, #112, .T. ) ;
#1285 = DIRECTION ( 'NONE',  ( 1.000000000000000000, 0.000000000000000000, 0.000000000000000000 ) ) ;
#1286 = EDGE_CURVE ( 'NONE', #664, #311, #910, .T. ) ;
#1287 = CARTESIAN_POINT ( 'NONE',  ( 65.00000000000000000, 13.00000000000000355, 14.00000000000000000 ) ) ;
#1288 = VERTEX_POINT ( 'NONE', #13 ) ;
#1289 = AXIS2_PLACEMENT_3D ( 'NONE', #730, #1543, #1045 ) ;
#1290 = EDGE_CURVE ( 'NONE', #958, #775, #371, .T. ) ;
#1291 = ORIENTED_EDGE ( 'NONE', *, *, #1065, .F. ) ;
#1292 = CARTESIAN_POINT ( 'NONE',  ( -1.682089471707099714E-15, 13.00000000000000178, 11.99999999999999822 ) ) ;
#1293 = APPROVAL_PERSON_ORGANIZATION ( #807, #1058, #1180 ) ;
#1294 = FACE_OUTER_BOUND ( 'NONE', #1067, .T. ) ;
#1295 = CARTESIAN_POINT ( 'NONE',  ( -10.00000000000000000, 16.00000000000000000, 1.999999999999999112 ) ) ;
#1296 = ORIENTED_EDGE ( 'NONE', *, *, #507, .F. ) ;
#1297 = CIRCLE ( 'NONE', #623, 1.999999999999998224 ) ;
#1298 = APPROVAL ( #952, 'UNSPECIFIED' ) ;
#1299 = EDGE_LOOP ( 'NONE', ( #569, #1141, #680, #1166 ) ) ;
#1300 = EDGE_LOOP ( 'NONE', ( #1601, #915, #1540, #1376 ) ) ;
#1301 = DIRECTION ( 'NONE',  ( 1.000000000000000000, 0.000000000000000000, 0.000000000000000000 ) ) ;
#1302 = DIRECTION ( 'NONE',  ( 0.000000000000000000, 0.000000000000000000, 1.000000000000000000 ) ) ;
#1303 = CARTESIAN_POINT ( 'NONE',  ( 34.00000000000000000, 18.99999999999998934, 0.000000000000000000 ) ) ;
#1304 = VECTOR ( 'NONE', #252, 1000.000000000000000 ) ;
#1305 = ORIENTED_EDGE ( 'NONE', *, *, #1039, .F. ) ;
#1306 = EDGE_CURVE ( 'NONE', #758, #412, #599, .T. ) ;
#1307 = CALENDAR_DATE ( 2026, 1, 3 ) ;
#1308 = EDGE_CURVE ( 'NONE', #1490, #927, #432, .T. ) ;
#1309 = AXIS2_PLACEMENT_3D ( 'NONE', #1337, #716, #1468 ) ;
#1310 = ORIENTED_EDGE ( 'NONE', *, *, #1012, .T. ) ;
#1311 = ORIENTED_EDGE ( 'NONE', *, *, #1163, .T. ) ;
#1312 = DIRECTION ( 'NONE',  ( -0.000000000000000000, -1.000000000000000000, -0.000000000000000000 ) ) ;
#1313 = DIRECTION ( 'NONE',  ( 3.518789788921131289E-17, -1.000000000000000000, 0.000000000000000000 ) ) ;
#1314 = VECTOR ( 'NONE', #684, 1000.000000000000000 ) ;
#1315 = ORIENTED_EDGE ( 'NONE', *, *, #1063, .T. ) ;
#1316 = EDGE_CURVE ( 'NONE', #32, #875, #1586, .T. ) ;
#1317 = FACE_OUTER_BOUND ( 'NONE', #760, .T. ) ;
#1318 = DIRECTION ( 'NONE',  ( 1.224646799147352961E-16, 0.000000000000000000, -1.000000000000000000 ) ) ;
#1319 = APPROVAL_DATE_TIME ( #83, #1058 ) ;
#1320 = ORIENTED_EDGE ( 'NONE', *, *, #1145, .T. ) ;
#1321 = AXIS2_PLACEMENT_3D ( 'NONE', #1068, #1079, #713 ) ;
#1322 = CIRCLE ( 'NONE', #750, 2.000000000000001776 ) ;
#1323 = LINE ( 'NONE', #1334, #903 ) ;
#1324 = LINE ( 'NONE', #208, #331 ) ;
#1325 = PERSON_AND_ORGANIZATION_ROLE ( 'classification_officer' ) ;
#1326 = CARTESIAN_POINT ( 'NONE',  ( -3.999999999999999112, 13.00000000000000178, 6.999999999999999112 ) ) ;
#1327 = VECTOR ( 'NONE', #1460, 1000.000000000000000 ) ;
#1328 = ADVANCED_FACE ( 'NONE', ( #984 ), #757, .F. ) ;
#1329 = ADVANCED_FACE ( 'NONE', ( #844 ), #1111, .F. ) ;
#1330 = CARTESIAN_POINT ( 'NONE',  ( 16.23205080756887853, 13.00000000000000178, 0.000000000000000000 ) ) ;
#1331 = FACE_OUTER_BOUND ( 'NONE', #1084, .T. ) ;
#1332 = PERSON_AND_ORGANIZATION ( #357, #1471 ) ;
#1333 = LINE ( 'NONE', #1595, #21 ) ;
#1334 = CARTESIAN_POINT ( 'NONE',  ( -4.574426725597470491E-16, 13.00000000000000178, 2.000000000000000444 ) ) ;
#1335 = CARTESIAN_POINT ( 'NONE',  ( 29.00000000000000355, 12.00000000000000178, 0.000000000000000000 ) ) ;
#1336 = CARTESIAN_POINT ( 'NONE',  ( 36.00000000000002132, 21.00000000000000355, 14.00000000000000000 ) ) ;
#1337 = CARTESIAN_POINT ( 'NONE',  ( 65.00000000000000000, 16.00000000000000000, 2.000000000000000000 ) ) ;
#1338 = ORIENTED_EDGE ( 'NONE', *, *, #376, .T. ) ;
#1339 = DIRECTION ( 'NONE',  ( 0.000000000000000000, 0.000000000000000000, -1.000000000000000000 ) ) ;
#1340 = LOCAL_TIME ( 18, 40, 8.000000000000000000, #697 ) ;
#1341 = CARTESIAN_POINT ( 'NONE',  ( -4.574426725597470491E-16, 13.00000000000000178, 14.00000000000000000 ) ) ;
#1342 = DIRECTION ( 'NONE',  ( 1.000000000000000000, 0.000000000000000000, 0.000000000000000000 ) ) ;
#1343 = CARTESIAN_POINT ( 'NONE',  ( 34.00000000000000000, 18.99999999999998934, 0.000000000000000000 ) ) ;
#1344 = CC_DESIGN_DATE_AND_TIME_ASSIGNMENT ( #591, #91, ( #347 ) ) ;
#1345 = DIRECTION ( 'NONE',  ( -0.000000000000000000, -0.000000000000000000, -1.000000000000000000 ) ) ;
#1346 = CARTESIAN_POINT ( 'NONE',  ( 70.00000000000000000, 16.00000000000000000, 7.000000000000000000 ) ) ;
#1347 = ORIENTED_EDGE ( 'NONE', *, *, #455, .T. ) ;
#1348 = LINE ( 'NONE', #494, #408 ) ;
#1349 = EDGE_CURVE ( 'NONE', #518, #297, #501, .T. ) ;
#1350 = LINE ( 'NONE', #712, #1035 ) ;
#1351 = LINE ( 'NONE', #464, #1144 ) ;
#1352 = DIRECTION ( 'NONE',  ( 1.000000000000000000, 0.000000000000000000, 0.000000000000000000 ) ) ;
#1353 = EDGE_CURVE ( 'NONE', #1549, #934, #744, .T. ) ;
#1354 = CARTESIAN_POINT ( 'NONE',  ( -2.255140518769848828E-15, 12.99999999999999112, 0.000000000000000000 ) ) ;
#1355 = DIRECTION ( 'NONE',  ( -0.8320502943378436100, -0.5547001962252292584, -0.000000000000000000 ) ) ;
#1356 = ORIENTED_EDGE ( 'NONE', *, *, #1306, .T. ) ;
#1357 = CARTESIAN_POINT ( 'NONE',  ( 43.49999999999999289, 21.00000000000000711, 14.00000000000000000 ) ) ;
#1358 = CARTESIAN_POINT ( 'NONE',  ( -4.574426725597470491E-16, 13.00000000000000178, 14.00000000000000000 ) ) ;
#1359 = EDGE_LOOP ( 'NONE', ( #318, #290, #806, #287 ) ) ;
#1360 = CARTESIAN_POINT ( 'NONE',  ( 65.00000000000000000, 16.00000000000000000, 12.00000000000000000 ) ) ;
#1361 = EDGE_CURVE ( 'NONE', #443, #1034, #2, .T. ) ;
#1362 = DIRECTION ( 'NONE',  ( -1.387778780781452578E-15, 1.000000000000000000, -0.000000000000000000 ) ) ;
#1363 = DIRECTION ( 'NONE',  ( 0.000000000000000000, 0.000000000000000000, 1.000000000000000000 ) ) ;
#1364 = DIRECTION ( 'NONE',  ( 0.000000000000000000, 0.000000000000000000, -1.000000000000000000 ) ) ;
#1365 = ORIENTED_EDGE ( 'NONE', *, *, #490, .T. ) ;
#1366 = LINE ( 'NONE', #1499, #1173 ) ;
#1367 = ORIENTED_EDGE ( 'NONE', *, *, #1466, .T. ) ;
#1368 = FACE_OUTER_BOUND ( 'NONE', #189, .T. ) ;
#1369 = AXIS2_PLACEMENT_3D ( 'NONE', #1149, #309, #1271 ) ;
#1370 = VERTEX_POINT ( 'NONE', #1092 ) ;
#1371 = DIRECTION ( 'NONE',  ( -0.000000000000000000, -0.000000000000000000, -1.000000000000000000 ) ) ;
#1372 = CARTESIAN_POINT ( 'NONE',  ( -4.999999999999999112, 16.00000000000000000, 6.999999999999999112 ) ) ;
#1373 = VECTOR ( 'NONE', #1138, 1000.000000000000000 ) ;
#1374 = CARTESIAN_POINT ( 'NONE',  ( -4.999999999999999112, 13.00000000000000178, 6.999999999999999112 ) ) ;
#1375 = DIRECTION ( 'NONE',  ( -1.000000000000000000, 0.000000000000000000, 0.000000000000000000 ) ) ;
#1376 = ORIENTED_EDGE ( 'NONE', *, *, #1529, .T. ) ;
#1377 = AXIS2_PLACEMENT_3D ( 'NONE', #734, #725, #616 ) ;
#1378 = CARTESIAN_POINT ( 'NONE',  ( 48.50000000000000000, 14.00000000000000533, 14.00000000000000000 ) ) ;
#1379 = ORIENTED_EDGE ( 'NONE', *, *, #203, .F. ) ;
#1380 = EDGE_LOOP ( 'NONE', ( #991, #77, #197, #671 ) ) ;
#1381 = ADVANCED_FACE ( 'NONE', ( #269 ), #1487, .T. ) ;
#1382 = FACE_OUTER_BOUND ( 'NONE', #407, .T. ) ;
#1383 = ADVANCED_FACE ( 'NONE', ( #149 ), #139, .T. ) ;
#1384 = VECTOR ( 'NONE', #1470, 1000.000000000000000 ) ;
#1385 = LINE ( 'NONE', #552, #444 ) ;
#1386 = ORIENTED_EDGE ( 'NONE', *, *, #44, .F. ) ;
#1387 = CARTESIAN_POINT ( 'NONE',  ( 45.50000000000000711, 18.99999999999999289, 0.000000000000000000 ) ) ;
#1388 = EDGE_LOOP ( 'NONE', ( #27, #1403 ) ) ;
#1389 = ORIENTED_EDGE ( 'NONE', *, *, #376, .F. ) ;
#1390 = DIRECTION ( 'NONE',  ( -1.000000000000000000, -4.625929269271502677E-16, -0.000000000000000000 ) ) ;
#1391 = DIRECTION ( 'NONE',  ( -1.000000000000000000, 0.000000000000000000, 0.000000000000000000 ) ) ;
#1392 = ORIENTED_EDGE ( 'NONE', *, *, #369, .T. ) ;
#1393 = VECTOR ( 'NONE', #1452, 1000.000000000000000 ) ;
#1394 = VERTEX_POINT ( 'NONE', #1497 ) ;
#1395 = VERTEX_POINT ( 'NONE', #874 ) ;
#1396 = PRODUCT_RELATED_PRODUCT_CATEGORY ( 'detail', '', ( #898 ) ) ;
#1397 = CARTESIAN_POINT ( 'NONE',  ( 0.000000000000000000, 13.00000000000000178, 0.000000000000000000 ) ) ;
#1398 = CC_DESIGN_APPROVAL ( #1058, ( #1139 ) ) ;
#1399 = PLANE ( 'NONE',  #1369 ) ;
#1400 = VERTEX_POINT ( 'NONE', #1131 ) ;
#1401 = EDGE_CURVE ( 'NONE', #1434, #1400, #1100, .T. ) ;
#1402 = VECTOR ( 'NONE', #1530, 1000.000000000000000 ) ;
#1403 = ORIENTED_EDGE ( 'NONE', *, *, #543, .T. ) ;
#1404 = AXIS2_PLACEMENT_3D ( 'NONE', #968, #1078, #1577 ) ;
#1405 = EDGE_CURVE ( 'NONE', #1020, #1009, #965, .T. ) ;
#1406 = ORIENTED_EDGE ( 'NONE', *, *, #1570, .F. ) ;
#1407 = DIRECTION ( 'NONE',  ( 0.000000000000000000, 0.000000000000000000, 1.000000000000000000 ) ) ;
#1408 = ADVANCED_FACE ( 'NONE', ( #352 ), #836, .T. ) ;
#1409 = DIRECTION ( 'NONE',  ( -0.000000000000000000, 0.000000000000000000, -1.000000000000000000 ) ) ;
#1410 = ORIENTED_EDGE ( 'NONE', *, *, #1567, .F. ) ;
#1411 = ORIENTED_EDGE ( 'NONE', *, *, #1205, .T. ) ;
#1412 = CARTESIAN_POINT ( 'NONE',  ( 14.49999999999998579, 14.00000000000000533, 14.00000000000000000 ) ) ;
#1413 = DIRECTION ( 'NONE',  ( -1.387778780781452578E-15, 1.000000000000000000, -0.000000000000000000 ) ) ;
#1414 = FACE_BOUND ( 'NONE', #68, .T. ) ;
#1415 = ORIENTED_EDGE ( 'NONE', *, *, #562, .F. ) ;
#1416 = CIRCLE ( 'NONE', #708, 1.000000000000000888 ) ;
#1417 = ORIENTED_EDGE ( 'NONE', *, *, #184, .F. ) ;
#1418 = ORIENTED_EDGE ( 'NONE', *, *, #1267, .F. ) ;
#1419 = PLANE ( 'NONE',  #221 ) ;
#1420 = ADVANCED_FACE ( 'NONE', ( #362, #727 ), #1224, .T. ) ;
#1421 = DIRECTION ( 'NONE',  ( -1.000000000000000000, 0.000000000000000000, 0.000000000000000000 ) ) ;
#1422 = DIRECTION ( 'NONE',  ( -5.337610695313252371E-16, 1.000000000000000000, -0.000000000000000000 ) ) ;
#1423 = ORIENTED_EDGE ( 'NONE', *, *, #1588, .F. ) ;
#1424 = APPROVAL_ROLE ( '' ) ;
#1425 = VERTEX_POINT ( 'NONE', #1287 ) ;
#1426 = VERTEX_POINT ( 'NONE', #425 ) ;
#1427 = CARTESIAN_POINT ( 'NONE',  ( 29.00000000000000355, 12.00000000000000178, 14.00000000000000000 ) ) ;
#1428 = DIRECTION ( 'NONE',  ( -0.000000000000000000, -0.000000000000000000, -1.000000000000000000 ) ) ;
#1429 = VECTOR ( 'NONE', #9, 1000.000000000000000 ) ;
#1430 = EDGE_CURVE ( 'NONE', #545, #1370, #156, .T. ) ;
#1431 = FACE_OUTER_BOUND ( 'NONE', #157, .T. ) ;
#1432 = PERSON_AND_ORGANIZATION_ROLE ( 'design_owner' ) ;
#1433 = ADVANCED_FACE ( 'NONE', ( #1414, #899 ), #1399, .F. ) ;
#1434 = VERTEX_POINT ( 'NONE', #1295 ) ;
#1435 = VERTEX_POINT ( 'NONE', #1140 ) ;
#1436 = DIRECTION ( 'NONE',  ( 0.000000000000000000, 0.000000000000000000, -1.000000000000000000 ) ) ;
#1437 = DIRECTION ( 'NONE',  ( 1.000000000000000000, 0.000000000000000000, 0.000000000000000000 ) ) ;
#1438 = FACE_OUTER_BOUND ( 'NONE', #539, .T. ) ;
#1439 = PERSON_AND_ORGANIZATION ( #357, #1471 ) ;
#1440 = CLOSED_SHELL ( 'NONE', ( #942, #15, #546, #401, #486, #1014, #1420, #986 ) ) ;
#1441 = ORIENTED_EDGE ( 'NONE', *, *, #585, .F. ) ;
#1442 = CARTESIAN_POINT ( 'NONE',  ( -1.055636936676339079E-16, 16.00000000000000000, 0.000000000000000000 ) ) ;
#1443 = CARTESIAN_POINT ( 'NONE',  ( 0.000000000000000000, 16.00000000000000000, 14.00000000000000000 ) ) ;
#1444 = APPROVAL_STATUS ( 'not_yet_approved' ) ;
#1445 = EDGE_CURVE ( 'NONE', #198, #187, #1531, .T. ) ;
#1446 = DIRECTION ( 'NONE',  ( 0.000000000000000000, 0.000000000000000000, 1.000000000000000000 ) ) ;
#1447 = ADVANCED_FACE ( 'NONE', ( #1538 ), #648, .T. ) ;
#1448 = ADVANCED_FACE ( 'NONE', ( #883 ), #172, .F. ) ;
#1449 = AXIS2_PLACEMENT_3D ( 'NONE', #275, #1514, #1536 ) ;
#1450 = VECTOR ( 'NONE', #1481, 1000.000000000000000 ) ;
#1451 = CARTESIAN_POINT ( 'NONE',  ( 60.00000000000000711, 18.99999999999998934, 14.00000000000000000 ) ) ;
#1452 = DIRECTION ( 'NONE',  ( 1.000000000000000000, 3.518789788921131289E-17, 0.000000000000000000 ) ) ;
#1453 = DIRECTION ( 'NONE',  ( 0.000000000000000000, 0.000000000000000000, 1.000000000000000000 ) ) ;
#1454 = CARTESIAN_POINT ( 'NONE',  ( 2.449293598294673874E-17, 13.00000000000000178, 0.000000000000000000 ) ) ;
#1455 = AXIS2_PLACEMENT_3D ( 'NONE', #1478, #1255, #1375 ) ;
#1456 = FACE_OUTER_BOUND ( 'NONE', #1542, .T. ) ;
#1457 = CARTESIAN_POINT ( 'NONE',  ( 14.99999999999999822, 26.00000000000000355, 0.000000000000000000 ) ) ;
#1458 = DIRECTION ( 'NONE',  ( 1.000000000000000000, 1.734723475976808080E-16, 0.000000000000000000 ) ) ;
#1459 = EDGE_LOOP ( 'NONE', ( #1548, #692, #541, #1524 ) ) ;
#1460 = DIRECTION ( 'NONE',  ( 1.000000000000000000, 3.518789788921131289E-17, 0.000000000000000000 ) ) ;
#1461 = CARTESIAN_POINT ( 'NONE',  ( -10.00000000000000000, 16.00000000000000000, 1.999999999999999112 ) ) ;
#1462 = AXIS2_PLACEMENT_3D ( 'NONE', #816, #461, #945 ) ;
#1463 = PLANE ( 'NONE',  #132 ) ;
#1464 = DIRECTION ( 'NONE',  ( 1.000000000000000000, 0.000000000000000000, 0.000000000000000000 ) ) ;
#1465 = EDGE_CURVE ( 'NONE', #1179, #999, #285, .T. ) ;
#1466 = EDGE_CURVE ( 'NONE', #273, #797, #47, .T. ) ;
#1467 = CYLINDRICAL_SURFACE ( 'NONE', #74, 2.000000000000000000 ) ;
#1468 = DIRECTION ( 'NONE',  ( -1.000000000000000000, 0.000000000000000000, -0.000000000000000000 ) ) ;
#1469 = ORIENTED_EDGE ( 'NONE', *, *, #722, .T. ) ;
#1470 = DIRECTION ( 'NONE',  ( 1.000000000000000000, -0.000000000000000000, 1.301042606982605321E-16 ) ) ;
#1471 = ORGANIZATION ( 'UNSPECIFIED', 'UNSPECIFIED', '' ) ;
#1472 = DIRECTION ( 'NONE',  ( -1.000000000000000000, -0.000000000000000000, -0.000000000000000000 ) ) ;
#1473 = VECTOR ( 'NONE', #1413, 1000.000000000000000 ) ;
#1474 = LINE ( 'NONE', #850, #1218 ) ;
#1475 = CARTESIAN_POINT ( 'NONE',  ( 48.49999999999999289, 18.99999999999998224, 14.00000000000000000 ) ) ;
#1476 = VECTOR ( 'NONE', #247, 1000.000000000000000 ) ;
#1477 = LINE ( 'NONE', #1121, #178 ) ;
#1478 = CARTESIAN_POINT ( 'NONE',  ( 43.50000000000000711, 19.00000000000000711, 14.00000000000000000 ) ) ;
#1479 = ORIENTED_EDGE ( 'NONE', *, *, #1587, .F. ) ;
#1480 = CARTESIAN_POINT ( 'NONE',  ( 33.50000000000000000, 13.00000000000000355, 7.000000000000000000 ) ) ;
#1481 = DIRECTION ( 'NONE',  ( -1.000000000000000000, -1.734723475976808080E-16, -0.000000000000000000 ) ) ;
#1482 = EDGE_CURVE ( 'NONE', #1125, #372, #668, .T. ) ;
#1483 = VECTOR ( 'NONE', #255, 1000.000000000000000 ) ;
#1484 = CARTESIAN_POINT ( 'NONE',  ( 60.00000000000000711, 18.99999999999998934, 14.00000000000000000 ) ) ;
#1485 = DIRECTION ( 'NONE',  ( 1.000000000000000000, -0.000000000000000000, 1.301042606982605321E-16 ) ) ;
#1486 = CARTESIAN_POINT ( 'NONE',  ( 0.000000000000000000, 16.00000000000000000, 14.00000000000000000 ) ) ;
#1487 = PLANE ( 'NONE',  #1197 ) ;
#1488 = ORIENTED_EDGE ( 'NONE', *, *, #1105, .F. ) ;
#1489 = DIRECTION ( 'NONE',  ( 1.734723475976806848E-16, -0.000000000000000000, -1.000000000000000000 ) ) ;
#1490 = VERTEX_POINT ( 'NONE', #771 ) ;
#1491 = DIRECTION ( 'NONE',  ( 3.518789788921131289E-17, -1.000000000000000000, 0.000000000000000000 ) ) ;
#1492 = VERTEX_POINT ( 'NONE', #1154 ) ;
#1493 = DIRECTION ( 'NONE',  ( 1.000000000000000000, 0.000000000000000000, 0.000000000000000000 ) ) ;
#1494 = VECTOR ( 'NONE', #828, 1000.000000000000000 ) ;
#1495 = DIRECTION ( 'NONE',  ( 0.000000000000000000, 0.000000000000000000, 1.000000000000000000 ) ) ;
#1496 = CARTESIAN_POINT ( 'NONE',  ( 60.00000000000001421, 14.00000000000001421, 14.00000000000000000 ) ) ;
#1497 = CARTESIAN_POINT ( 'NONE',  ( -4.574426725597470491E-16, 13.00000000000000178, 2.000000000000000444 ) ) ;
#1498 = ORIENTED_EDGE ( 'NONE', *, *, #755, .F. ) ;
#1499 = CARTESIAN_POINT ( 'NONE',  ( 16.23205080756887853, 13.00000000000000178, 14.00000000000000000 ) ) ;
#1500 = ORIENTED_EDGE ( 'NONE', *, *, #1445, .T. ) ;
#1501 = LINE ( 'NONE', #1358, #695 ) ;
#1502 = EDGE_CURVE ( 'NONE', #482, #443, #434, .T. ) ;
#1503 = AXIS2_PLACEMENT_3D ( 'NONE', #939, #1453, #1070 ) ;
#1504 = EDGE_CURVE ( 'NONE', #758, #1394, #1385, .T. ) ;
#1505 = ORIENTED_EDGE ( 'NONE', *, *, #458, .T. ) ;
#1506 = CARTESIAN_POINT ( 'NONE',  ( 45.50000000000000711, 18.99999999999999289, 0.000000000000000000 ) ) ;
#1507 = VECTOR ( 'NONE', #487, 1000.000000000000000 ) ;
#1508 = FACE_OUTER_BOUND ( 'NONE', #1299, .T. ) ;
#1509 = ORIENTED_EDGE ( 'NONE', *, *, #37, .F. ) ;
#1510 = CARTESIAN_POINT ( 'NONE',  ( 50.50000000000000711, 21.00000000000000355, 14.00000000000000000 ) ) ;
#1511 = ORIENTED_EDGE ( 'NONE', *, *, #1194, .T. ) ;
#1512 = VECTOR ( 'NONE', #636, 1000.000000000000000 ) ;
#1513 = ORIENTED_EDGE ( 'NONE', *, *, #278, .T. ) ;
#1514 = DIRECTION ( 'NONE',  ( -0.000000000000000000, -0.000000000000000000, -1.000000000000000000 ) ) ;
#1515 = AXIS2_PLACEMENT_3D ( 'NONE', #1346, #110, #1600 ) ;
#1516 = CARTESIAN_POINT ( 'NONE',  ( 34.00000000000000000, 18.99999999999998934, 14.00000000000000000 ) ) ;
#1517 = ORIENTED_EDGE ( 'NONE', *, *, #699, .T. ) ;
#1518 = EDGE_LOOP ( 'NONE', ( #1051, #1488, #28, #1511 ) ) ;
#1519 = ORIENTED_EDGE ( 'NONE', *, *, #1229, .F. ) ;
#1520 = ADVANCED_BREP_SHAPE_REPRESENTATION ( 'Upper Main Body Cutted', ( #1239, #1206, #677, #1503 ), #901 ) ;
#1521 = LINE ( 'NONE', #1292, #294 ) ;
#1522 = ADVANCED_FACE ( 'NONE', ( #1005 ), #1030, .T. ) ;
#1523 = CARTESIAN_POINT ( 'NONE',  ( 21.50000000000001066, 14.00000000000000533, 0.000000000000000000 ) ) ;
#1524 = ORIENTED_EDGE ( 'NONE', *, *, #722, .F. ) ;
#1525 = CIRCLE ( 'NONE', #814, 2.000000000000000000 ) ;
#1526 = EDGE_CURVE ( 'NONE', #1425, #865, #402, .T. ) ;
#1527 = VERTEX_POINT ( 'NONE', #55 ) ;
#1528 = VERTEX_POINT ( 'NONE', #796 ) ;
#1529 = EDGE_CURVE ( 'NONE', #163, #281, #1162, .T. ) ;
#1530 = DIRECTION ( 'NONE',  ( -1.000000000000000000, 2.312964634635751339E-16, -0.000000000000000000 ) ) ;
#1531 = LINE ( 'NONE', #276, #691 ) ;
#1532 = ORIENTED_EDGE ( 'NONE', *, *, #1353, .F. ) ;
#1533 = ORIENTED_EDGE ( 'NONE', *, *, #1588, .T. ) ;
#1534 = AXIS2_PLACEMENT_3D ( 'NONE', #1454, #1585, #477 ) ;
#1535 = VERTEX_POINT ( 'NONE', #675 ) ;
#1536 = DIRECTION ( 'NONE',  ( -1.000000000000000000, 0.000000000000000000, 0.000000000000000000 ) ) ;
#1537 = CYLINDRICAL_SURFACE ( 'NONE', #449, 1.999999999999998224 ) ;
#1538 = FACE_OUTER_BOUND ( 'NONE', #73, .T. ) ;
#1539 = CIRCLE ( 'NONE', #274, 1.000000000000000888 ) ;
#1540 = ORIENTED_EDGE ( 'NONE', *, *, #1163, .F. ) ;
#1541 = ORIENTED_EDGE ( 'NONE', *, *, #291, .T. ) ;
#1542 = EDGE_LOOP ( 'NONE', ( #1389, #1164, #1183, #406 ) ) ;
#1543 = DIRECTION ( 'NONE',  ( 0.000000000000000000, 0.000000000000000000, -1.000000000000000000 ) ) ;
#1544 = FACE_OUTER_BOUND ( 'NONE', #1225, .T. ) ;
#1545 = CARTESIAN_POINT ( 'NONE',  ( 6.999999999999999112, 12.00000000000000711, 0.000000000000000000 ) ) ;
#1546 = ORIENTED_EDGE ( 'NONE', *, *, #527, .T. ) ;
#1547 = AXIS2_PLACEMENT_3D ( 'NONE', #951, #1563, #1091 ) ;
#1548 = ORIENTED_EDGE ( 'NONE', *, *, #818, .F. ) ;
#1549 = VERTEX_POINT ( 'NONE', #522 ) ;
#1550 = DIRECTION ( 'NONE',  ( 1.000000000000000000, 3.518789788921131289E-17, 0.000000000000000000 ) ) ;
#1551 = ADVANCED_FACE ( 'NONE', ( #1508 ), #764, .T. ) ;
#1552 = DESIGN_CONTEXT ( 'detailed design', #39, 'design' ) ;
#1553 = VECTOR ( 'NONE', #790, 1000.000000000000000 ) ;
#1554 = CARTESIAN_POINT ( 'NONE',  ( 36.00000000000000711, 19.00000000000000711, 0.000000000000000000 ) ) ;
#1555 =( NAMED_UNIT ( * ) PLANE_ANGLE_UNIT ( ) SI_UNIT ( $, .RADIAN. ) );
#1556 = EDGE_LOOP ( 'NONE', ( #646, #437, #1411, #669 ) ) ;
#1557 = APPLICATION_PROTOCOL_DEFINITION ( 'international standard', 'config_control_design', 1994, #39 ) ;
#1558 = AXIS2_PLACEMENT_3D ( 'NONE', #650, #440, #566 ) ;
#1559 = ORIENTED_EDGE ( 'NONE', *, *, #789, .F. ) ;
#1560 = VERTEX_POINT ( 'NONE', #683 ) ;
#1561 = LINE ( 'NONE', #558, #1507 ) ;
#1562 = DIRECTION ( 'NONE',  ( 1.000000000000000000, 4.625929269271502677E-16, 0.000000000000000000 ) ) ;
#1563 = DIRECTION ( 'NONE',  ( 3.518789788921131289E-17, -1.000000000000000000, 0.000000000000000000 ) ) ;
#1564 = SECURITY_CLASSIFICATION_LEVEL ( 'unclassified' ) ;
#1565 = VERTEX_POINT ( 'NONE', #322 ) ;
#1566 = LINE ( 'NONE', #1360, #1512 ) ;
#1567 = EDGE_CURVE ( 'NONE', #875, #1072, #315, .T. ) ;
#1568 = EDGE_CURVE ( 'NONE', #1370, #36, #840, .T. ) ;
#1569 = CARTESIAN_POINT ( 'NONE',  ( -4.574426725597470491E-16, 13.00000000000000178, 0.000000000000000000 ) ) ;
#1570 = EDGE_CURVE ( 'NONE', #297, #1528, #1189, .T. ) ;
#1571 = AXIS2_PLACEMENT_3D ( 'NONE', #628, #994, #873 ) ;
#1572 = EDGE_CURVE ( 'NONE', #1001, #1263, #1077, .T. ) ;
#1573 = CARTESIAN_POINT ( 'NONE',  ( 75.00000000000000000, 16.00000000000000355, 2.000000000000000000 ) ) ;
#1574 = VECTOR ( 'NONE', #923, 1000.000000000000000 ) ;
#1575 = DIRECTION ( 'NONE',  ( -1.000000000000000000, 0.000000000000000000, 0.000000000000000000 ) ) ;
#1576 = DATE_TIME_ROLE ( 'classification_date' ) ;
#1577 = DIRECTION ( 'NONE',  ( 1.000000000000000000, 0.000000000000000000, 0.000000000000000000 ) ) ;
#1578 = CIRCLE ( 'NONE', #694, 2.000000000000001776 ) ;
#1579 = VECTOR ( 'NONE', #124, 1000.000000000000000 ) ;
#1580 = FACE_BOUND ( 'NONE', #1388, .T. ) ;
#1581 = CARTESIAN_POINT ( 'NONE',  ( 0.000000000000000000, 16.00000000000000000, 0.000000000000000000 ) ) ;
#1582 = PERSON_AND_ORGANIZATION_ROLE ( 'design_supplier' ) ;
#1583 = VERTEX_POINT ( 'NONE', #937 ) ;
#1584 = CARTESIAN_POINT ( 'NONE',  ( -5.999999999999999112, 13.00000000000000178, 6.999999999999999112 ) ) ;
#1585 = DIRECTION ( 'NONE',  ( -3.518789788921131289E-17, 1.000000000000000000, 0.000000000000000000 ) ) ;
#1586 = CIRCLE ( 'NONE', #375, 2.000000000000001776 ) ;
#1587 = EDGE_CURVE ( 'NONE', #493, #1395, #330, .T. ) ;
#1588 = EDGE_CURVE ( 'NONE', #877, #797, #1047, .T. ) ;
#1589 = DIRECTION ( 'NONE',  ( -0.000000000000000000, -0.000000000000000000, -1.000000000000000000 ) ) ;
#1590 = DIRECTION ( 'NONE',  ( -0.000000000000000000, -0.000000000000000000, -1.000000000000000000 ) ) ;
#1591 = CARTESIAN_POINT ( 'NONE',  ( -1.787653165374733770E-15, 16.00000000000000000, 11.99999999999999822 ) ) ;
#1592 = DIRECTION ( 'NONE',  ( 3.518789788921131289E-17, -1.000000000000000000, 0.000000000000000000 ) ) ;
#1593 = EDGE_LOOP ( 'NONE', ( #1509, #1410, #435, #1011 ) ) ;
#1594 = CARTESIAN_POINT ( 'NONE',  ( -3.999999999999999112, 16.00000000000000000, 6.999999999999999112 ) ) ;
#1595 = CARTESIAN_POINT ( 'NONE',  ( 43.49999999999999289, 21.00000000000000711, 14.00000000000000000 ) ) ;
#1596 = CLOSED_SHELL ( 'NONE', ( #1087, #905, #776, #1381, #1408, #1433, #257, #982 ) ) ;
#1597 = LINE ( 'NONE', #841, #1033 ) ;
#1598 = CARTESIAN_POINT ( 'NONE',  ( -1.787653165374733770E-15, 16.00000000000000000, 11.99999999999999822 ) ) ;
#1599 = PLANE ( 'NONE',  #415 ) ;
#1600 = DIRECTION ( 'NONE',  ( 1.000000000000000000, 0.000000000000000000, 0.000000000000000000 ) ) ;
#1601 = ORIENTED_EDGE ( 'NONE', *, *, #89, .T. ) ;
#1602 = EDGE_CURVE ( 'NONE', #865, #1492, #812, .T. ) ;
#1603 = DIRECTION ( 'NONE',  ( -0.000000000000000000, -0.000000000000000000, -1.000000000000000000 ) ) ;
#1604 = VECTOR ( 'NONE', #1023, 1000.000000000000000 ) ;
#1605 = DIRECTION ( 'NONE',  ( 3.518789788921131289E-17, -1.000000000000000000, -0.000000000000000000 ) ) ;
#1606 = DIRECTION ( 'NONE',  ( 0.000000000000000000, 0.000000000000000000, 1.000000000000000000 ) ) ;
#1607 = DIRECTION ( 'NONE',  ( 0.000000000000000000, 0.000000000000000000, 1.000000000000000000 ) ) ;
#1608 = AXIS2_PLACEMENT_3D ( 'NONE', #22, #1607, #971 ) ;
ENDSEC;
END-ISO-10303-21;
